education,branch,skills,interests,career_goal,experience,recommended_career
Undergraduate,Business/BBA,"Leadership,Business Strategy,Marketing,Product Management,Project Management,Public Speaking",Business,Marketing Manager,"2 projects, 1 internships",Product Manager
Undergraduate,Law/LLB,"Technical Writing,Leadership,Public Speaking,Law,Constitutional Law","Social Impact,Government Jobs",Criminal Defense Lawyer,"1 projects, 0 internships",Corporate Lawyer
Undergraduate,Law/LLB,"Negotiation,Communication,Law,Constitutional Law",Government Jobs,Criminal Defense Lawyer,"0 projects, 0 internships",Corporate Lawyer
Undergraduate,Business/BBA,"Sales,SEO,Project Management,Marketing,Leadership,Public Speaking",Media,Marketing Manager,"0 projects, 1 internships",Product Manager
Undergraduate,Science/B.Sc,"Python,Data Analytics,Statistics,Mathematics,NumPy,Data Visualization",Business,Actuarial Analyst,"2 projects, 0 internships",Data Analyst
Undergraduate,Commerce/B.Com,"Financial Accounting,Economics,Time Management,Data Analytics,Taxation","Government Jobs,Business,Finance",Chartered Accountant,"2 projects, 0 internships",Chartered Accountant
Undergraduate,Electronics & Communication,"Mathematics,Data Structures,Figma,Python",Engineering,VLSI Design Engineer,"1 projects, 0 internships",Embedded Systems Engineer
Undergraduate,Business/BBA,"Product Management,Project Management,Business Strategy,SEO,Communication,Sales","Business,Management",Product Manager,"1 projects, 1 internships",Product Manager
Class 12,PCM Stream,"Physics Lab,Python,Communication,Mathematics,Writing,Chemistry Lab",Defence,Defense Officer (Army/Navy/Air Force),"2 projects, 1 internships",Civil Servant (IAS/IPS)
Undergraduate,Science/B.Sc,"Mathematics,Data Analytics,SQL","Finance,Business",Financial Risk Analyst,"2 projects, 0 internships",Data Analyst
Undergraduate,Commerce/B.Com,"Data Analytics,Economics,Problem Solving,Scrum,Time Management","Finance,Business,Government Jobs",Investment Banker,"0 projects, 0 internships",Chartered Accountant
Undergraduate,Commerce/B.Com,"Problem Solving,Economics,Time Management,Financial Accounting,Scrum","Government Jobs,Finance,Business",Chartered Accountant,"2 projects, 0 internships",Chartered Accountant
Undergraduate,Computer Science,"CSS,HTML,JavaScript,React,C++,Node.js","Business,AI/ML,Technology",AI/ML Engineer,"0 projects, 1 internships",Software Engineer
Undergraduate,Commerce/B.Com,"Communication,Problem Solving,Taxation","Finance,Business",Chartered Accountant,"1 projects, 0 internships",Chartered Accountant
Undergraduate,Computer Science,"Python,JavaScript,Git","Business,AI/ML",AI/ML Engineer,"0 projects, 0 internships",Software Engineer
Undergraduate,Science/B.Sc,"Mathematics,Statistics,Python,Data Visualization","Research,Business",Financial Risk Analyst,"1 projects, 0 internships",Data Analyst
Undergraduate,Electronics & Communication,"Linear Algebra,AWS,Python,Physics Lab,Figma,Mathematics","Engineering,Research",Embedded Systems Engineer,"0 projects, 1 internships",Embedded Systems Engineer
Undergraduate,Science/B.Sc,"Mathematics,Statistics,Pandas,Communication,NumPy","Business,Research,Technology",Data Scientist,"1 projects, 0 internships",Data Analyst
Undergraduate,Electronics & Communication,"Physics Lab,Linear Algebra,C++,Data Structures,Python,Figma","Engineering,Research,Technology",VLSI Design Engineer,"0 projects, 1 internships",Embedded Systems Engineer
Class 12,PCM Stream,"Mathematics,Problem Solving,Writing,Communication",Engineering,High School Physics Teacher,"0 projects, 1 internships",Civil Servant (IAS/IPS)
Undergraduate,Electronics & Communication,"Data Structures,Python,Linear Algebra,Mathematics,AWS,Figma",Engineering,IoT Systems Architect,"1 projects, 1 internships",Embedded Systems Engineer
Undergraduate,Commerce/B.Com,"Scrum,Economics,Time Management,Communication,Problem Solving","Government Jobs,Finance",Financial Consultant,"2 projects, 0 internships",Chartered Accountant
Undergraduate,Electronics & Communication,"C++,Data Structures,Kubernetes,Docker",Technology,VLSI Design Engineer,"1 projects, 1 internships",Embedded Systems Engineer
Undergraduate,Science/B.Sc,"Pandas,Data Analytics,Statistics,SQL,Mathematics","Technology,Finance",Data Analyst,"1 projects, 0 internships",Data Analyst
Undergraduate,Law/LLB,"Technical Writing,Law,Leadership,Constitutional Law,Public Speaking,Communication","Law,Government Jobs",Patent Attorney,"1 projects, 1 internships",Corporate Lawyer
Undergraduate,Commerce/B.Com,"Data Analytics,SQL,Problem Solving","Finance,Government Jobs,Business",Investment Banker,"2 projects, 1 internships",Chartered Accountant
Undergraduate,Business/BBA,"Public Speaking,Project Management,Product Management,Marketing,SEO","Entrepreneurship,Media",Product Manager,"2 projects, 1 internships",Product Manager
Undergraduate,Commerce/B.Com,"Problem Solving,Time Management,Taxation,Financial Accounting","Finance,Government Jobs,Business",Chartered Accountant,"1 projects, 0 internships",Chartered Accountant
Undergraduate,Law/LLB,"Constitutional Law,Negotiation,Leadership,Legal Writing,Technical Writing",Government Jobs,Corporate Lawyer,"1 projects, 0 internships",Corporate Lawyer
Undergraduate,Business/BBA,"Sales,SEO,Project Management,Business Strategy,Product Management,Communication","Media,Management",Marketing Manager,"1 projects, 0 internships",Product Manager
Class 12,PCM Stream,"Writing,Communication,Python,Physics Lab","Engineering,Government Jobs,Defence",Research Scientist,"0 projects, 1 internships",Civil Servant (IAS/IPS)
Class 12,PCM Stream,"Physics Lab,Mathematics,Communication,Python,Chemistry Lab",Research,Civil Servant (IAS/IPS),"2 projects, 0 internships",Civil Servant (IAS/IPS)
Undergraduate,Commerce/B.Com,"Economics,Time Management,Data Analytics,SQL","Government Jobs,Finance",Chartered Accountant,"2 projects, 0 internships",Chartered Accountant
Undergraduate,Commerce/B.Com,"Communication,Problem Solving,Scrum,Time Management,SQL,Economics","Government Jobs,Business",Investment Banker,"1 projects, 0 internships",Chartered Accountant
Class 12,PCM Stream,"Writing,Python,Communication,Mathematics,Problem Solving,Physics Lab","Engineering,Government Jobs,Defence",Research Scientist,"0 projects, 1 internships",Civil Servant (IAS/IPS)
Undergraduate,Commerce/B.Com,"Economics,SQL,Scrum",Government Jobs,Unknown Career,"1 projects, 0 internships",Chartered Accountant
Undergraduate,Business/BBA,"Communication,Leadership,SEO,Business Strategy,Sales,Project Management","Business,Management,Media",Management Consultant,"0 projects, 0 internships",Product Manager
Undergraduate,Electronics & Communication,"Docker,Data Structures,Physics Lab,Figma,AWS,Python",Technology,VLSI Design Engineer,"2 projects, 0 internships",Embedded Systems Engineer
Undergraduate,Electronics & Communication,"Data Structures,Python,Physics Lab",Engineering,Embedded Systems Engineer,"0 projects, 0 internships",Embedded Systems Engineer
Undergraduate,Computer Science,"C++,Algorithms,CSS,Data Structures","AI/ML,Technology,Business",Data Scientist,"1 projects, 0 internships",Software Engineer
Undergraduate,Commerce/B.Com,"Communication,Problem Solving,Economics","Finance,Business,Government Jobs",Unknown Career,"2 projects, 1 internships",Chartered Accountant
Undergraduate,Commerce/B.Com,"SQL,Problem Solving,Taxation","Business,Government Jobs",Investment Banker,"1 projects, 0 internships",Chartered Accountant
Undergraduate,Computer Science,"CSS,Java,C++","AI/ML,Business",Software Engineer,"0 projects, 1 internships",Software Engineer
Undergraduate,Commerce/B.Com,"Economics,Financial Accounting,SQL,Communication,Taxation,Scrum","Finance,Government Jobs,Business",Financial Consultant,"2 projects, 0 internships",Chartered Accountant
Undergraduate,Commerce/B.Com,"Data Analytics,Economics,Problem Solving,Taxation,SQL,Communication","Business,Finance,Government Jobs",Financial Consultant,"1 projects, 0 internships",Chartered Accountant
Undergraduate,Commerce/B.Com,"Data Analytics,Scrum,Financial Accounting,Problem Solving,Communication","Finance,Business,Government Jobs",Chartered Accountant,"0 projects, 1 internships",Chartered Accountant
Undergraduate,Electronics & Communication,"AWS,Python,Docker,Kubernetes,Linear Algebra,Physics Lab",Research,Network Security Engineer,"2 projects, 0 internships",Embedded Systems Engineer
Undergraduate,Computer Science,"Java,Python,SQL,REST APIs,HTML,JavaScript","AI/ML,Business,Technology",Cloud Architect,"2 projects, 1 internships",Software Engineer
Undergraduate,Electronics & Communication,"Kubernetes,Python,Figma","Engineering,Research",Embedded Systems Engineer,"2 projects, 1 internships",Embedded Systems Engineer
Undergraduate,Electronics & Communication,"Physics Lab,AWS,C++,Mathematics,Docker",Research,Network Security Engineer,"2 projects, 1 internships",Embedded Systems Engineer
Undergraduate,Business/BBA,"Marketing,SEO,Business Strategy,Product Management,Public Speaking,Project Management",Media,Brand Strategist,"2 projects, 1 internships",Product Manager
Undergraduate,Science/B.Sc,"Python,Pandas,Communication,SQL,Data Analytics","Finance,Research",Financial Risk Analyst,"2 projects, 0 internships",Data Analyst
Class 12,PCM Stream,"Mathematics,Communication,Chemistry Lab,Problem Solving","Government Jobs,Research",Research Scientist,"0 projects, 1 internships",Civil Servant (IAS/IPS)
Undergraduate,Law/LLB,"Leadership,Public Speaking,Constitutional Law,Negotiation,Communication,Law","Government Jobs,Law,Social Impact",Criminal Defense Lawyer,"1 projects, 0 internships",Corporate Lawyer
Undergraduate,Law/LLB,"Technical Writing,Negotiation,Communication","Law,Social Impact,Government Jobs",Criminal Defense Lawyer,"0 projects, 0 internships",Corporate Lawyer
Undergraduate,Electronics & Communication,"Python,Docker,Kubernetes","Engineering,Technology,Research",Network Security Engineer,"1 projects, 0 internships",Embedded Systems Engineer
Undergraduate,Law/LLB,"Public Speaking,Communication,Law,Leadership,Constitutional Law,Technical Writing",Government Jobs,Criminal Defense Lawyer,"2 projects, 0 internships",Corporate Lawyer
Undergraduate,Law/LLB,"Constitutional Law,Negotiation,Law","Law,Government Jobs,Social Impact",Criminal Defense Lawyer,"0 projects, 0 internships",Corporate Lawyer
Undergraduate,Computer Science,"SQL,HTML,REST APIs",Business,DevOps Engineer,"1 projects, 0 internships",Software Engineer
Class 12,PCM Stream,"Physics Lab,Chemistry Lab,Mathematics,Problem Solving","Defence,Government Jobs,Research",Research Scientist,"0 projects, 0 internships",Civil Servant (IAS/IPS)
Undergraduate,Science/B.Sc,"Data Visualization,Data Analytics,Pandas,Statistics,SQL,NumPy","Finance,Technology,Business",Data Scientist,"1 projects, 1 internships",Data Analyst
Undergraduate,Computer Science,"Data Structures,React,Algorithms,HTML,Node.js,REST APIs","Business,Technology,AI/ML",AI/ML Engineer,"1 projects, 1 internships",Software Engineer
Undergraduate,Business/BBA,"Sales,Marketing,Communication,Project Management","Entrepreneurship,Management",Product Manager,"1 projects, 0 internships",Product Manager
Undergraduate,Law/LLB,"Legal Writing,Technical Writing,Communication","Government Jobs,Social Impact",Public Prosecutor,"1 projects, 1 internships",Corporate Lawyer
Class 12,PCM Stream,"Communication,Chemistry Lab,Mathematics,Problem Solving","Engineering,Defence",Civil Servant (IAS/IPS),"2 projects, 1 internships",Civil Servant (IAS/IPS)
Class 12,PCM Stream,"Problem Solving,Writing,Python,Physics Lab,Mathematics,Communication",Research,High School Physics Teacher,"2 projects, 0 internships",Civil Servant (IAS/IPS)
Undergraduate,Business/BBA,"SEO,Leadership,Product Management,Business Strategy,Public Speaking","Entrepreneurship,Business,Management",Marketing Manager,"1 projects, 1 internships",Product Manager
Undergraduate,Computer Science,"Python,SQL,JavaScript,Node.js,Data Structures","Business,AI/ML",Cloud Architect,"1 projects, 0 internships",Software Engineer
Undergraduate,Law/LLB,"Communication,Constitutional Law,Legal Writing","Government Jobs,Social Impact",Public Prosecutor,"1 projects, 0 internships",Corporate Lawyer
Undergraduate,Electronics & Communication,"Mathematics,Kubernetes,Physics Lab,Python,C++","Engineering,Technology",VLSI Design Engineer,"2 projects, 0 internships",Embedded Systems Engineer
Undergraduate,Business/BBA,"Sales,Public Speaking,Product Management",Business,Product Manager,"2 projects, 0 internships",Product Manager
Undergraduate,Science/B.Sc,"Mathematics,Communication,Pandas","Finance,Business,Research",Financial Risk Analyst,"2 projects, 0 internships",Data Analyst
Undergraduate,Law/LLB,"Leadership,Public Speaking,Negotiation,Law,Technical Writing,Communication","Social Impact,Government Jobs,Law",Corporate Lawyer,"2 projects, 0 internships",Corporate Lawyer
Undergraduate,Commerce/B.Com,"Economics,Financial Accounting,Taxation",Finance,Financial Consultant,"1 projects, 0 internships",Chartered Accountant
Undergraduate,Electronics & Communication,"Data Structures,Mathematics,Figma","Technology,Research",VLSI Design Engineer,"0 projects, 0 internships",Embedded Systems Engineer
Undergraduate,Law/LLB,"Negotiation,Technical Writing,Constitutional Law,Leadership","Social Impact,Law,Government Jobs",Public Prosecutor,"0 projects, 1 internships",Corporate Lawyer
Undergraduate,Law/LLB,"Law,Legal Writing,Technical Writing","Government Jobs,Social Impact",Patent Attorney,"1 projects, 1 internships",Corporate Lawyer
Undergraduate,Commerce/B.Com,"Time Management,Taxation,Financial Accounting,Economics","Finance,Government Jobs",Investment Banker,"1 projects, 1 internships",Chartered Accountant
Undergraduate,Computer Science,"CSS,Git,JavaScript,Data Structures","AI/ML,Technology",Cloud Architect,"1 projects, 0 internships",Software Engineer
Undergraduate,Science/B.Sc,"Communication,Python,Data Analytics","Finance,Business",Actuarial Analyst,"0 projects, 0 internships",Data Analyst
Undergraduate,Commerce/B.Com,"Economics,SQL,Scrum","Business,Government Jobs,Finance",Financial Consultant,"2 projects, 1 internships",Chartered Accountant
Undergraduate,Science/B.Sc,"Data Visualization,SQL,Mathematics,Communication,Python,Statistics","Technology,Finance",Financial Risk Analyst,"1 projects, 1 internships",Data Analyst
Class 12,PCM Stream,"Python,Mathematics,Physics Lab,Communication,Writing,Problem Solving","Government Jobs,Defence",Civil Servant (IAS/IPS),"1 projects, 0 internships",Civil Servant (IAS/IPS)
Undergraduate,Business/BBA,"Communication,Project Management,Business Strategy,Public Speaking","Media,Entrepreneurship",Brand Strategist,"1 projects, 0 internships",Product Manager
Undergraduate,Science/B.Sc,"SQL,Pandas,Statistics","Finance,Business,Research",Actuarial Analyst,"0 projects, 0 internships",Data Analyst
Undergraduate,Law/LLB,"Technical Writing,Communication,Public Speaking,Legal Writing,Law","Social Impact,Law,Government Jobs",Criminal Defense Lawyer,"2 projects, 0 internships",Corporate Lawyer
Undergraduate,Business/BBA,"Business Strategy,Marketing,SEO,Leadership","Entrepreneurship,Management",Product Manager,"1 projects, 0 internships",Product Manager
Class 12,PCM Stream,"Problem Solving,Mathematics,Communication,Writing,Chemistry Lab",Research,Civil Servant (IAS/IPS),"0 projects, 0 internships",Civil Servant (IAS/IPS)
Undergraduate,Electronics & Communication,"Kubernetes,Mathematics,Python,Linear Algebra,AWS,Data Structures","Technology,Engineering",IoT Systems Architect,"2 projects, 0 internships",Embedded Systems Engineer
Undergraduate,Electronics & Communication,"Docker,Figma,AWS,Data Structures,Physics Lab,Mathematics","Research,Technology",IoT Systems Architect,"0 projects, 0 internships",Embedded Systems Engineer
Undergraduate,Commerce/B.Com,"Problem Solving,Economics,Time Management,SQL,Communication",Government Jobs,Financial Consultant,"0 projects, 0 internships",Chartered Accountant
Undergraduate,Commerce/B.Com,"Financial Accounting,Taxation,Time Management,Scrum,Data Analytics,Economics","Business,Government Jobs",Unknown Career,"1 projects, 0 internships",Chartered Accountant
Undergraduate,Law/LLB,"Negotiation,Technical Writing,Legal Writing",Social Impact,Public Prosecutor,"1 projects, 0 internships",Corporate Lawyer
Undergraduate,Electronics & Communication,"Kubernetes,Python,Physics Lab,AWS,Linear Algebra,Figma","Research,Technology,Engineering",VLSI Design Engineer,"2 projects, 0 internships",Embedded Systems Engineer
Undergraduate,Science/B.Sc,"Data Analytics,SQL,Mathematics","Research,Business",Data Analyst,"2 projects, 1 internships",Data Analyst
Undergraduate,Business/BBA,"SEO,Product Management,Business Strategy,Project Management,Marketing,Communication",Management,Management Consultant,"1 projects, 0 internships",Product Manager
Undergraduate,Law/LLB,"Law,Technical Writing,Legal Writing,Leadership,Constitutional Law","Law,Social Impact,Government Jobs",Corporate Lawyer,"1 projects, 1 internships",Corporate Lawyer
Undergraduate,Law/LLB,"Leadership,Law,Legal Writing,Technical Writing","Law,Social Impact",Patent Attorney,"1 projects, 1 internships",Corporate Lawyer
Undergraduate,Law/LLB,"Technical Writing,Public Speaking,Constitutional Law","Law,Social Impact,Government Jobs",Corporate Lawyer,"2 projects, 1 internships",Corporate Lawyer
Undergraduate,Science/B.Sc,"Data Analytics,Mathematics,Python,Pandas","Finance,Business,Technology",Actuarial Analyst,"0 projects, 1 internships",Data Analyst
Undergraduate,Business/BBA,"Marketing,Leadership,SEO,Communication,Public Speaking",Entrepreneurship,Product Manager,"1 projects, 1 internships",Product Manager
Undergraduate,Commerce/B.Com,"Communication,Time Management,Data Analytics,Problem Solving,SQL","Business,Government Jobs",Financial Consultant,"2 projects, 0 internships",Chartered Accountant
Undergraduate,Computer Science,"JavaScript,HTML,Python","AI/ML,Technology",Data Scientist,"2 projects, 1 internships",Software Engineer
Undergraduate,Science/B.Sc,"SQL,Python,Communication,Statistics,NumPy,Data Analytics","Technology,Business",Data Scientist,"0 projects, 1 internships",Data Analyst
Undergraduate,Electronics & Communication,"Figma,C++,Data Structures,Kubernetes,Linear Algebra,Python","Research,Engineering,Technology",Network Security Engineer,"2 projects, 1 internships",Embedded Systems Engineer
Undergraduate,Business/BBA,"Business Strategy,Communication,Product Management,Sales","Management,Entrepreneurship,Business",Management Consultant,"0 projects, 0 internships",Product Manager
Undergraduate,Business/BBA,"Product Management,Sales,Leadership",Entrepreneurship,Marketing Manager,"2 projects, 1 internships",Product Manager
Undergraduate,Computer Science,"CSS,React,C++,Java,HTML","Technology,Business",Data Scientist,"1 projects, 1 internships",Software Engineer
Undergraduate,Commerce/B.Com,"Problem Solving,Data Analytics,Financial Accounting,Taxation,Time Management,SQL",Government Jobs,Chartered Accountant,"0 projects, 1 internships",Chartered Accountant
Undergraduate,Electronics & Communication,"Kubernetes,Physics Lab,Data Structures,C++,Docker","Engineering,Technology,Research",Network Security Engineer,"2 projects, 1 internships",Embedded Systems Engineer
Undergraduate,Electronics & Communication,"Kubernetes,C++,AWS",Research,Network Security Engineer,"0 projects, 1 internships",Embedded Systems Engineer
Undergraduate,Business/BBA,"Business Strategy,Communication,Leadership,Sales","Business,Entrepreneurship",Management Consultant,"0 projects, 1 internships",Product Manager
Undergraduate,Science/B.Sc,"Python,Data Visualization,Communication,SQL,Statistics,Data Analytics",Business,Financial Risk Analyst,"1 projects, 0 internships",Data Analyst
Undergraduate,Electronics & Communication,"Linear Algebra,Figma,Mathematics,C++,AWS",Technology,VLSI Design Engineer,"2 projects, 0 internships",Embedded Systems Engineer
Undergraduate,Law/LLB,"Constitutional Law,Leadership,Legal Writing,Technical Writing,Negotiation","Law,Government Jobs",Criminal Defense Lawyer,"0 projects, 1 internships",Corporate Lawyer
Undergraduate,Law/LLB,"Law,Legal Writing,Negotiation,Public Speaking,Technical Writing","Law,Government Jobs,Social Impact",Public Prosecutor,"1 projects, 0 internships",Corporate Lawyer
Undergraduate,Science/B.Sc,"Communication,Pandas,Python,Statistics,Mathematics","Business,Research,Technology",Actuarial Analyst,"0 projects, 0 internships",Data Analyst
Undergraduate,Law/LLB,"Legal Writing,Public Speaking,Law","Law,Government Jobs,Social Impact",Criminal Defense Lawyer,"0 projects, 1 internships",Corporate Lawyer
Undergraduate,Computer Science,"Node.js,SQL,Algorithms,Java","AI/ML,Technology",Software Engineer,"0 projects, 1 internships",Software Engineer
Undergraduate,Electronics & Communication,"Data Structures,Linear Algebra,Figma,Physics Lab,C++","Engineering,Research,Technology",VLSI Design Engineer,"0 projects, 1 internships",Embedded Systems Engineer
Undergraduate,Business/BBA,"Business Strategy,Communication,Project Management,SEO","Business,Media,Management",Marketing Manager,"1 projects, 1 internships",Product Manager
Undergraduate,Electronics & Communication,"Docker,Mathematics,Physics Lab,Linear Algebra,C++",Technology,Embedded Systems Engineer,"1 projects, 0 internships",Embedded Systems Engineer
Class 12,PCM Stream,"Mathematics,Communication,Problem Solving,Python","Engineering,Research,Defence",Defense Officer (Army/Navy/Air Force),"1 projects, 1 internships",Civil Servant (IAS/IPS)
Undergraduate,Electronics & Communication,"Figma,Physics Lab,AWS,Docker,Linear Algebra",Research,VLSI Design Engineer,"2 projects, 0 internships",Embedded Systems Engineer
Undergraduate,Commerce/B.Com,"Economics,Time Management,Problem Solving,Financial Accounting,Scrum,SQL",Finance,Chartered Accountant,"0 projects, 0 internships",Chartered Accountant
Undergraduate,Science/B.Sc,"NumPy,Python,Communication,SQL,Statistics,Pandas",Research,Actuarial Analyst,"2 projects, 1 internships",Data Analyst
Undergraduate,Electronics & Communication,"C++,Figma,AWS,Mathematics","Research,Technology",VLSI Design Engineer,"2 projects, 0 internships",Embedded Systems Engineer
Undergraduate,Law/LLB,"Constitutional Law,Law,Legal Writing,Technical Writing,Leadership,Public Speaking","Law,Government Jobs",Corporate Lawyer,"1 projects, 1 internships",Corporate Lawyer
Undergraduate,Business/BBA,"SEO,Business Strategy,Communication",Media,Marketing Manager,"1 projects, 0 internships",Product Manager
Undergraduate,Computer Science,"Node.js,Java,SQL","Technology,Business,AI/ML",AI/ML Engineer,"0 projects, 0 internships",Software Engineer
Undergraduate,Commerce/B.Com,"Taxation,SQL,Economics","Government Jobs,Finance,Business",Chartered Accountant,"2 projects, 0 internships",Chartered Accountant
Undergraduate,Electronics & Communication,"AWS,Linear Algebra,Data Structures","Technology,Research,Engineering",IoT Systems Architect,"0 projects, 1 internships",Embedded Systems Engineer
Class 12,PCM Stream,"Physics Lab,Writing,Chemistry Lab,Python,Mathematics",Engineering,Defense Officer (Army/Navy/Air Force),"0 projects, 1 internships",Civil Servant (IAS/IPS)
Undergraduate,Commerce/B.Com,"Problem Solving,Taxation,Scrum,SQL,Economics,Data Analytics","Government Jobs,Business,Finance",Investment Banker,"2 projects, 0 internships",Chartered Accountant
Undergraduate,Commerce/B.Com,"Data Analytics,Taxation,Communication","Government Jobs,Finance,Business",Unknown Career,"1 projects, 0 internships",Chartered Accountant
Undergraduate,Electronics & Communication,"AWS,Docker,Physics Lab,Linear Algebra,Figma,Mathematics","Engineering,Technology,Research",IoT Systems Architect,"1 projects, 1 internships",Embedded Systems Engineer
Undergraduate,Commerce/B.Com,"Problem Solving,Taxation,Data Analytics,Scrum","Finance,Government Jobs",Financial Consultant,"1 projects, 1 internships",Chartered Accountant
Undergraduate,Science/B.Sc,"Pandas,Python,Mathematics,Communication,Data Analytics,Statistics","Finance,Technology,Research",Actuarial Analyst,"2 projects, 1 internships",Data Analyst
Undergraduate,Computer Science,"Node.js,Git,SQL,Java","Technology,Business,AI/ML",DevOps Engineer,"1 projects, 1 internships",Software Engineer
Undergraduate,Electronics & Communication,"AWS,Docker,Linear Algebra,Mathematics,Data Structures,Kubernetes",Technology,VLSI Design Engineer,"0 projects, 1 internships",Embedded Systems Engineer
Class 12,PCM Stream,"Python,Mathematics,Physics Lab,Problem Solving","Defence,Engineering",Defense Officer (Army/Navy/Air Force),"2 projects, 1 internships",Civil Servant (IAS/IPS)
Undergraduate,Computer Science,"CSS,React,HTML,Algorithms","Business,Technology",Cloud Architect,"0 projects, 1 internships",Software Engineer
Undergraduate,Business/BBA,"Public Speaking,SEO,Leadership,Sales","Management,Entrepreneurship,Business",Management Consultant,"2 projects, 0 internships",Product Manager
Undergraduate,Electronics & Communication,"Data Structures,Kubernetes,Physics Lab,Figma","Technology,Research,Engineering",Network Security Engineer,"0 projects, 0 internships",Embedded Systems Engineer
Undergraduate,Electronics & Communication,"C++,Mathematics,Docker,AWS","Research,Technology",Embedded Systems Engineer,"0 projects, 1 internships",Embedded Systems Engineer
Class 12,PCM Stream,"Chemistry Lab,Problem Solving,Python,Writing,Mathematics","Government Jobs,Engineering",Defense Officer (Army/Navy/Air Force),"1 projects, 0 internships",Civil Servant (IAS/IPS)
Undergraduate,Computer Science,"HTML,CSS,Data Structures,REST APIs","Business,AI/ML,Technology",AI/ML Engineer,"2 projects, 1 internships",Software Engineer
Undergraduate,Commerce/B.Com,"Time Management,Problem Solving,Financial Accounting,Data Analytics",Government Jobs,Financial Consultant,"0 projects, 1 internships",Chartered Accountant
Undergraduate,Business/BBA,"Project Management,Marketing,Leadership,Product Management,SEO,Communication",Business,Marketing Manager,"2 projects, 0 internships",Product Manager
Undergraduate,Science/B.Sc,"Statistics,NumPy,Data Visualization,Python","Business,Technology",Data Scientist,"0 projects, 0 internships",Data Analyst
Undergraduate,Business/BBA,"Product Management,Communication,Business Strategy,Leadership","Entrepreneurship,Business",Product Manager,"1 projects, 1 internships",Product Manager
Undergraduate,Law/LLB,"Leadership,Law,Negotiation,Constitutional Law,Public Speaking","Government Jobs,Law",Corporate Lawyer,"2 projects, 1 internships",Corporate Lawyer
Class 12,PCM Stream,"Python,Writing,Physics Lab","Defence,Engineering,Research",Research Scientist,"0 projects, 0 internships",Civil Servant (IAS/IPS)
Undergraduate,Electronics & Communication,"Linear Algebra,C++,Mathematics",Technology,Embedded Systems Engineer,"0 projects, 0 internships",Embedded Systems Engineer
Undergraduate,Computer Science,"REST APIs,React,HTML,CSS,Data Structures,JavaScript","Business,AI/ML",AI/ML Engineer,"1 projects, 0 internships",Software Engineer
Undergraduate,Science/B.Sc,"Mathematics,Python,Communication,Data Analytics","Research,Technology",Data Scientist,"2 projects, 0 internships",Data Analyst
Undergraduate,Science/B.Sc,"Communication,Data Analytics,Statistics,Python,Pandas","Technology,Business",Financial Risk Analyst,"1 projects, 0 internships",Data Analyst
Undergraduate,Business/BBA,"Public Speaking,Communication,Marketing,SEO,Project Management","Business,Management,Entrepreneurship",Marketing Manager,"0 projects, 0 internships",Product Manager
Undergraduate,Law/LLB,"Leadership,Negotiation,Legal Writing,Technical Writing,Communication,Public Speaking","Government Jobs,Law,Social Impact",Public Prosecutor,"0 projects, 1 internships",Corporate Lawyer
Undergraduate,Electronics & Communication,"C++,Data Structures,Figma,Python","Technology,Research,Engineering",Network Security Engineer,"0 projects, 1 internships",Embedded Systems Engineer
Undergraduate,Law/LLB,"Law,Public Speaking,Leadership,Constitutional Law","Government Jobs,Social Impact",Corporate Lawyer,"0 projects, 0 internships",Corporate Lawyer
Undergraduate,Business/BBA,"Business Strategy,Communication,Leadership,Public Speaking,Project Management",Media,Product Manager,"2 projects, 1 internships",Product Manager
Undergraduate,Business/BBA,"Leadership,Business Strategy,Sales,Project Management",Management,Management Consultant,"0 projects, 0 internships",Product Manager
Undergraduate,Commerce/B.Com,"Economics,Data Analytics,SQL,Financial Accounting,Scrum,Communication",Business,Unknown Career,"0 projects, 0 internships",Chartered Accountant
Undergraduate,Electronics & Communication,"Docker,Mathematics,Kubernetes,Linear Algebra,Python","Research,Technology,Engineering",VLSI Design Engineer,"2 projects, 0 internships",Embedded Systems Engineer
Undergraduate,Business/BBA,"Communication,Business Strategy,Marketing,Project Management,Leadership,Product Management","Media,Business,Entrepreneurship",Product Manager,"1 projects, 1 internships",Product Manager
Undergraduate,Law/LLB,"Law,Public Speaking,Communication",Law,Criminal Defense Lawyer,"0 projects, 0 internships",Corporate Lawyer
Undergraduate,Electronics & Communication,"Mathematics,Kubernetes,Linear Algebra,AWS,Python,Data Structures",Research,IoT Systems Architect,"1 projects, 0 internships",Embedded Systems Engineer
Undergraduate,Commerce/B.Com,"Taxation,SQL,Economics,Time Management",Finance,Unknown Career,"1 projects, 0 internships",Chartered Accountant
Undergraduate,Law/LLB,"Law,Communication,Legal Writing,Technical Writing",Government Jobs,Patent Attorney,"0 projects, 1 internships",Corporate Lawyer
Undergraduate,Science/B.Sc,"Data Analytics,Data Visualization,Statistics,Mathematics",Research,Data Analyst,"2 projects, 0 internships",Data Analyst
Undergraduate,Computer Science,"SQL,Git,JavaScript,REST APIs,Java","Business,Technology",Data Scientist,"2 projects, 1 internships",Software Engineer
Undergraduate,Commerce/B.Com,"Taxation,Scrum,SQL,Communication,Financial Accounting,Time Management","Business,Government Jobs",Chartered Accountant,"0 projects, 1 internships",Chartered Accountant
Undergraduate,Commerce/B.Com,"Communication,Problem Solving,Data Analytics,Economics,SQL",Government Jobs,Financial Consultant,"2 projects, 0 internships",Chartered Accountant
Undergraduate,Law/LLB,"Negotiation,Legal Writing,Communication","Law,Social Impact",Public Prosecutor,"1 projects, 1 internships",Corporate Lawyer
Undergraduate,Computer Science,"HTML,React,Java",Business,Data Scientist,"2 projects, 0 internships",Software Engineer
Undergraduate,Science/B.Sc,"Python,Data Analytics,SQL,Data Visualization,NumPy,Communication","Technology,Business",Data Analyst,"1 projects, 1 internships",Data Analyst
Undergraduate,Science/B.Sc,"Mathematics,SQL,Pandas","Finance,Research",Financial Risk Analyst,"0 projects, 0 internships",Data Analyst
Undergraduate,Computer Science,"Python,Data Structures,CSS,React,JavaScript","Technology,Business",Data Scientist,"2 projects, 0 internships",Software Engineer
Undergraduate,Business/BBA,"Project Management,Leadership,Marketing,Communication,Business Strategy","Management,Media,Entrepreneurship",Product Manager,"2 projects, 0 internships",Product Manager
Undergraduate,Computer Science,"React,Java,SQL,Node.js,JavaScript,Algorithms",Business,DevOps Engineer,"1 projects, 1 internships",Software Engineer
Undergraduate,Computer Science,"CSS,Python,Java,Data Structures,Algorithms,C++","AI/ML,Business",Data Scientist,"1 projects, 1 internships",Software Engineer
Undergraduate,Commerce/B.Com,"Time Management,Scrum,Communication,Taxation","Business,Finance",Unknown Career,"1 projects, 1 internships",Chartered Accountant
Undergraduate,Business/BBA,"Communication,Leadership,Project Management,Public Speaking,Sales",Entrepreneurship,Product Manager,"2 projects, 0 internships",Product Manager
Undergraduate,Commerce/B.Com,"Economics,Communication,Taxation","Finance,Government Jobs,Business",Chartered Accountant,"0 projects, 0 internships",Chartered Accountant
Undergraduate,Science/B.Sc,"Statistics,Pandas,Mathematics,Python,Data Visualization,SQL",Finance,Data Scientist,"1 projects, 0 internships",Data Analyst
Undergraduate,Science/B.Sc,"NumPy,Communication,SQL","Research,Technology",Actuarial Analyst,"1 projects, 1 internships",Data Analyst
Undergraduate,Computer Science,"CSS,C++,SQL,Data Structures",AI/ML,DevOps Engineer,"2 projects, 1 internships",Software Engineer
Undergraduate,Electronics & Communication,"Figma,C++,Physics Lab","Engineering,Research",Embedded Systems Engineer,"2 projects, 1 internships",Embedded Systems Engineer
Undergraduate,Electronics & Communication,"Physics Lab,Linear Algebra,Data Structures,Python,AWS",Research,Embedded Systems Engineer,"2 projects, 0 internships",Embedded Systems Engineer
Undergraduate,Computer Science,"REST APIs,Java,React,CSS,C++,Git","Business,Technology,AI/ML",Data Scientist,"2 projects, 1 internships",Software Engineer
Undergraduate,Law/LLB,"Constitutional Law,Negotiation,Technical Writing,Communication,Legal Writing,Public Speaking","Law,Social Impact,Government Jobs",Patent Attorney,"1 projects, 1 internships",Corporate Lawyer
Undergraduate,Electronics & Communication,"Kubernetes,Linear Algebra,Mathematics,Physics Lab",Technology,IoT Systems Architect,"2 projects, 0 internships",Embedded Systems Engineer
Undergraduate,Science/B.Sc,"Python,Statistics,NumPy,Pandas","Business,Finance",Data Analyst,"0 projects, 0 internships",Data Analyst
Undergraduate,Commerce/B.Com,"Taxation,Economics,Communication,Time Management,Financial Accounting",Finance,Unknown Career,"1 projects, 0 internships",Chartered Accountant
Undergraduate,Electronics & Communication,"Python,Kubernetes,Mathematics,Figma,AWS","Research,Engineering",IoT Systems Architect,"0 projects, 1 internships",Embedded Systems Engineer
Class 12,PCM Stream,"Communication,Problem Solving,Writing,Chemistry Lab,Physics Lab,Python","Research,Defence",High School Physics Teacher,"2 projects, 0 internships",Civil Servant (IAS/IPS)
Undergraduate,Electronics & Communication,"Linear Algebra,C++,Figma,Data Structures",Engineering,Embedded Systems Engineer,"2 projects, 1 internships",Embedded Systems Engineer
Undergraduate,Electronics & Communication,"Kubernetes,Physics Lab,C++,Linear Algebra","Research,Engineering,Technology",Network Security Engineer,"0 projects, 0 internships",Embedded Systems Engineer
Undergraduate,Business/BBA,"Project Management,Business Strategy,Leadership,Communication,Sales","Business,Entrepreneurship",Marketing Manager,"2 projects, 1 internships",Product Manager
Undergraduate,Business/BBA,"Marketing,Communication,Leadership,Sales,Public Speaking,Product Management",Management,Brand Strategist,"2 projects, 1 internships",Product Manager
Undergraduate,Law/LLB,"Communication,Constitutional Law,Legal Writing",Law,Corporate Lawyer,"1 projects, 1 internships",Corporate Lawyer
Undergraduate,Computer Science,"React,Python,Java,REST APIs",AI/ML,Data Scientist,"1 projects, 1 internships",Software Engineer
Undergraduate,Law/LLB,"Law,Leadership,Communication","Law,Government Jobs",Corporate Lawyer,"1 projects, 1 internships",Corporate Lawyer
Undergraduate,Computer Science,"C++,REST APIs,React,SQL,Node.js,Git","AI/ML,Technology",Cloud Architect,"0 projects, 1 internships",Software Engineer
Undergraduate,Law/LLB,"Leadership,Public Speaking,Technical Writing","Law,Social Impact,Government Jobs",Corporate Lawyer,"0 projects, 1 internships",Corporate Lawyer
Undergraduate,Law/LLB,"Law,Negotiation,Communication","Government Jobs,Law",Criminal Defense Lawyer,"2 projects, 0 internships",Corporate Lawyer
Class 12,PCM Stream,"Problem Solving,Writing,Communication,Chemistry Lab,Python",Government Jobs,Research Scientist,"0 projects, 1 internships",Civil Servant (IAS/IPS)
Undergraduate,Law/LLB,"Constitutional Law,Technical Writing,Public Speaking,Negotiation","Social Impact,Government Jobs",Criminal Defense Lawyer,"2 projects, 1 internships",Corporate Lawyer
Undergraduate,Electronics & Communication,"Physics Lab,C++,Docker","Engineering,Research",IoT Systems Architect,"1 projects, 1 internships",Embedded Systems Engineer
Undergraduate,Business/BBA,"Product Management,SEO,Project Management","Business,Media",Brand Strategist,"2 projects, 1 internships",Product Manager
Undergraduate,Commerce/B.Com,"Problem Solving,Scrum,Time Management,Data Analytics","Government Jobs,Business",Chartered Accountant,"0 projects, 1 internships",Chartered Accountant
Undergraduate,Law/LLB,"Legal Writing,Constitutional Law,Law,Communication,Public Speaking","Social Impact,Government Jobs",Criminal Defense Lawyer,"0 projects, 0 internships",Corporate Lawyer
Undergraduate,Science/B.Sc,"Data Analytics,Data Visualization,NumPy,Statistics,Communication,Pandas","Technology,Finance",Financial Risk Analyst,"0 projects, 0 internships",Data Analyst
Class 12,PCM Stream,"Physics Lab,Communication,Python,Writing,Mathematics,Chemistry Lab","Engineering,Government Jobs",High School Physics Teacher,"2 projects, 0 internships",Civil Servant (IAS/IPS)
Undergraduate,Law/LLB,"Legal Writing,Leadership,Public Speaking,Negotiation","Law,Social Impact",Public Prosecutor,"0 projects, 1 internships",Corporate Lawyer
Undergraduate,Business/BBA,"Sales,Project Management,Leadership,Marketing,SEO","Business,Media",Marketing Manager,"1 projects, 0 internships",Product Manager
Undergraduate,Electronics & Communication,"Data Structures,Kubernetes,Docker",Engineering,Network Security Engineer,"0 projects, 0 internships",Embedded Systems Engineer
Undergraduate,Commerce/B.Com,"Financial Accounting,Problem Solving,Communication,Scrum,SQL","Government Jobs,Finance",Investment Banker,"2 projects, 0 internships",Chartered Accountant
Class 12,PCM Stream,"Chemistry Lab,Communication,Problem Solving,Writing,Physics Lab,Python",Research,Research Scientist,"0 projects, 1 internships",Civil Servant (IAS/IPS)
Undergraduate,Science/B.Sc,"Python,Data Visualization,SQL,Pandas,Statistics,NumPy","Technology,Business,Finance",Financial Risk Analyst,"1 projects, 0 internships",Data Analyst
Undergraduate,Science/B.Sc,"Data Visualization,Python,Communication,Statistics,SQL",Research,Data Analyst,"2 projects, 0 internships",Data Analyst
Undergraduate,Computer Science,"SQL,React,JavaScript","AI/ML,Business",Cloud Architect,"2 projects, 1 internships",Software Engineer
Undergraduate,Electronics & Communication,"Python,Linear Algebra,Data Structures,C++,Kubernetes,AWS","Research,Technology",Network Security Engineer,"2 projects, 0 internships",Embedded Systems Engineer
Class 12,PCM Stream,"Python,Problem Solving,Chemistry Lab,Mathematics","Research,Government Jobs,Defence",Defense Officer (Army/Navy/Air Force),"0 projects, 1 internships",Civil Servant (IAS/IPS)
Undergraduate,Science/B.Sc,"NumPy,SQL,Communication,Mathematics","Business,Finance,Technology",Data Scientist,"1 projects, 1 internships",Data Analyst
Class 12,PCM Stream,"Mathematics,Chemistry Lab,Python",Defence,Research Scientist,"0 projects, 0 internships",Civil Servant (IAS/IPS)
Undergraduate,Commerce/B.Com,"Economics,SQL,Problem Solving,Financial Accounting,Communication",Finance,Investment Banker,"0 projects, 0 internships",Chartered Accountant
Class 12,PCM Stream,"Physics Lab,Chemistry Lab,Python","Research,Government Jobs,Engineering",High School Physics Teacher,"2 projects, 1 internships",Civil Servant (IAS/IPS)
Undergraduate,Electronics & Communication,"Physics Lab,Figma,Docker,Python,Linear Algebra",Research,VLSI Design Engineer,"2 projects, 1 internships",Embedded Systems Engineer
Undergraduate,Commerce/B.Com,"Data Analytics,Taxation,SQL,Problem Solving,Time Management,Economics",Business,Unknown Career,"1 projects, 1 internships",Chartered Accountant
Undergraduate,Commerce/B.Com,"Economics,SQL,Taxation,Data Analytics,Communication,Financial Accounting","Government Jobs,Finance,Business",Chartered Accountant,"2 projects, 1 internships",Chartered Accountant
Undergraduate,Business/BBA,"Communication,Public Speaking,Marketing,Sales,SEO","Business,Management,Entrepreneurship",Brand Strategist,"0 projects, 0 internships",Product Manager
Undergraduate,Computer Science,"Algorithms,Java,HTML,SQL,REST APIs,CSS",Business,Software Engineer,"0 projects, 0 internships",Software Engineer
Undergraduate,Law/LLB,"Public Speaking,Law,Technical Writing,Communication,Constitutional Law,Negotiation","Government Jobs,Law",Patent Attorney,"1 projects, 0 internships",Corporate Lawyer
Undergraduate,Business/BBA,"Sales,Product Management,Communication,Public Speaking",Business,Product Manager,"1 projects, 1 internships",Product Manager
Undergraduate,Commerce/B.Com,"Scrum,Communication,SQL,Financial Accounting,Time Management,Taxation",Business,Chartered Accountant,"2 projects, 0 internships",Chartered Accountant
Class 12,PCM Stream,"Physics Lab,Mathematics,Writing,Communication,Problem Solving",Government Jobs,Defense Officer (Army/Navy/Air Force),"2 projects, 1 internships",Civil Servant (IAS/IPS)
Undergraduate,Science/B.Sc,"NumPy,Data Analytics,Pandas,Mathematics,Data Visualization,Python","Research,Technology,Finance",Data Analyst,"0 projects, 1 internships",Data Analyst
Undergraduate,Law/LLB,"Leadership,Technical Writing,Legal Writing,Constitutional Law","Social Impact,Government Jobs,Law",Public Prosecutor,"1 projects, 1 internships",Corporate Lawyer
Class 12,PCM Stream,"Communication,Mathematics,Python",Defence,Civil Servant (IAS/IPS),"1 projects, 0 internships",Civil Servant (IAS/IPS)
Undergraduate,Law/LLB,"Constitutional Law,Public Speaking,Legal Writing,Leadership","Government Jobs,Social Impact,Law",Corporate Lawyer,"2 projects, 1 internships",Corporate Lawyer
Undergraduate,Science/B.Sc,"Statistics,Mathematics,Communication,SQL","Research,Business,Finance",Data Analyst,"0 projects, 0 internships",Data Analyst
Class 12,PCM Stream,"Chemistry Lab,Physics Lab,Mathematics,Problem Solving,Writing,Python","Engineering,Government Jobs",Research Scientist,"1 projects, 1 internships",Civil Servant (IAS/IPS)
Undergraduate,Business/BBA,"Leadership,Sales,SEO,Public Speaking,Communication","Business,Media,Entrepreneurship",Product Manager,"2 projects, 1 internships",Product Manager
Class 12,PCM Stream,"Mathematics,Problem Solving,Writing","Research,Defence",High School Physics Teacher,"1 projects, 0 internships",Civil Servant (IAS/IPS)
Undergraduate,Business/BBA,"Communication,Project Management,Product Management","Media,Entrepreneurship,Management",Management Consultant,"0 projects, 1 internships",Product Manager
Undergraduate,Electronics & Communication,"Figma,Mathematics,Docker","Engineering,Technology,Research",IoT Systems Architect,"0 projects, 1 internships",Embedded Systems Engineer
Undergraduate,Computer Science,"CSS,Algorithms,SQL,Data Structures,React,Node.js",Business,Software Engineer,"1 projects, 1 internships",Software Engineer
Undergraduate,Law/LLB,"Legal Writing,Law,Leadership,Constitutional Law,Technical Writing,Communication",Government Jobs,Criminal Defense Lawyer,"1 projects, 0 internships",Corporate Lawyer
Class 12,PCM Stream,"Chemistry Lab,Python,Physics Lab,Communication","Defence,Research",Research Scientist,"0 projects, 1 internships",Civil Servant (IAS/IPS)
Class 12,PCM Stream,"Python,Writing,Communication",Engineering,High School Physics Teacher,"1 projects, 1 internships",Civil Servant (IAS/IPS)
Undergraduate,Business/BBA,"Sales,Leadership,Business Strategy,SEO",Business,Marketing Manager,"0 projects, 1 internships",Product Manager
Undergraduate,Business/BBA,"Product Management,SEO,Business Strategy","Media,Entrepreneurship,Business",Brand Strategist,"1 projects, 1 internships",Product Manager
Undergraduate,Law/LLB,"Constitutional Law,Leadership,Communication,Legal Writing","Government Jobs,Law",Criminal Defense Lawyer,"0 projects, 1 internships",Corporate Lawyer
Class 12,PCM Stream,"Physics Lab,Communication,Writing,Chemistry Lab,Mathematics","Engineering,Research,Government Jobs",High School Physics Teacher,"2 projects, 1 internships",Civil Servant (IAS/IPS)
Undergraduate,Commerce/B.Com,"Communication,Economics,Scrum,Taxation,Problem Solving,Time Management","Finance,Business,Government Jobs",Chartered Accountant,"2 projects, 1 internships",Chartered Accountant
Undergraduate,Science/B.Sc,"Pandas,Data Visualization,Communication,Python",Technology,Data Analyst,"0 projects, 0 internships",Data Analyst
Undergraduate,Law/LLB,"Constitutional Law,Technical Writing,Communication,Public Speaking,Leadership","Social Impact,Government Jobs",Corporate Lawyer,"2 projects, 1 internships",Corporate Lawyer
Undergraduate,Electronics & Communication,"Linear Algebra,Mathematics,C++,Data Structures,Physics Lab,Kubernetes","Technology,Engineering,Research",VLSI Design Engineer,"1 projects, 0 internships",Embedded Systems Engineer
Undergraduate,Computer Science,"REST APIs,HTML,Git","Technology,AI/ML",DevOps Engineer,"1 projects, 1 internships",Software Engineer
Undergraduate,Business/BBA,"Business Strategy,Sales,Communication,SEO,Public Speaking","Entrepreneurship,Management,Media",Marketing Manager,"2 projects, 1 internships",Product Manager
Undergraduate,Computer Science,"Python,C++,CSS,Node.js",Technology,Software Engineer,"1 projects, 1 internships",Software Engineer
Undergraduate,Electronics & Communication,"C++,Kubernetes,Physics Lab,Mathematics,Figma",Research,Embedded Systems Engineer,"1 projects, 0 internships",Embedded Systems Engineer
Class 12,PCM Stream,"Chemistry Lab,Problem Solving,Python","Government Jobs,Engineering,Defence",Defense Officer (Army/Navy/Air Force),"2 projects, 1 internships",Civil Servant (IAS/IPS)
Class 12,PCM Stream,"Mathematics,Problem Solving,Writing,Chemistry Lab",Defence,Civil Servant (IAS/IPS),"1 projects, 0 internships",Civil Servant (IAS/IPS)
Class 12,PCM Stream,"Chemistry Lab,Writing,Physics Lab,Mathematics,Communication,Problem Solving",Defence,Civil Servant (IAS/IPS),"0 projects, 0 internships",Civil Servant (IAS/IPS)
Undergraduate,Electronics & Communication,"AWS,Mathematics,Python,Physics Lab,C++","Engineering,Research",Network Security Engineer,"0 projects, 0 internships",Embedded Systems Engineer
Undergraduate,Electronics & Communication,"Kubernetes,Python,AWS,Docker",Research,IoT Systems Architect,"0 projects, 1 internships",Embedded Systems Engineer
Undergraduate,Computer Science,"C++,Python,CSS,Java,REST APIs","Technology,Business",DevOps Engineer,"2 projects, 1 internships",Software Engineer
Undergraduate,Computer Science,"HTML,Python,Git,CSS,REST APIs","Business,Technology",AI/ML Engineer,"0 projects, 1 internships",Software Engineer
Undergraduate,Law/LLB,"Law,Leadership,Public Speaking","Law,Social Impact,Government Jobs",Patent Attorney,"1 projects, 1 internships",Corporate Lawyer
Undergraduate,Computer Science,"Data Structures,Python,React,C++,Git,SQL","Technology,Business,AI/ML",Software Engineer,"2 projects, 1 internships",Software Engineer
Undergraduate,Business/BBA,"Project Management,Communication,Marketing,Product Management","Media,Management,Entrepreneurship",Marketing Manager,"0 projects, 1 internships",Product Manager
Undergraduate,Science/B.Sc,"Pandas,Data Analytics,NumPy,Mathematics,Python,SQL",Finance,Data Analyst,"0 projects, 1 internships",Data Analyst
Class 12,PCM Stream,"Chemistry Lab,Python,Problem Solving,Writing,Mathematics","Government Jobs,Engineering",Civil Servant (IAS/IPS),"1 projects, 0 internships",Civil Servant (IAS/IPS)
Undergraduate,Electronics & Communication,"Kubernetes,Physics Lab,Docker","Engineering,Research,Technology",Embedded Systems Engineer,"1 projects, 0 internships",Embedded Systems Engineer
Undergraduate,Computer Science,"Java,Python,HTML,Git,SQL","AI/ML,Business,Technology",Software Engineer,"1 projects, 0 internships",Software Engineer
Undergraduate,Business/BBA,"Product Management,Project Management,Public Speaking,Business Strategy,Marketing,Communication","Management,Entrepreneurship",Brand Strategist,"1 projects, 0 internships",Product Manager
Undergraduate,Science/B.Sc,"Data Analytics,NumPy,Data Visualization,Pandas,SQL","Research,Business",Data Analyst,"1 projects, 1 internships",Data Analyst
Undergraduate,Law/LLB,"Constitutional Law,Communication,Leadership,Technical Writing","Government Jobs,Law",Patent Attorney,"0 projects, 0 internships",Corporate Lawyer
Undergraduate,Electronics & Communication,"Linear Algebra,Python,AWS,Data Structures,Docker,Physics Lab","Research,Engineering",Embedded Systems Engineer,"0 projects, 1 internships",Embedded Systems Engineer
Undergraduate,Electronics & Communication,"Linear Algebra,Python,Data Structures,AWS","Engineering,Research,Technology",Embedded Systems Engineer,"0 projects, 0 internships",Embedded Systems Engineer
Class 12,PCM Stream,"Mathematics,Chemistry Lab,Physics Lab,Writing,Python","Engineering,Research",Research Scientist,"2 projects, 0 internships",Civil Servant (IAS/IPS)
Undergraduate,Electronics & Communication,"Figma,Physics Lab,Data Structures,AWS,Docker,Kubernetes","Research,Technology",Network Security Engineer,"0 projects, 0 internships",Embedded Systems Engineer
Undergraduate,Science/B.Sc,"Data Analytics,SQL,Mathematics,Communication,Data Visualization,Python",Technology,Financial Risk Analyst,"0 projects, 0 internships",Data Analyst
Undergraduate,Electronics & Communication,"AWS,Kubernetes,Figma",Engineering,VLSI Design Engineer,"2 projects, 0 internships",Embedded Systems Engineer
Undergraduate,Law/LLB,"Constitutional Law,Legal Writing,Public Speaking","Government Jobs,Social Impact,Law",Criminal Defense Lawyer,"0 projects, 1 internships",Corporate Lawyer
Undergraduate,Business/BBA,"Public Speaking,Sales,Product Management",Business,Brand Strategist,"2 projects, 1 internships",Product Manager
Class 12,PCM Stream,"Chemistry Lab,Communication,Physics Lab,Python,Mathematics",Research,High School Physics Teacher,"2 projects, 0 internships",Civil Servant (IAS/IPS)
Undergraduate,Electronics & Communication,"Python,Docker,Linear Algebra,Kubernetes","Engineering,Technology,Research",VLSI Design Engineer,"1 projects, 1 internships",Embedded Systems Engineer
Undergraduate,Law/LLB,"Communication,Legal Writing,Negotiation,Leadership,Public Speaking,Law",Law,Public Prosecutor,"2 projects, 1 internships",Corporate Lawyer
Undergraduate,Commerce/B.Com,"Financial Accounting,Taxation,Data Analytics,Problem Solving,Communication,SQL","Business,Government Jobs",Financial Consultant,"0 projects, 0 internships",Chartered Accountant
Undergraduate,Computer Science,"Data Structures,REST APIs,Python,C++,JavaScript,SQL","Business,Technology,AI/ML",Software Engineer,"0 projects, 1 internships",Software Engineer
Undergraduate,Business/BBA,"Public Speaking,Marketing,Product Management,Leadership",Management,Marketing Manager,"2 projects, 1 internships",Product Manager
Class 12,PCM Stream,"Problem Solving,Physics Lab,Python","Government Jobs,Defence",Civil Servant (IAS/IPS),"1 projects, 0 internships",Civil Servant (IAS/IPS)
Undergraduate,Electronics & Communication,"Data Structures,Python,Kubernetes,AWS,Linear Algebra,Figma",Research,IoT Systems Architect,"0 projects, 0 internships",Embedded Systems Engineer
Undergraduate,Science/B.Sc,"Data Analytics,Statistics,Python,Pandas,SQL,Communication","Finance,Technology,Business",Actuarial Analyst,"1 projects, 1 internships",Data Analyst
Undergraduate,Electronics & Communication,"Kubernetes,Python,Physics Lab,Linear Algebra","Research,Engineering,Technology",VLSI Design Engineer,"0 projects, 1 internships",Embedded Systems Engineer
Undergraduate,Business/BBA,"Communication,Sales,Product Management,Leadership,Business Strategy,SEO","Business,Entrepreneurship",Brand Strategist,"0 projects, 1 internships",Product Manager
Class 12,PCM Stream,"Physics Lab,Chemistry Lab,Writing","Government Jobs,Defence",High School Physics Teacher,"2 projects, 1 internships",Civil Servant (IAS/IPS)
Undergraduate,Law/LLB,"Technical Writing,Public Speaking,Legal Writing,Law,Leadership","Law,Social Impact",Public Prosecutor,"0 projects, 1 internships",Corporate Lawyer
Undergraduate,Business/BBA,"SEO,Leadership,Sales,Business Strategy","Entrepreneurship,Business,Media",Marketing Manager,"2 projects, 0 internships",Product Manager
Undergraduate,Computer Science,"Java,CSS,React","Business,AI/ML",AI/ML Engineer,"0 projects, 0 internships",Software Engineer
Undergraduate,Law/LLB,"Communication,Law,Legal Writing","Government Jobs,Social Impact,Law",Public Prosecutor,"1 projects, 0 internships",Corporate Lawyer
Undergraduate,Science/B.Sc,"Data Visualization,NumPy,Python,Statistics,Pandas","Technology,Research,Business",Financial Risk Analyst,"1 projects, 0 internships",Data Analyst
Undergraduate,Commerce/B.Com,"Problem Solving,Time Management,Economics,Taxation,Scrum",Business,Chartered Accountant,"2 projects, 1 internships",Chartered Accountant
Undergraduate,Commerce/B.Com,"Financial Accounting,Economics,Problem Solving,SQL,Time Management",Government Jobs,Chartered Accountant,"1 projects, 0 internships",Chartered Accountant
Undergraduate,Law/LLB,"Technical Writing,Negotiation,Constitutional Law,Communication","Social Impact,Government Jobs,Law",Corporate Lawyer,"2 projects, 0 internships",Corporate Lawyer
Undergraduate,Computer Science,"REST APIs,Node.js,Git,CSS,Java,Python","Technology,Business,AI/ML",Software Engineer,"2 projects, 0 internships",Software Engineer
Undergraduate,Science/B.Sc,"SQL,NumPy,Mathematics,Data Analytics,Communication,Statistics","Business,Finance",Actuarial Analyst,"1 projects, 1 internships",Data Analyst
Undergraduate,Science/B.Sc,"Mathematics,NumPy,Data Visualization,Pandas,Data Analytics,Statistics",Research,Data Scientist,"1 projects, 0 internships",Data Analyst
Undergraduate,Business/BBA,"Business Strategy,Product Management,Project Management,SEO,Communication",Management,Management Consultant,"0 projects, 0 internships",Product Manager
Undergraduate,Business/BBA,"Public Speaking,SEO,Business Strategy",Management,Marketing Manager,"0 projects, 1 internships",Product Manager
Undergraduate,Business/BBA,"Sales,Communication,Leadership,Project Management,Public Speaking,Business Strategy","Entrepreneurship,Business",Marketing Manager,"1 projects, 1 internships",Product Manager
Undergraduate,Law/LLB,"Communication,Legal Writing,Negotiation,Technical Writing","Government Jobs,Law",Corporate Lawyer,"2 projects, 0 internships",Corporate Lawyer
Undergraduate,Law/LLB,"Constitutional Law,Law,Negotiation,Communication,Public Speaking,Legal Writing","Government Jobs,Social Impact,Law",Public Prosecutor,"2 projects, 0 internships",Corporate Lawyer
Undergraduate,Computer Science,"CSS,Python,Git,JavaScript,React","AI/ML,Technology",Software Engineer,"1 projects, 0 internships",Software Engineer
Undergraduate,Law/LLB,"Leadership,Communication,Constitutional Law,Public Speaking","Law,Government Jobs",Patent Attorney,"2 projects, 1 internships",Corporate Lawyer
Undergraduate,Electronics & Communication,"Linear Algebra,Mathematics,AWS,Kubernetes","Research,Engineering,Technology",VLSI Design Engineer,"2 projects, 0 internships",Embedded Systems Engineer
Class 12,PCM Stream,"Communication,Python,Writing,Mathematics,Physics Lab,Chemistry Lab",Engineering,Defense Officer (Army/Navy/Air Force),"2 projects, 1 internships",Civil Servant (IAS/IPS)
Class 12,PCM Stream,"Mathematics,Chemistry Lab,Python,Writing,Communication","Government Jobs,Defence,Research",Defense Officer (Army/Navy/Air Force),"0 projects, 1 internships",Civil Servant (IAS/IPS)
Undergraduate,Electronics & Communication,"Data Structures,Kubernetes,Mathematics,C++","Technology,Research",Embedded Systems Engineer,"1 projects, 1 internships",Embedded Systems Engineer
Undergraduate,Commerce/B.Com,"Problem Solving,Taxation,Scrum,Financial Accounting,Data Analytics","Business,Government Jobs,Finance",Chartered Accountant,"2 projects, 0 internships",Chartered Accountant
Undergraduate,Commerce/B.Com,"Taxation,SQL,Communication","Government Jobs,Finance,Business",Investment Banker,"1 projects, 0 internships",Chartered Accountant
Undergraduate,Business/BBA,"Leadership,Business Strategy,Sales,Product Management,Communication",Entrepreneurship,Product Manager,"2 projects, 1 internships",Product Manager
Undergraduate,Electronics & Communication,"AWS,Docker,Mathematics,Physics Lab,Python,Figma","Research,Engineering,Technology",VLSI Design Engineer,"2 projects, 0 internships",Embedded Systems Engineer
Undergraduate,Law/LLB,"Technical Writing,Public Speaking,Negotiation,Law,Leadership,Communication","Social Impact,Government Jobs",Public Prosecutor,"1 projects, 0 internships",Corporate Lawyer
Undergraduate,Law/LLB,"Legal Writing,Negotiation,Public Speaking,Leadership,Communication","Law,Social Impact",Public Prosecutor,"2 projects, 1 internships",Corporate Lawyer
Undergraduate,Business/BBA,"Project Management,Leadership,Marketing","Entrepreneurship,Management",Marketing Manager,"2 projects, 0 internships",Product Manager
Undergraduate,Electronics & Communication,"AWS,Linear Algebra,Figma",Technology,Network Security Engineer,"2 projects, 0 internships",Embedded Systems Engineer
Class 12,PCM Stream,"Physics Lab,Chemistry Lab,Writing","Engineering,Defence",Research Scientist,"1 projects, 1 internships",Civil Servant (IAS/IPS)
Class 12,PCM Stream,"Problem Solving,Communication,Python,Mathematics,Chemistry Lab",Engineering,Research Scientist,"1 projects, 1 internships",Civil Servant (IAS/IPS)
Undergraduate,Electronics & Communication,"C++,AWS,Docker,Kubernetes","Research,Engineering,Technology",IoT Systems Architect,"0 projects, 1 internships",Embedded Systems Engineer
Undergraduate,Business/BBA,"Product Management,Sales,Leadership,Project Management,Communication,SEO","Media,Business,Entrepreneurship",Product Manager,"1 projects, 0 internships",Product Manager
Undergraduate,Law/LLB,"Law,Constitutional Law,Negotiation,Leadership,Public Speaking","Government Jobs,Law,Social Impact",Corporate Lawyer,"2 projects, 0 internships",Corporate Lawyer
Undergraduate,Law/LLB,"Constitutional Law,Leadership,Legal Writing,Communication","Social Impact,Law,Government Jobs",Public Prosecutor,"1 projects, 1 internships",Corporate Lawyer
Undergraduate,Law/LLB,"Public Speaking,Law,Technical Writing,Legal Writing,Constitutional Law","Social Impact,Law",Patent Attorney,"1 projects, 0 internships",Corporate Lawyer
Undergraduate,Business/BBA,"Public Speaking,Leadership,Business Strategy,Product Management","Business,Entrepreneurship",Product Manager,"0 projects, 0 internships",Product Manager
Undergraduate,Computer Science,"Git,JavaScript,Algorithms",Business,Data Scientist,"1 projects, 0 internships",Software Engineer
Undergraduate,Computer Science,"Git,REST APIs,CSS,Java",AI/ML,Cloud Architect,"0 projects, 1 internships",Software Engineer
Undergraduate,Computer Science,"SQL,Java,Data Structures,Algorithms,HTML","Technology,AI/ML",DevOps Engineer,"2 projects, 0 internships",Software Engineer
Undergraduate,Business/BBA,"Leadership,Product Management,Marketing,Communication,Business Strategy,Project Management",Business,Brand Strategist,"0 projects, 0 internships",Product Manager
Undergraduate,Law/LLB,"Leadership,Negotiation,Law,Public Speaking,Legal Writing",Government Jobs,Criminal Defense Lawyer,"0 projects, 0 internships",Corporate Lawyer
Class 12,PCM Stream,"Chemistry Lab,Problem Solving,Physics Lab,Communication","Engineering,Government Jobs",High School Physics Teacher,"0 projects, 1 internships",Civil Servant (IAS/IPS)
Undergraduate,Science/B.Sc,"Communication,Pandas,Mathematics,Data Analytics",Research,Financial Risk Analyst,"2 projects, 0 internships",Data Analyst
Undergraduate,Law/LLB,"Leadership,Law,Communication,Technical Writing","Government Jobs,Social Impact,Law",Public Prosecutor,"2 projects, 0 internships",Corporate Lawyer
Undergraduate,Law/LLB,"Law,Public Speaking,Leadership,Negotiation,Constitutional Law,Legal Writing","Social Impact,Government Jobs",Patent Attorney,"0 projects, 1 internships",Corporate Lawyer
Undergraduate,Science/B.Sc,"SQL,Pandas,Data Visualization,Statistics,NumPy","Research,Technology",Financial Risk Analyst,"2 projects, 0 internships",Data Analyst
Undergraduate,Electronics & Communication,"Linear Algebra,Python,AWS","Engineering,Technology",Embedded Systems Engineer,"2 projects, 0 internships",Embedded Systems Engineer
Undergraduate,Science/B.Sc,"Data Visualization,Communication,Python,Data Analytics,Mathematics,Statistics",Research,Data Scientist,"2 projects, 1 internships",Data Analyst
Undergraduate,Law/LLB,"Constitutional Law,Legal Writing,Leadership,Technical Writing,Law,Public Speaking","Law,Social Impact",Corporate Lawyer,"0 projects, 0 internships",Corporate Lawyer
Class 12,PCM Stream,"Writing,Problem Solving,Python,Mathematics,Physics Lab,Chemistry Lab",Defence,Civil Servant (IAS/IPS),"0 projects, 0 internships",Civil Servant (IAS/IPS)
Undergraduate,Science/B.Sc,"Communication,Data Visualization,Pandas,Data Analytics","Research,Technology,Business",Data Scientist,"0 projects, 0 internships",Data Analyst
Undergraduate,Electronics & Communication,"C++,Physics Lab,Figma",Engineering,VLSI Design Engineer,"2 projects, 1 internships",Embedded Systems Engineer
Undergraduate,Electronics & Communication,"Docker,Data Structures,Python","Research,Engineering",Embedded Systems Engineer,"0 projects, 0 internships",Embedded Systems Engineer
Undergraduate,Law/LLB,"Legal Writing,Communication,Negotiation,Law,Technical Writing,Public Speaking",Social Impact,Public Prosecutor,"0 projects, 1 internships",Corporate Lawyer
Class 12,PCM Stream,"Communication,Physics Lab,Writing","Research,Engineering,Government Jobs",High School Physics Teacher,"2 projects, 1 internships",Civil Servant (IAS/IPS)
Undergraduate,Science/B.Sc,"Statistics,Data Analytics,Python,Communication,Pandas,Data Visualization",Technology,Financial Risk Analyst,"0 projects, 1 internships",Data Analyst
Class 12,PCM Stream,"Writing,Chemistry Lab,Problem Solving,Physics Lab","Government Jobs,Defence",Defense Officer (Army/Navy/Air Force),"1 projects, 0 internships",Civil Servant (IAS/IPS)
Class 12,PCM Stream,"Chemistry Lab,Physics Lab,Mathematics,Writing,Communication",Research,Civil Servant (IAS/IPS),"1 projects, 1 internships",Civil Servant (IAS/IPS)
Undergraduate,Business/BBA,"Product Management,Public Speaking,Project Management",Business,Product Manager,"0 projects, 1 internships",Product Manager
Undergraduate,Science/B.Sc,"NumPy,Communication,SQL,Mathematics,Data Analytics","Research,Finance,Technology",Data Scientist,"1 projects, 0 internships",Data Analyst
Undergraduate,Law/LLB,"Negotiation,Legal Writing,Leadership,Law","Law,Government Jobs",Corporate Lawyer,"1 projects, 1 internships",Corporate Lawyer
Undergraduate,Business/BBA,"Marketing,Project Management,SEO,Sales,Product Management","Media,Business",Management Consultant,"0 projects, 1 internships",Product Manager
Undergraduate,Commerce/B.Com,"Communication,Scrum,Economics","Business,Finance,Government Jobs",Unknown Career,"2 projects, 0 internships",Chartered Accountant
Undergraduate,Electronics & Communication,"Figma,C++,Linear Algebra,AWS,Physics Lab","Engineering,Technology,Research",IoT Systems Architect,"2 projects, 0 internships",Embedded Systems Engineer
Undergraduate,Law/LLB,"Communication,Public Speaking,Technical Writing,Leadership","Law,Social Impact",Patent Attorney,"2 projects, 1 internships",Corporate Lawyer
Undergraduate,Science/B.Sc,"Pandas,Mathematics,Data Analytics","Research,Finance",Financial Risk Analyst,"0 projects, 1 internships",Data Analyst
Undergraduate,Commerce/B.Com,"Communication,Scrum,Data Analytics,Economics,Time Management,Financial Accounting","Government Jobs,Business,Finance",Unknown Career,"2 projects, 1 internships",Chartered Accountant
Undergraduate,Law/LLB,"Leadership,Law,Constitutional Law,Public Speaking,Negotiation,Technical Writing","Social Impact,Law,Government Jobs",Patent Attorney,"0 projects, 1 internships",Corporate Lawyer
Undergraduate,Law/LLB,"Public Speaking,Leadership,Negotiation,Constitutional Law,Communication,Technical Writing","Law,Government Jobs",Patent Attorney,"0 projects, 0 internships",Corporate Lawyer
Undergraduate,Computer Science,"SQL,HTML,C++,REST APIs",AI/ML,Cloud Architect,"2 projects, 0 internships",Software Engineer
Undergraduate,Law/LLB,"Communication,Constitutional Law,Negotiation",Social Impact,Patent Attorney,"2 projects, 0 internships",Corporate Lawyer
Class 12,PCM Stream,"Chemistry Lab,Problem Solving,Writing,Mathematics","Engineering,Defence",Civil Servant (IAS/IPS),"0 projects, 0 internships",Civil Servant (IAS/IPS)
Undergraduate,Business/BBA,"Communication,Leadership,SEO,Sales,Public Speaking,Product Management",Business,Product Manager,"0 projects, 1 internships",Product Manager
Undergraduate,Law/LLB,"Leadership,Negotiation,Law,Technical Writing,Legal Writing,Constitutional Law","Social Impact,Government Jobs",Corporate Lawyer,"0 projects, 0 internships",Corporate Lawyer
Undergraduate,Business/BBA,"Business Strategy,Leadership,Communication,Sales,SEO","Business,Entrepreneurship",Management Consultant,"0 projects, 0 internships",Product Manager
Undergraduate,Business/BBA,"SEO,Sales,Business Strategy","Management,Entrepreneurship,Business",Marketing Manager,"2 projects, 0 internships",Product Manager
Undergraduate,Business/BBA,"Public Speaking,Communication,SEO,Product Management,Business Strategy","Media,Business",Management Consultant,"1 projects, 0 internships",Product Manager
Undergraduate,Electronics & Communication,"Kubernetes,Linear Algebra,AWS,Figma,Mathematics",Engineering,VLSI Design Engineer,"0 projects, 1 internships",Embedded Systems Engineer
Undergraduate,Electronics & Communication,"AWS,Kubernetes,Docker",Engineering,VLSI Design Engineer,"1 projects, 1 internships",Embedded Systems Engineer
Undergraduate,Business/BBA,"Public Speaking,Project Management,Marketing","Business,Entrepreneurship,Media",Management Consultant,"1 projects, 1 internships",Product Manager
Class 12,PCM Stream,"Communication,Python,Mathematics","Defence,Government Jobs",Defense Officer (Army/Navy/Air Force),"0 projects, 1 internships",Civil Servant (IAS/IPS)
Undergraduate,Computer Science,"HTML,SQL,Git","Business,Technology,AI/ML",Data Scientist,"2 projects, 1 internships",Software Engineer
Class 12,PCM Stream,"Python,Physics Lab,Communication","Research,Defence",Civil Servant (IAS/IPS),"0 projects, 1 internships",Civil Servant (IAS/IPS)
Class 12,PCM Stream,"Problem Solving,Physics Lab,Communication,Python,Mathematics","Government Jobs,Defence,Engineering",Defense Officer (Army/Navy/Air Force),"1 projects, 0 internships",Civil Servant (IAS/IPS)
Undergraduate,Commerce/B.Com,"Scrum,Data Analytics,SQL,Problem Solving",Business,Unknown Career,"1 projects, 0 internships",Chartered Accountant
Undergraduate,Computer Science,"Algorithms,Python,REST APIs,JavaScript,Java","AI/ML,Business,Technology",DevOps Engineer,"0 projects, 1 internships",Software Engineer
Undergraduate,Electronics & Communication,"Kubernetes,Mathematics,Linear Algebra,Docker,Python","Engineering,Research",Network Security Engineer,"1 projects, 0 internships",Embedded Systems Engineer
Undergraduate,Law/LLB,"Leadership,Constitutional Law,Legal Writing",Government Jobs,Public Prosecutor,"0 projects, 1 internships",Corporate Lawyer
Undergraduate,Business/BBA,"Sales,Communication,Project Management,Marketing,SEO,Product Management","Management,Media,Business",Management Consultant,"1 projects, 1 internships",Product Manager
Undergraduate,Business/BBA,"Business Strategy,Leadership,SEO,Public Speaking,Marketing","Management,Media,Entrepreneurship",Brand Strategist,"2 projects, 0 internships",Product Manager
Undergraduate,Electronics & Communication,"Physics Lab,Linear Algebra,Data Structures,Mathematics,AWS,C++","Engineering,Research,Technology",Network Security Engineer,"2 projects, 1 internships",Embedded Systems Engineer
Class 12,PCM Stream,"Communication,Writing,Python,Problem Solving,Chemistry Lab","Research,Defence,Engineering",Defense Officer (Army/Navy/Air Force),"0 projects, 0 internships",Civil Servant (IAS/IPS)
Undergraduate,Law/LLB,"Technical Writing,Communication,Constitutional Law","Law,Government Jobs,Social Impact",Criminal Defense Lawyer,"2 projects, 1 internships",Corporate Lawyer
Undergraduate,Law/LLB,"Constitutional Law,Legal Writing,Law,Public Speaking",Law,Corporate Lawyer,"1 projects, 1 internships",Corporate Lawyer
Undergraduate,Computer Science,"Python,Algorithms,Data Structures","AI/ML,Technology",AI/ML Engineer,"0 projects, 1 internships",Software Engineer
Undergraduate,Commerce/B.Com,"Data Analytics,Problem Solving,Communication,Financial Accounting,Economics","Business,Government Jobs",Investment Banker,"1 projects, 1 internships",Chartered Accountant
Undergraduate,Commerce/B.Com,"Communication,SQL,Time Management","Finance,Government Jobs,Business",Financial Consultant,"1 projects, 0 internships",Chartered Accountant
Undergraduate,Electronics & Communication,"C++,Mathematics,Physics Lab,Data Structures,Docker,AWS",Research,Embedded Systems Engineer,"1 projects, 1 internships",Embedded Systems Engineer
Undergraduate,Computer Science,"JavaScript,REST APIs,Python,Node.js,C++","Technology,AI/ML,Business",AI/ML Engineer,"2 projects, 1 internships",Software Engineer
Undergraduate,Commerce/B.Com,"Communication,Problem Solving,Scrum",Finance,Financial Consultant,"0 projects, 0 internships",Chartered Accountant
Undergraduate,Electronics & Communication,"Kubernetes,Linear Algebra,Mathematics,Physics Lab,Data Structures","Research,Technology",Embedded Systems Engineer,"0 projects, 1 internships",Embedded Systems Engineer
Class 12,PCM Stream,"Physics Lab,Python,Mathematics,Problem Solving","Research,Government Jobs,Defence",Civil Servant (IAS/IPS),"2 projects, 1 internships",Civil Servant (IAS/IPS)
Undergraduate,Business/BBA,"Leadership,Marketing,Public Speaking,Product Management,Project Management","Entrepreneurship,Media",Product Manager,"2 projects, 1 internships",Product Manager
Undergraduate,Science/B.Sc,"NumPy,SQL,Data Analytics,Mathematics,Communication","Technology,Business,Finance",Data Scientist,"1 projects, 1 internships",Data Analyst
Undergraduate,Law/LLB,"Constitutional Law,Technical Writing,Communication,Law,Legal Writing,Leadership","Law,Social Impact,Government Jobs",Patent Attorney,"0 projects, 1 internships",Corporate Lawyer
Class 12,PCM Stream,"Python,Mathematics,Problem Solving","Defence,Government Jobs",High School Physics Teacher,"0 projects, 0 internships",Civil Servant (IAS/IPS)
Undergraduate,Computer Science,"REST APIs,C++,Java,Algorithms,Node.js,Python","AI/ML,Technology,Business",Cloud Architect,"2 projects, 1 internships",Software Engineer
Undergraduate,Electronics & Communication,"Kubernetes,Linear Algebra,Python,Docker,Data Structures","Technology,Research",IoT Systems Architect,"1 projects, 0 internships",Embedded Systems Engineer
Undergraduate,Electronics & Communication,"C++,Docker,Data Structures,Python,AWS,Kubernetes",Research,IoT Systems Architect,"0 projects, 0 internships",Embedded Systems Engineer
Undergraduate,Computer Science,"React,Git,REST APIs,Python,JavaScript,Node.js","Business,AI/ML,Technology",Data Scientist,"1 projects, 0 internships",Software Engineer
Undergraduate,Science/B.Sc,"NumPy,SQL,Pandas,Data Visualization","Technology,Finance,Research",Data Scientist,"0 projects, 0 internships",Data Analyst
Undergraduate,Commerce/B.Com,"Financial Accounting,Time Management,SQL,Taxation","Business,Government Jobs,Finance",Chartered Accountant,"0 projects, 1 internships",Chartered Accountant
Undergraduate,Business/BBA,"Project Management,SEO,Public Speaking,Sales,Product Management","Media,Entrepreneurship,Management",Marketing Manager,"1 projects, 1 internships",Product Manager
Class 12,PCM Stream,"Problem Solving,Chemistry Lab,Communication","Research,Government Jobs",Defense Officer (Army/Navy/Air Force),"1 projects, 1 internships",Civil Servant (IAS/IPS)
Undergraduate,Electronics & Communication,"Docker,Mathematics,Kubernetes,AWS","Research,Technology,Engineering",IoT Systems Architect,"0 projects, 1 internships",Embedded Systems Engineer
Undergraduate,Business/BBA,"Leadership,Sales,Product Management","Entrepreneurship,Management,Media",Product Manager,"0 projects, 1 internships",Product Manager
Undergraduate,Law/LLB,"Technical Writing,Law,Communication,Legal Writing,Negotiation,Constitutional Law","Social Impact,Government Jobs,Law",Corporate Lawyer,"2 projects, 0 internships",Corporate Lawyer
Undergraduate,Business/BBA,"Product Management,Communication,Sales,Project Management,Business Strategy,Leadership",Management,Management Consultant,"1 projects, 0 internships",Product Manager
Undergraduate,Law/LLB,"Constitutional Law,Legal Writing,Public Speaking,Communication,Negotiation,Leadership","Social Impact,Government Jobs,Law",Corporate Lawyer,"1 projects, 0 internships",Corporate Lawyer
Undergraduate,Commerce/B.Com,"Scrum,Problem Solving,Economics","Finance,Government Jobs",Unknown Career,"2 projects, 0 internships",Chartered Accountant
Class 12,PCM Stream,"Chemistry Lab,Problem Solving,Python,Physics Lab",Engineering,Defense Officer (Army/Navy/Air Force),"1 projects, 1 internships",Civil Servant (IAS/IPS)
Undergraduate,Business/BBA,"Product Management,Marketing,Communication,Project Management,Leadership,Public Speaking",Entrepreneurship,Management Consultant,"2 projects, 0 internships",Product Manager
Undergraduate,Computer Science,"Git,CSS,Python,JavaScript,C++","Technology,Business,AI/ML",DevOps Engineer,"2 projects, 0 internships",Software Engineer
Undergraduate,Computer Science,"CSS,REST APIs,Git,Java,Data Structures",Business,DevOps Engineer,"0 projects, 1 internships",Software Engineer
Undergraduate,Science/B.Sc,"Communication,Data Visualization,Python,Data Analytics,NumPy,Mathematics","Business,Finance",Data Analyst,"0 projects, 1 internships",Data Analyst
Undergraduate,Law/LLB,"Law,Public Speaking,Communication,Leadership",Law,Public Prosecutor,"0 projects, 1 internships",Corporate Lawyer
Undergraduate,Commerce/B.Com,"Data Analytics,Economics,Problem Solving,Taxation,SQL,Time Management",Finance,Chartered Accountant,"1 projects, 0 internships",Chartered Accountant
Undergraduate,Business/BBA,"Project Management,SEO,Marketing","Business,Management,Media",Brand Strategist,"0 projects, 0 internships",Product Manager
Undergraduate,Science/B.Sc,"Pandas,Statistics,Mathematics","Business,Technology,Research",Data Scientist,"1 projects, 1 internships",Data Analyst
Undergraduate,Electronics & Communication,"C++,Kubernetes,AWS,Python","Technology,Research",IoT Systems Architect,"2 projects, 1 internships",Embedded Systems Engineer
Class 12,PCM Stream,"Mathematics,Writing,Python,Chemistry Lab,Problem Solving,Physics Lab",Engineering,Civil Servant (IAS/IPS),"2 projects, 0 internships",Civil Servant (IAS/IPS)
Class 12,PCM Stream,"Physics Lab,Chemistry Lab,Writing,Problem Solving","Government Jobs,Defence",Civil Servant (IAS/IPS),"1 projects, 0 internships",Civil Servant (IAS/IPS)
Undergraduate,Business/BBA,"Sales,Leadership,Product Management,Public Speaking,Project Management,Business Strategy","Management,Entrepreneurship,Business",Marketing Manager,"2 projects, 1 internships",Product Manager
Undergraduate,Electronics & Communication,"Kubernetes,C++,Physics Lab,Linear Algebra,Figma,Mathematics","Research,Engineering",IoT Systems Architect,"0 projects, 0 internships",Embedded Systems Engineer
Undergraduate,Science/B.Sc,"Communication,SQL,Mathematics,Statistics,Pandas","Technology,Finance",Data Scientist,"2 projects, 1 internships",Data Analyst
Undergraduate,Business/BBA,"Leadership,SEO,Communication,Marketing,Public Speaking","Entrepreneurship,Management",Management Consultant,"1 projects, 1 internships",Product Manager
Undergraduate,Science/B.Sc,"SQL,Statistics,Mathematics,Python,NumPy",Finance,Financial Risk Analyst,"0 projects, 0 internships",Data Analyst
Class 12,PCM Stream,"Python,Writing,Problem Solving",Research,Civil Servant (IAS/IPS),"2 projects, 1 internships",Civil Servant (IAS/IPS)
Undergraduate,Science/B.Sc,"Pandas,Mathematics,Python,Communication,Data Analytics,SQL",Business,Data Scientist,"0 projects, 0 internships",Data Analyst
Undergraduate,Business/BBA,"Business Strategy,Marketing,Leadership,Communication","Media,Management",Product Manager,"0 projects, 1 internships",Product Manager
Class 12,PCM Stream,"Physics Lab,Communication,Chemistry Lab,Writing","Government Jobs,Research",Research Scientist,"1 projects, 0 internships",Civil Servant (IAS/IPS)
Undergraduate,Business/BBA,"Project Management,Sales,Leadership,Product Management",Business,Brand Strategist,"0 projects, 0 internships",Product Manager
Undergraduate,Computer Science,"SQL,Git,Python","Technology,AI/ML,Business",Cloud Architect,"0 projects, 1 internships",Software Engineer
Undergraduate,Electronics & Communication,"Figma,Mathematics,C++,Docker,Kubernetes","Technology,Engineering",VLSI Design Engineer,"1 projects, 0 internships",Embedded Systems Engineer
Undergraduate,Business/BBA,"Public Speaking,Project Management,Product Management",Entrepreneurship,Product Manager,"0 projects, 1 internships",Product Manager
Undergraduate,Computer Science,"CSS,React,Data Structures,HTML,REST APIs,Algorithms","Technology,Business,AI/ML",Cloud Architect,"1 projects, 0 internships",Software Engineer
Undergraduate,Science/B.Sc,"Data Visualization,Pandas,Statistics,Data Analytics,SQL,Python",Business,Financial Risk Analyst,"1 projects, 0 internships",Data Analyst
Undergraduate,Electronics & Communication,"Mathematics,Physics Lab,Python",Engineering,VLSI Design Engineer,"0 projects, 1 internships",Embedded Systems Engineer
Undergraduate,Computer Science,"Python,Git,REST APIs,Node.js",Business,DevOps Engineer,"2 projects, 0 internships",Software Engineer
Undergraduate,Law/LLB,"Constitutional Law,Leadership,Technical Writing,Legal Writing","Law,Social Impact",Patent Attorney,"2 projects, 1 internships",Corporate Lawyer
Undergraduate,Business/BBA,"Communication,SEO,Project Management",Business,Brand Strategist,"2 projects, 0 internships",Product Manager
Undergraduate,Commerce/B.Com,"SQL,Economics,Scrum,Financial Accounting",Finance,Chartered Accountant,"2 projects, 1 internships",Chartered Accountant
Class 12,PCM Stream,"Physics Lab,Python,Communication,Chemistry Lab,Writing,Problem Solving",Government Jobs,Research Scientist,"2 projects, 0 internships",Civil Servant (IAS/IPS)
Class 12,PCM Stream,"Chemistry Lab,Mathematics,Python,Physics Lab","Defence,Research",Civil Servant (IAS/IPS),"0 projects, 1 internships",Civil Servant (IAS/IPS)
Undergraduate,Computer Science,"C++,CSS,Git,SQL",Business,Cloud Architect,"1 projects, 1 internships",Software Engineer
Undergraduate,Computer Science,"React,Python,Java","Business,AI/ML,Technology",DevOps Engineer,"2 projects, 1 internships",Software Engineer
Undergraduate,Commerce/B.Com,"Financial Accounting,Data Analytics,Scrum",Government Jobs,Chartered Accountant,"2 projects, 0 internships",Chartered Accountant
Undergraduate,Electronics & Communication,"Data Structures,Physics Lab,Mathematics,Python",Research,VLSI Design Engineer,"2 projects, 0 internships",Embedded Systems Engineer
Undergraduate,Law/LLB,"Legal Writing,Law,Leadership",Law,Corporate Lawyer,"2 projects, 1 internships",Corporate Lawyer
Undergraduate,Electronics & Communication,"Figma,C++,Physics Lab,Docker","Engineering,Research,Technology",Embedded Systems Engineer,"0 projects, 1 internships",Embedded Systems Engineer
Undergraduate,Law/LLB,"Negotiation,Law,Legal Writing,Public Speaking,Technical Writing,Communication","Government Jobs,Social Impact,Law",Criminal Defense Lawyer,"2 projects, 1 internships",Corporate Lawyer
Undergraduate,Electronics & Communication,"Kubernetes,Figma,C++","Technology,Engineering,Research",IoT Systems Architect,"0 projects, 0 internships",Embedded Systems Engineer
Undergraduate,Electronics & Communication,"Linear Algebra,Python,AWS","Engineering,Technology,Research",Embedded Systems Engineer,"2 projects, 1 internships",Embedded Systems Engineer
Undergraduate,Science/B.Sc,"Data Visualization,Statistics,Pandas,SQL,Python","Technology,Research,Finance",Data Scientist,"0 projects, 0 internships",Data Analyst
Undergraduate,Business/BBA,"Communication,SEO,Business Strategy,Public Speaking,Marketing,Leadership",Entrepreneurship,Product Manager,"1 projects, 1 internships",Product Manager
Undergraduate,Commerce/B.Com,"Communication,Scrum,Financial Accounting,Data Analytics","Government Jobs,Business",Investment Banker,"0 projects, 1 internships",Chartered Accountant
Undergraduate,Law/LLB,"Legal Writing,Leadership,Constitutional Law","Law,Social Impact",Patent Attorney,"1 projects, 1 internships",Corporate Lawyer
Class 12,PCM Stream,"Problem Solving,Communication,Python,Chemistry Lab,Writing,Mathematics",Government Jobs,Research Scientist,"1 projects, 1 internships",Civil Servant (IAS/IPS)
Undergraduate,Law/LLB,"Negotiation,Legal Writing,Public Speaking","Law,Social Impact",Corporate Lawyer,"0 projects, 0 internships",Corporate Lawyer
Undergraduate,Commerce/B.Com,"Financial Accounting,Data Analytics,Communication,Time Management,Problem Solving,Scrum",Government Jobs,Investment Banker,"2 projects, 0 internships",Chartered Accountant
Undergraduate,Commerce/B.Com,"Data Analytics,Communication,Taxation,Time Management","Finance,Government Jobs",Investment Banker,"2 projects, 0 internships",Chartered Accountant
Undergraduate,Science/B.Sc,"Communication,Statistics,Mathematics,Data Analytics,Data Visualization",Technology,Financial Risk Analyst,"2 projects, 0 internships",Data Analyst
Undergraduate,Science/B.Sc,"Data Analytics,Statistics,Communication,SQL,Mathematics,Python","Research,Business,Finance",Actuarial Analyst,"1 projects, 0 internships",Data Analyst
Undergraduate,Science/B.Sc,"Communication,Pandas,Mathematics","Research,Finance,Business",Data Scientist,"0 projects, 0 internships",Data Analyst
Undergraduate,Commerce/B.Com,"Taxation,SQL,Time Management,Scrum,Data Analytics",Government Jobs,Investment Banker,"1 projects, 1 internships",Chartered Accountant
Undergraduate,Electronics & Communication,"C++,Mathematics,Linear Algebra",Technology,Network Security Engineer,"0 projects, 1 internships",Embedded Systems Engineer
Class 12,PCM Stream,"Problem Solving,Chemistry Lab,Communication","Defence,Engineering",Civil Servant (IAS/IPS),"2 projects, 1 internships",Civil Servant (IAS/IPS)
Undergraduate,Computer Science,"JavaScript,Data Structures,REST APIs,Algorithms,Python,SQL","AI/ML,Business",Cloud Architect,"1 projects, 0 internships",Software Engineer
Undergraduate,Business/BBA,"Communication,Business Strategy,Public Speaking","Management,Media,Entrepreneurship",Product Manager,"2 projects, 0 internships",Product Manager
Class 12,PCM Stream,"Problem Solving,Chemistry Lab,Physics Lab,Mathematics","Defence,Engineering,Government Jobs",Civil Servant (IAS/IPS),"1 projects, 1 internships",Civil Servant (IAS/IPS)
Undergraduate,Business/BBA,"Marketing,Project Management,Public Speaking,Sales","Business,Management",Management Consultant,"1 projects, 1 internships",Product Manager
Undergraduate,Commerce/B.Com,"Communication,Financial Accounting,Problem Solving,Scrum",Finance,Unknown Career,"2 projects, 1 internships",Chartered Accountant
Undergraduate,Business/BBA,"Business Strategy,Marketing,Public Speaking,Leadership","Entrepreneurship,Management",Product Manager,"2 projects, 1 internships",Product Manager
Undergraduate,Science/B.Sc,"Statistics,Python,NumPy,Communication",Business,Actuarial Analyst,"0 projects, 0 internships",Data Analyst
Undergraduate,Electronics & Communication,"Linear Algebra,Kubernetes,Figma","Engineering,Research",VLSI Design Engineer,"0 projects, 1 internships",Embedded Systems Engineer
Undergraduate,Science/B.Sc,"Pandas,NumPy,Data Visualization,Communication,Data Analytics,Mathematics","Research,Technology",Data Scientist,"1 projects, 0 internships",Data Analyst
Undergraduate,Business/BBA,"Leadership,Sales,Project Management,Business Strategy,Product Management,Public Speaking","Business,Entrepreneurship,Management",Management Consultant,"0 projects, 0 internships",Product Manager
Class 12,PCM Stream,"Writing,Communication,Chemistry Lab","Research,Engineering",Civil Servant (IAS/IPS),"2 projects, 0 internships",Civil Servant (IAS/IPS)
Undergraduate,Electronics & Communication,"AWS,Figma,Mathematics,Linear Algebra","Research,Technology,Engineering",Network Security Engineer,"0 projects, 1 internships",Embedded Systems Engineer
Class 12,PCM Stream,"Chemistry Lab,Physics Lab,Python,Communication,Writing,Mathematics",Defence,High School Physics Teacher,"1 projects, 1 internships",Civil Servant (IAS/IPS)
Undergraduate,Law/LLB,"Law,Technical Writing,Leadership","Social Impact,Law",Criminal Defense Lawyer,"0 projects, 1 internships",Corporate Lawyer
Class 12,PCM Stream,"Chemistry Lab,Mathematics,Python,Communication","Defence,Engineering",Civil Servant (IAS/IPS),"0 projects, 0 internships",Civil Servant (IAS/IPS)
Undergraduate,Business/BBA,"Product Management,Business Strategy,SEO,Sales,Project Management","Entrepreneurship,Media,Business",Product Manager,"0 projects, 0 internships",Product Manager
Undergraduate,Commerce/B.Com,"Taxation,Time Management,SQL,Scrum","Finance,Government Jobs",Chartered Accountant,"1 projects, 1 internships",Chartered Accountant
Undergraduate,Electronics & Communication,"Figma,AWS,Physics Lab,C++,Kubernetes,Docker",Research,IoT Systems Architect,"1 projects, 0 internships",Embedded Systems Engineer
Undergraduate,Computer Science,"Python,Node.js,Git",Technology,DevOps Engineer,"2 projects, 1 internships",Software Engineer
Undergraduate,Business/BBA,"Product Management,Sales,SEO",Media,Product Manager,"1 projects, 1 internships",Product Manager
Class 12,PCM Stream,"Communication,Mathematics,Chemistry Lab,Physics Lab,Problem Solving",Research,Defense Officer (Army/Navy/Air Force),"1 projects, 1 internships",Civil Servant (IAS/IPS)
Undergraduate,Computer Science,"CSS,Python,Algorithms",Technology,Software Engineer,"2 projects, 1 internships",Software Engineer
Undergraduate,Commerce/B.Com,"Scrum,Data Analytics,Financial Accounting","Government Jobs,Business",Investment Banker,"2 projects, 1 internships",Chartered Accountant
Undergraduate,Science/B.Sc,"Statistics,NumPy,Mathematics,Data Visualization,Pandas","Technology,Finance",Financial Risk Analyst,"2 projects, 0 internships",Data Analyst
Undergraduate,Computer Science,"JavaScript,C++,Algorithms,HTML",Technology,Data Scientist,"0 projects, 0 internships",Software Engineer
Class 12,PCM Stream,"Chemistry Lab,Communication,Mathematics,Writing,Python","Government Jobs,Research,Engineering",High School Physics Teacher,"0 projects, 0 internships",Civil Servant (IAS/IPS)
Undergraduate,Business/BBA,"Marketing,Product Management,Project Management","Business,Media,Entrepreneurship",Product Manager,"2 projects, 0 internships",Product Manager
Undergraduate,Law/LLB,"Leadership,Legal Writing,Constitutional Law,Communication","Law,Social Impact",Patent Attorney,"0 projects, 0 internships",Corporate Lawyer
Undergraduate,Computer Science,"React,CSS,HTML","Technology,AI/ML",DevOps Engineer,"0 projects, 1 internships",Software Engineer
Undergraduate,Commerce/B.Com,"Scrum,Communication,Problem Solving,Data Analytics,SQL,Taxation",Finance,Investment Banker,"2 projects, 1 internships",Chartered Accountant
Undergraduate,Science/B.Sc,"Data Analytics,Communication,Pandas,Data Visualization,Statistics","Research,Business,Finance",Data Scientist,"0 projects, 0 internships",Data Analyst
Undergraduate,Computer Science,"HTML,Node.js,CSS",Technology,DevOps Engineer,"1 projects, 0 internships",Software Engineer
Class 12,PCM Stream,"Problem Solving,Communication,Chemistry Lab,Python,Writing,Physics Lab",Research,High School Physics Teacher,"0 projects, 1 internships",Civil Servant (IAS/IPS)
Undergraduate,Electronics & Communication,"Mathematics,Docker,AWS","Research,Engineering",Network Security Engineer,"0 projects, 0 internships",Embedded Systems Engineer
Undergraduate,Commerce/B.Com,"Time Management,Scrum,Communication",Business,Investment Banker,"2 projects, 0 internships",Chartered Accountant
Undergraduate,Science/B.Sc,"Data Analytics,Mathematics,Python,Pandas,NumPy,SQL","Finance,Business",Actuarial Analyst,"1 projects, 1 internships",Data Analyst
Undergraduate,Business/BBA,"Project Management,Business Strategy,Marketing,Public Speaking","Entrepreneurship,Media",Management Consultant,"1 projects, 0 internships",Product Manager
Undergraduate,Business/BBA,"Communication,SEO,Public Speaking,Leadership","Business,Management",Product Manager,"2 projects, 0 internships",Product Manager
Undergraduate,Computer Science,"Node.js,Git,SQL,REST APIs,Algorithms,React","AI/ML,Technology",Software Engineer,"0 projects, 0 internships",Software Engineer
Undergraduate,Business/BBA,"Marketing,Sales,SEO,Leadership,Public Speaking",Entrepreneurship,Brand Strategist,"0 projects, 0 internships",Product Manager
Undergraduate,Science/B.Sc,"Pandas,Data Analytics,Statistics","Business,Technology",Actuarial Analyst,"0 projects, 0 internships",Data Analyst
Undergraduate,Commerce/B.Com,"Communication,Problem Solving,Data Analytics,Time Management,Financial Accounting","Finance,Government Jobs",Financial Consultant,"0 projects, 1 internships",Chartered Accountant
Undergraduate,Science/B.Sc,"Data Visualization,Mathematics,Communication,SQL",Research,Actuarial Analyst,"1 projects, 1 internships",Data Analyst
Class 12,PCM Stream,"Python,Communication,Problem Solving,Chemistry Lab","Defence,Government Jobs",Defense Officer (Army/Navy/Air Force),"0 projects, 1 internships",Civil Servant (IAS/IPS)
Undergraduate,Science/B.Sc,"Python,Communication,Data Visualization",Technology,Data Scientist,"0 projects, 1 internships",Data Analyst
Undergraduate,Computer Science,"React,Git,C++","Technology,Business",Data Scientist,"0 projects, 0 internships",Software Engineer
Class 12,PCM Stream,"Communication,Physics Lab,Mathematics,Python","Research,Engineering,Government Jobs",Civil Servant (IAS/IPS),"2 projects, 0 internships",Civil Servant (IAS/IPS)
Undergraduate,Computer Science,"HTML,React,C++,Python,SQL","Business,AI/ML",AI/ML Engineer,"2 projects, 0 internships",Software Engineer
Class 12,PCM Stream,"Problem Solving,Communication,Mathematics,Writing,Physics Lab","Government Jobs,Engineering",Defense Officer (Army/Navy/Air Force),"2 projects, 0 internships",Civil Servant (IAS/IPS)
Undergraduate,Law/LLB,"Law,Communication,Technical Writing,Public Speaking,Legal Writing,Negotiation",Law,Corporate Lawyer,"1 projects, 0 internships",Corporate Lawyer
Undergraduate,Commerce/B.Com,"Taxation,SQL,Economics,Data Analytics,Communication","Business,Government Jobs",Financial Consultant,"2 projects, 1 internships",Chartered Accountant
Undergraduate,Business/BBA,"Business Strategy,Sales,Marketing,SEO,Public Speaking","Business,Management,Media",Product Manager,"2 projects, 0 internships",Product Manager
Undergraduate,Business/BBA,"Leadership,Sales,Business Strategy,Communication,Project Management,Product Management","Media,Business",Management Consultant,"0 projects, 0 internships",Product Manager
Undergraduate,Electronics & Communication,"Physics Lab,Mathematics,Kubernetes","Engineering,Research",Embedded Systems Engineer,"2 projects, 1 internships",Embedded Systems Engineer
Undergraduate,Commerce/B.Com,"Data Analytics,Time Management,Problem Solving,Scrum","Finance,Business,Government Jobs",Financial Consultant,"0 projects, 0 internships",Chartered Accountant
Undergraduate,Business/BBA,"Communication,Project Management,Leadership,Marketing",Entrepreneurship,Management Consultant,"2 projects, 1 internships",Product Manager
Undergraduate,Law/LLB,"Technical Writing,Constitutional Law,Communication,Legal Writing,Negotiation,Public Speaking","Government Jobs,Social Impact,Law",Criminal Defense Lawyer,"0 projects, 0 internships",Corporate Lawyer
Undergraduate,Science/B.Sc,"NumPy,Data Analytics,SQL","Business,Finance,Technology",Data Scientist,"2 projects, 0 internships",Data Analyst
Class 12,PCM Stream,"Communication,Problem Solving,Python,Mathematics,Writing","Research,Government Jobs",Civil Servant (IAS/IPS),"1 projects, 0 internships",Civil Servant (IAS/IPS)
Undergraduate,Computer Science,"Java,JavaScript,Data Structures,React,Git",Business,Software Engineer,"0 projects, 1 internships",Software Engineer
Class 12,PCM Stream,"Python,Chemistry Lab,Problem Solving,Writing,Communication","Defence,Government Jobs",Civil Servant (IAS/IPS),"1 projects, 0 internships",Civil Servant (IAS/IPS)
Undergraduate,Commerce/B.Com,"Time Management,Problem Solving,Communication,SQL,Economics,Scrum","Business,Finance",Unknown Career,"1 projects, 0 internships",Chartered Accountant
Undergraduate,Computer Science,"Git,HTML,REST APIs,C++,CSS,Data Structures",AI/ML,AI/ML Engineer,"2 projects, 1 internships",Software Engineer
Undergraduate,Commerce/B.Com,"Taxation,Communication,Data Analytics,SQL,Economics,Time Management","Finance,Government Jobs",Chartered Accountant,"0 projects, 1 internships",Chartered Accountant
Undergraduate,Business/BBA,"Communication,Leadership,Business Strategy",Entrepreneurship,Brand Strategist,"2 projects, 0 internships",Product Manager
Undergraduate,Law/LLB,"Constitutional Law,Negotiation,Technical Writing",Law,Corporate Lawyer,"2 projects, 1 internships",Corporate Lawyer
Undergraduate,Electronics & Communication,"Docker,C++,Data Structures,Physics Lab,Kubernetes,Linear Algebra",Research,IoT Systems Architect,"2 projects, 0 internships",Embedded Systems Engineer
Undergraduate,Science/B.Sc,"Data Visualization,Statistics,Pandas,Mathematics,Data Analytics",Finance,Actuarial Analyst,"1 projects, 1 internships",Data Analyst
Undergraduate,Electronics & Communication,"Mathematics,Data Structures,C++,Kubernetes","Technology,Research,Engineering",Network Security Engineer,"2 projects, 1 internships",Embedded Systems Engineer
Undergraduate,Electronics & Communication,"AWS,Python,Kubernetes,Mathematics","Engineering,Technology,Research",VLSI Design Engineer,"2 projects, 0 internships",Embedded Systems Engineer
Undergraduate,Law/LLB,"Law,Communication,Constitutional Law,Public Speaking","Law,Social Impact,Government Jobs",Criminal Defense Lawyer,"0 projects, 1 internships",Corporate Lawyer
Undergraduate,Computer Science,"SQL,Node.js,JavaScript,REST APIs","Business,Technology,AI/ML",AI/ML Engineer,"0 projects, 1 internships",Software Engineer
Undergraduate,Science/B.Sc,"Python,Pandas,Mathematics,NumPy,SQL,Data Analytics",Research,Data Scientist,"2 projects, 1 internships",Data Analyst
Undergraduate,Commerce/B.Com,"Financial Accounting,Time Management,SQL,Communication,Economics","Finance,Business,Government Jobs",Investment Banker,"1 projects, 1 internships",Chartered Accountant
Undergraduate,Commerce/B.Com,"Scrum,SQL,Economics,Communication","Finance,Business,Government Jobs",Financial Consultant,"1 projects, 1 internships",Chartered Accountant
Undergraduate,Electronics & Communication,"Physics Lab,Data Structures,Linear Algebra,C++,Docker,Figma",Research,Network Security Engineer,"1 projects, 1 internships",Embedded Systems Engineer
Undergraduate,Electronics & Communication,"AWS,Data Structures,Physics Lab,C++,Figma",Research,VLSI Design Engineer,"1 projects, 0 internships",Embedded Systems Engineer
Undergraduate,Law/LLB,"Technical Writing,Negotiation,Leadership,Constitutional Law","Law,Government Jobs,Social Impact",Patent Attorney,"0 projects, 1 internships",Corporate Lawyer
Undergraduate,Electronics & Communication,"Figma,Kubernetes,C++,Physics Lab","Engineering,Technology,Research",VLSI Design Engineer,"1 projects, 0 internships",Embedded Systems Engineer
Class 12,PCM Stream,"Chemistry Lab,Physics Lab,Mathematics","Government Jobs,Engineering",High School Physics Teacher,"1 projects, 1 internships",Civil Servant (IAS/IPS)
Undergraduate,Computer Science,"Python,CSS,JavaScript,Git,Node.js,Data Structures","Technology,AI/ML,Business",AI/ML Engineer,"1 projects, 0 internships",Software Engineer
Undergraduate,Science/B.Sc,"Data Visualization,Mathematics,Communication","Business,Research",Data Analyst,"1 projects, 0 internships",Data Analyst
Class 12,PCM Stream,"Python,Writing,Communication","Defence,Research,Government Jobs",Research Scientist,"0 projects, 0 internships",Civil Servant (IAS/IPS)
Undergraduate,Law/LLB,"Technical Writing,Communication,Constitutional Law,Leadership,Legal Writing","Government Jobs,Law,Social Impact",Criminal Defense Lawyer,"1 projects, 0 internships",Corporate Lawyer
Undergraduate,Commerce/B.Com,"SQL,Economics,Scrum,Problem Solving,Time Management,Financial Accounting","Government Jobs,Finance",Chartered Accountant,"1 projects, 1 internships",Chartered Accountant
Undergraduate,Electronics & Communication,"Python,Figma,Docker",Technology,Network Security Engineer,"1 projects, 0 internships",Embedded Systems Engineer
Undergraduate,Computer Science,"SQL,JavaScript,CSS,Git,Java,React","Business,AI/ML,Technology",DevOps Engineer,"2 projects, 0 internships",Software Engineer
Undergraduate,Electronics & Communication,"Kubernetes,C++,Figma,Mathematics",Engineering,VLSI Design Engineer,"0 projects, 0 internships",Embedded Systems Engineer
Undergraduate,Electronics & Communication,"C++,Figma,Mathematics","Engineering,Research,Technology",Network Security Engineer,"1 projects, 0 internships",Embedded Systems Engineer
Undergraduate,Computer Science,"CSS,Python,Node.js,HTML",Technology,Software Engineer,"0 projects, 0 internships",Software Engineer
Undergraduate,Science/B.Sc,"Statistics,Data Analytics,Communication,Mathematics,Pandas,Python","Finance,Technology,Business",Data Scientist,"1 projects, 1 internships",Data Analyst
Undergraduate,Science/B.Sc,"Pandas,Communication,NumPy,Data Visualization,Mathematics,Statistics","Finance,Business",Actuarial Analyst,"1 projects, 1 internships",Data Analyst
Undergraduate,Electronics & Communication,"Docker,Python,Physics Lab,Linear Algebra","Technology,Engineering",Embedded Systems Engineer,"0 projects, 1 internships",Embedded Systems Engineer
Undergraduate,Electronics & Communication,"Linear Algebra,Kubernetes,Mathematics,Data Structures,Figma,Docker","Technology,Engineering,Research",Network Security Engineer,"1 projects, 0 internships",Embedded Systems Engineer
Undergraduate,Computer Science,"JavaScript,Data Structures,Git,Algorithms,REST APIs,HTML",Technology,DevOps Engineer,"2 projects, 1 internships",Software Engineer
Undergraduate,Computer Science,"Git,CSS,Algorithms,REST APIs","Technology,Business",Data Scientist,"0 projects, 0 internships",Software Engineer
Undergraduate,Electronics & Communication,"Python,Docker,AWS,C++",Technology,VLSI Design Engineer,"2 projects, 0 internships",Embedded Systems Engineer
Undergraduate,Business/BBA,"Sales,Leadership,Marketing",Entrepreneurship,Brand Strategist,"2 projects, 0 internships",Product Manager
Undergraduate,Commerce/B.Com,"Time Management,Data Analytics,Economics,Financial Accounting,SQL","Government Jobs,Finance",Financial Consultant,"1 projects, 0 internships",Chartered Accountant
Undergraduate,Business/BBA,"Product Management,Business Strategy,Marketing,Sales",Entrepreneurship,Marketing Manager,"2 projects, 1 internships",Product Manager
Undergraduate,Science/B.Sc,"Statistics,Pandas,Communication,Data Visualization","Technology,Business,Research",Actuarial Analyst,"1 projects, 1 internships",Data Analyst
Undergraduate,Computer Science,"Python,C++,Git","Technology,Business,AI/ML",DevOps Engineer,"2 projects, 1 internships",Software Engineer
Class 12,PCM Stream,"Writing,Chemistry Lab,Python,Mathematics","Engineering,Research",Research Scientist,"1 projects, 0 internships",Civil Servant (IAS/IPS)
Undergraduate,Science/B.Sc,"Data Analytics,NumPy,Data Visualization,Python","Research,Technology",Data Analyst,"1 projects, 1 internships",Data Analyst
Undergraduate,Business/BBA,"Business Strategy,Leadership,SEO,Product Management","Business,Management",Management Consultant,"2 projects, 0 internships",Product Manager
Class 12,PCM Stream,"Problem Solving,Python,Physics Lab,Mathematics",Research,High School Physics Teacher,"1 projects, 1 internships",Civil Servant (IAS/IPS)
Undergraduate,Electronics & Communication,"C++,Docker,Mathematics,Kubernetes,Linear Algebra,Physics Lab",Engineering,Embedded Systems Engineer,"2 projects, 1 internships",Embedded Systems Engineer
Undergraduate,Computer Science,"Data Structures,Python,Java,SQL,HTML,C++","Business,Technology,AI/ML",DevOps Engineer,"2 projects, 0 internships",Software Engineer
Undergraduate,Electronics & Communication,"Docker,Data Structures,Figma","Research,Engineering,Technology",VLSI Design Engineer,"1 projects, 1 internships",Embedded Systems Engineer
Undergraduate,Law/LLB,"Communication,Technical Writing,Legal Writing","Social Impact,Law,Government Jobs",Corporate Lawyer,"1 projects, 1 internships",Corporate Lawyer
Class 12,PCM Stream,"Python,Chemistry Lab,Physics Lab,Mathematics,Writing,Problem Solving",Defence,High School Physics Teacher,"2 projects, 0 internships",Civil Servant (IAS/IPS)
Undergraduate,Commerce/B.Com,"Time Management,Data Analytics,Scrum","Finance,Government Jobs,Business",Financial Consultant,"1 projects, 1 internships",Chartered Accountant
Undergraduate,Computer Science,"SQL,Python,JavaScript","AI/ML,Technology",Cloud Architect,"2 projects, 0 internships",Software Engineer
Undergraduate,Business/BBA,"SEO,Business Strategy,Communication,Public Speaking,Project Management","Management,Media,Entrepreneurship",Management Consultant,"1 projects, 0 internships",Product Manager
Class 12,PCM Stream,"Problem Solving,Communication,Python,Chemistry Lab,Physics Lab,Writing","Government Jobs,Engineering",Civil Servant (IAS/IPS),"0 projects, 1 internships",Civil Servant (IAS/IPS)
Undergraduate,Science/B.Sc,"Python,Mathematics,NumPy,Statistics,Pandas,Data Visualization","Technology,Research,Business",Financial Risk Analyst,"0 projects, 1 internships",Data Analyst
Undergraduate,Business/BBA,"Marketing,Communication,Leadership",Management,Product Manager,"1 projects, 0 internships",Product Manager
Undergraduate,Electronics & Communication,"AWS,Data Structures,Python,Mathematics",Research,VLSI Design Engineer,"2 projects, 1 internships",Embedded Systems Engineer
Undergraduate,Computer Science,"JavaScript,Algorithms,React,Data Structures,REST APIs,HTML","Business,AI/ML,Technology",DevOps Engineer,"0 projects, 0 internships",Software Engineer
Undergraduate,Law/LLB,"Technical Writing,Law,Negotiation",Social Impact,Criminal Defense Lawyer,"2 projects, 0 internships",Corporate Lawyer
Undergraduate,Computer Science,"Data Structures,C++,React","Business,Technology,AI/ML",Data Scientist,"0 projects, 0 internships",Software Engineer
Undergraduate,Electronics & Communication,"Docker,Physics Lab,Data Structures,Kubernetes","Research,Engineering,Technology",Embedded Systems Engineer,"2 projects, 1 internships",Embedded Systems Engineer
Undergraduate,Computer Science,"Java,HTML,C++",Business,Software Engineer,"1 projects, 1 internships",Software Engineer
Undergraduate,Business/BBA,"Project Management,Marketing,SEO,Product Management","Management,Entrepreneurship",Product Manager,"1 projects, 0 internships",Product Manager
Class 12,PCM Stream,"Physics Lab,Python,Communication,Mathematics,Writing,Problem Solving","Engineering,Government Jobs,Research",Civil Servant (IAS/IPS),"2 projects, 1 internships",Civil Servant (IAS/IPS)
Undergraduate,Business/BBA,"SEO,Sales,Communication","Media,Business",Product Manager,"2 projects, 1 internships",Product Manager
Undergraduate,Computer Science,"REST APIs,Node.js,JavaScript,Data Structures","Technology,AI/ML,Business",Cloud Architect,"1 projects, 0 internships",Software Engineer
Class 12,PCM Stream,"Python,Writing,Communication,Mathematics","Research,Engineering,Defence",High School Physics Teacher,"1 projects, 0 internships",Civil Servant (IAS/IPS)
Undergraduate,Business/BBA,"SEO,Leadership,Marketing,Communication","Management,Media",Marketing Manager,"0 projects, 1 internships",Product Manager
Class 12,PCM Stream,"Problem Solving,Chemistry Lab,Physics Lab,Python,Communication",Defence,High School Physics Teacher,"0 projects, 1 internships",Civil Servant (IAS/IPS)
Undergraduate,Electronics & Communication,"AWS,Python,Linear Algebra,Figma,Data Structures","Technology,Engineering,Research",IoT Systems Architect,"0 projects, 1 internships",Embedded Systems Engineer
Undergraduate,Commerce/B.Com,"Communication,Taxation,Problem Solving",Government Jobs,Investment Banker,"2 projects, 1 internships",Chartered Accountant
Undergraduate,Commerce/B.Com,"Data Analytics,Scrum,Financial Accounting,SQL","Business,Finance,Government Jobs",Chartered Accountant,"0 projects, 0 internships",Chartered Accountant
Undergraduate,Electronics & Communication,"Kubernetes,Figma,Docker,Linear Algebra,C++","Technology,Research",IoT Systems Architect,"2 projects, 0 internships",Embedded Systems Engineer
Undergraduate,Science/B.Sc,"Python,Pandas,Data Visualization,SQL",Business,Data Analyst,"2 projects, 0 internships",Data Analyst
Undergraduate,Law/LLB,"Public Speaking,Communication,Negotiation,Technical Writing,Law,Constitutional Law","Law,Government Jobs,Social Impact",Patent Attorney,"0 projects, 0 internships",Corporate Lawyer
Undergraduate,Computer Science,"Java,Algorithms,Data Structures,CSS,Python,React","Technology,AI/ML,Business",AI/ML Engineer,"2 projects, 1 internships",Software Engineer
Undergraduate,Commerce/B.Com,"Time Management,Problem Solving,SQL,Communication,Economics",Business,Financial Consultant,"2 projects, 1 internships",Chartered Accountant
Undergraduate,Business/BBA,"Leadership,Public Speaking,Product Management",Business,Management Consultant,"0 projects, 0 internships",Product Manager
Undergraduate,Law/LLB,"Law,Communication,Public Speaking,Leadership,Legal Writing,Constitutional Law","Law,Government Jobs",Public Prosecutor,"0 projects, 1 internships",Corporate Lawyer
Class 12,PCM Stream,"Physics Lab,Chemistry Lab,Communication,Problem Solving,Python,Writing","Engineering,Defence",Defense Officer (Army/Navy/Air Force),"0 projects, 1 internships",Civil Servant (IAS/IPS)
Undergraduate,Business/BBA,"Leadership,Communication,Public Speaking,Sales,SEO,Project Management",Entrepreneurship,Marketing Manager,"2 projects, 0 internships",Product Manager
Undergraduate,Commerce/B.Com,"Economics,SQL,Financial Accounting","Government Jobs,Business",Chartered Accountant,"0 projects, 0 internships",Chartered Accountant
Class 12,PCM Stream,"Physics Lab,Writing,Mathematics,Chemistry Lab,Problem Solving,Communication","Engineering,Research",Research Scientist,"0 projects, 1 internships",Civil Servant (IAS/IPS)
Undergraduate,Science/B.Sc,"Communication,Statistics,Data Analytics,NumPy","Finance,Technology",Financial Risk Analyst,"1 projects, 1 internships",Data Analyst
Undergraduate,Electronics & Communication,"Physics Lab,Data Structures,AWS,Docker",Research,Embedded Systems Engineer,"2 projects, 1 internships",Embedded Systems Engineer
Undergraduate,Business/BBA,"Sales,Leadership,Project Management,SEO","Management,Entrepreneurship",Product Manager,"1 projects, 0 internships",Product Manager
Undergraduate,Commerce/B.Com,"Taxation,Time Management,Scrum,Data Analytics,Economics","Finance,Government Jobs,Business",Unknown Career,"1 projects, 1 internships",Chartered Accountant
Undergraduate,Business/BBA,"Product Management,Public Speaking,Project Management","Management,Media,Entrepreneurship",Management Consultant,"1 projects, 1 internships",Product Manager
Undergraduate,Computer Science,"Python,REST APIs,Java","Business,AI/ML",DevOps Engineer,"0 projects, 0 internships",Software Engineer
Undergraduate,Electronics & Communication,"Physics Lab,Figma,Linear Algebra,Mathematics,Kubernetes","Research,Engineering",IoT Systems Architect,"2 projects, 1 internships",Embedded Systems Engineer
Class 12,PCM Stream,"Problem Solving,Python,Physics Lab,Writing,Mathematics,Chemistry Lab","Research,Defence,Engineering",High School Physics Teacher,"2 projects, 0 internships",Civil Servant (IAS/IPS)
Undergraduate,Law/LLB,"Negotiation,Communication,Constitutional Law,Public Speaking","Law,Social Impact,Government Jobs",Corporate Lawyer,"0 projects, 1 internships",Corporate Lawyer
Undergraduate,Business/BBA,"Communication,Public Speaking,Marketing","Media,Business",Marketing Manager,"2 projects, 1 internships",Product Manager
Class 12,PCM Stream,"Python,Mathematics,Problem Solving,Writing","Government Jobs,Research,Defence",Research Scientist,"0 projects, 0 internships",Civil Servant (IAS/IPS)
Undergraduate,Business/BBA,"Public Speaking,Communication,Leadership,SEO","Media,Management",Marketing Manager,"2 projects, 0 internships",Product Manager
Undergraduate,Computer Science,"Python,Algorithms,Node.js,HTML,Data Structures","AI/ML,Technology,Business",DevOps Engineer,"1 projects, 1 internships",Software Engineer
Undergraduate,Commerce/B.Com,"Financial Accounting,Time Management,Economics,Communication,SQL","Business,Finance",Unknown Career,"2 projects, 0 internships",Chartered Accountant
Undergraduate,Electronics & Communication,"Linear Algebra,Kubernetes,Figma",Engineering,Embedded Systems Engineer,"2 projects, 1 internships",Embedded Systems Engineer
Undergraduate,Commerce/B.Com,"Economics,Scrum,SQL,Taxation,Time Management",Business,Financial Consultant,"2 projects, 1 internships",Chartered Accountant
Undergraduate,Science/B.Sc,"Data Visualization,Communication,Mathematics,Python","Business,Finance",Data Analyst,"0 projects, 1 internships",Data Analyst
Undergraduate,Business/BBA,"Public Speaking,SEO,Sales,Leadership,Marketing,Communication","Management,Entrepreneurship,Business",Marketing Manager,"1 projects, 0 internships",Product Manager
Undergraduate,Computer Science,"React,Node.js,Git,Python,Algorithms","AI/ML,Technology,Business",Cloud Architect,"2 projects, 0 internships",Software Engineer
Undergraduate,Computer Science,"SQL,Algorithms,Python,React,REST APIs,Data Structures","Technology,AI/ML,Business",AI/ML Engineer,"2 projects, 1 internships",Software Engineer
Class 12,PCM Stream,"Problem Solving,Chemistry Lab,Python,Writing,Communication,Mathematics",Government Jobs,Research Scientist,"0 projects, 0 internships",Civil Servant (IAS/IPS)
Undergraduate,Law/LLB,"Law,Legal Writing,Negotiation,Constitutional Law,Leadership,Public Speaking",Law,Criminal Defense Lawyer,"2 projects, 1 internships",Corporate Lawyer
Undergraduate,Commerce/B.Com,"Economics,SQL,Problem Solving,Taxation,Communication","Finance,Government Jobs",Unknown Career,"0 projects, 1 internships",Chartered Accountant
Undergraduate,Electronics & Communication,"Kubernetes,Linear Algebra,Figma",Technology,Embedded Systems Engineer,"2 projects, 1 internships",Embedded Systems Engineer
Undergraduate,Electronics & Communication,"Data Structures,Python,C++,Physics Lab",Research,Network Security Engineer,"2 projects, 1 internships",Embedded Systems Engineer
Undergraduate,Electronics & Communication,"Physics Lab,Data Structures,AWS,Figma,Docker",Engineering,VLSI Design Engineer,"0 projects, 1 internships",Embedded Systems Engineer
Undergraduate,Business/BBA,"Public Speaking,Leadership,Product Management,SEO","Media,Business,Management",Product Manager,"2 projects, 1 internships",Product Manager
Undergraduate,Business/BBA,"Leadership,Public Speaking,Project Management,SEO,Communication","Management,Business,Entrepreneurship",Product Manager,"1 projects, 0 internships",Product Manager
Undergraduate,Computer Science,"Algorithms,Git,C++,SQL,JavaScript",AI/ML,DevOps Engineer,"2 projects, 0 internships",Software Engineer
Undergraduate,Commerce/B.Com,"Data Analytics,Communication,Financial Accounting,SQL,Problem Solving,Time Management","Business,Finance",Chartered Accountant,"0 projects, 1 internships",Chartered Accountant
Undergraduate,Science/B.Sc,"Python,Data Visualization,Communication,NumPy,SQL","Business,Research,Finance",Financial Risk Analyst,"2 projects, 0 internships",Data Analyst
Class 12,PCM Stream,"Communication,Chemistry Lab,Physics Lab,Writing,Python","Government Jobs,Defence",Research Scientist,"2 projects, 1 internships",Civil Servant (IAS/IPS)
Undergraduate,Business/BBA,"SEO,Communication,Leadership","Entrepreneurship,Management,Business",Management Consultant,"2 projects, 1 internships",Product Manager
Undergraduate,Electronics & Communication,"Physics Lab,AWS,Python,Figma,Mathematics,Docker",Technology,Embedded Systems Engineer,"1 projects, 1 internships",Embedded Systems Engineer
Undergraduate,Computer Science,"REST APIs,CSS,React,Git,Algorithms","Business,Technology",Cloud Architect,"2 projects, 0 internships",Software Engineer
Undergraduate,Commerce/B.Com,"Financial Accounting,Problem Solving,Scrum,Time Management,Taxation",Finance,Chartered Accountant,"1 projects, 1 internships",Chartered Accountant
Undergraduate,Law/LLB,"Constitutional Law,Technical Writing,Communication","Social Impact,Government Jobs",Criminal Defense Lawyer,"2 projects, 0 internships",Corporate Lawyer
Undergraduate,Electronics & Communication,"Physics Lab,C++,Python","Technology,Research,Engineering",Embedded Systems Engineer,"0 projects, 1 internships",Embedded Systems Engineer
Undergraduate,Business/BBA,"Sales,Marketing,Public Speaking,Project Management","Media,Entrepreneurship",Marketing Manager,"2 projects, 0 internships",Product Manager
Undergraduate,Business/BBA,"Communication,Marketing,Leadership,Sales,Product Management","Management,Entrepreneurship",Management Consultant,"0 projects, 0 internships",Product Manager
Undergraduate,Commerce/B.Com,"Scrum,Taxation,SQL,Economics,Time Management","Government Jobs,Finance",Unknown Career,"2 projects, 1 internships",Chartered Accountant
Undergraduate,Law/LLB,"Leadership,Legal Writing,Law,Public Speaking,Constitutional Law,Negotiation","Social Impact,Law",Corporate Lawyer,"0 projects, 1 internships",Corporate Lawyer
Undergraduate,Electronics & Communication,"Kubernetes,Physics Lab,C++,Data Structures,Python,Docker","Engineering,Technology",Embedded Systems Engineer,"2 projects, 0 internships",Embedded Systems Engineer
Undergraduate,Science/B.Sc,"Data Visualization,Python,Mathematics","Technology,Research",Actuarial Analyst,"2 projects, 1 internships",Data Analyst
Undergraduate,Law/LLB,"Communication,Constitutional Law,Law","Social Impact,Government Jobs",Patent Attorney,"1 projects, 1 internships",Corporate Lawyer
Undergraduate,Commerce/B.Com,"Economics,Data Analytics,Taxation,Communication,SQL,Problem Solving","Government Jobs,Business,Finance",Unknown Career,"0 projects, 1 internships",Chartered Accountant
Undergraduate,Law/LLB,"Law,Communication,Legal Writing,Leadership,Constitutional Law",Social Impact,Corporate Lawyer,"0 projects, 0 internships",Corporate Lawyer
Undergraduate,Commerce/B.Com,"Financial Accounting,SQL,Taxation,Time Management,Problem Solving,Data Analytics","Finance,Business",Unknown Career,"1 projects, 1 internships",Chartered Accountant
Undergraduate,Science/B.Sc,"Data Visualization,Pandas,SQL,Mathematics,Data Analytics,NumPy","Research,Business,Technology",Actuarial Analyst,"0 projects, 0 internships",Data Analyst
Undergraduate,Science/B.Sc,"Python,NumPy,Data Analytics,Mathematics,SQL,Data Visualization","Finance,Research",Data Scientist,"2 projects, 0 internships",Data Analyst
Undergraduate,Science/B.Sc,"Pandas,Python,SQL,NumPy,Communication","Technology,Business",Actuarial Analyst,"2 projects, 0 internships",Data Analyst
Undergraduate,Commerce/B.Com,"Taxation,Economics,Scrum,Communication,SQL","Finance,Business,Government Jobs",Investment Banker,"2 projects, 0 internships",Chartered Accountant
Undergraduate,Law/LLB,"Communication,Legal Writing,Public Speaking,Negotiation","Social Impact,Law",Corporate Lawyer,"2 projects, 0 internships",Corporate Lawyer
Undergraduate,Commerce/B.Com,"Data Analytics,SQL,Taxation",Government Jobs,Unknown Career,"2 projects, 1 internships",Chartered Accountant
Undergraduate,Business/BBA,"Marketing,Sales,Communication,Leadership,Product Management",Media,Brand Strategist,"2 projects, 1 internships",Product Manager
Undergraduate,Electronics & Communication,"Mathematics,C++,Figma,Docker,Python,AWS","Technology,Research",Network Security Engineer,"0 projects, 0 internships",Embedded Systems Engineer
Undergraduate,Science/B.Sc,"NumPy,Data Analytics,Pandas,SQL,Python","Business,Finance",Data Scientist,"0 projects, 0 internships",Data Analyst
Undergraduate,Electronics & Communication,"Mathematics,C++,Data Structures,Figma,Linear Algebra,Physics Lab","Technology,Engineering,Research",Embedded Systems Engineer,"0 projects, 1 internships",Embedded Systems Engineer
Undergraduate,Electronics & Communication,"AWS,Data Structures,Python",Research,IoT Systems Architect,"2 projects, 1 internships",Embedded Systems Engineer
Undergraduate,Commerce/B.Com,"Time Management,SQL,Economics,Problem Solving,Communication",Business,Financial Consultant,"2 projects, 0 internships",Chartered Accountant
Class 12,PCM Stream,"Problem Solving,Mathematics,Physics Lab,Chemistry Lab,Writing","Research,Engineering,Defence",Civil Servant (IAS/IPS),"0 projects, 1 internships",Civil Servant (IAS/IPS)
Undergraduate,Computer Science,"SQL,Git,Algorithms,Java,Python,JavaScript","Business,AI/ML,Technology",Data Scientist,"2 projects, 0 internships",Software Engineer
Undergraduate,Science/B.Sc,"NumPy,Pandas,Python,Statistics,Mathematics,Data Analytics","Business,Technology",Financial Risk Analyst,"1 projects, 1 internships",Data Analyst
Undergraduate,Electronics & Communication,"Mathematics,Data Structures,C++,Figma","Technology,Research",IoT Systems Architect,"2 projects, 0 internships",Embedded Systems Engineer
Undergraduate,Law/LLB,"Technical Writing,Legal Writing,Law,Negotiation","Law,Social Impact,Government Jobs",Public Prosecutor,"1 projects, 1 internships",Corporate Lawyer
Undergraduate,Commerce/B.Com,"Economics,Taxation,Communication","Business,Government Jobs",Unknown Career,"2 projects, 0 internships",Chartered Accountant
Undergraduate,Electronics & Communication,"AWS,Python,C++","Engineering,Technology",VLSI Design Engineer,"0 projects, 1 internships",Embedded Systems Engineer
Undergraduate,Computer Science,"Python,REST APIs,Node.js,JavaScript,SQL","AI/ML,Business",DevOps Engineer,"2 projects, 1 internships",Software Engineer
Class 12,PCM Stream,"Communication,Problem Solving,Mathematics","Defence,Government Jobs",Defense Officer (Army/Navy/Air Force),"2 projects, 0 internships",Civil Servant (IAS/IPS)
Class 12,PCM Stream,"Writing,Chemistry Lab,Communication,Python,Mathematics,Physics Lab","Research,Defence",Civil Servant (IAS/IPS),"2 projects, 1 internships",Civil Servant (IAS/IPS)
Class 12,PCM Stream,"Communication,Physics Lab,Python,Problem Solving,Mathematics","Government Jobs,Defence",Research Scientist,"2 projects, 0 internships",Civil Servant (IAS/IPS)
Undergraduate,Commerce/B.Com,"Financial Accounting,Problem Solving,Communication,Data Analytics","Business,Finance,Government Jobs",Financial Consultant,"1 projects, 1 internships",Chartered Accountant
Undergraduate,Electronics & Communication,"Docker,AWS,Linear Algebra,Data Structures,Kubernetes","Technology,Research",Embedded Systems Engineer,"0 projects, 1 internships",Embedded Systems Engineer
Undergraduate,Science/B.Sc,"Mathematics,Python,NumPy","Technology,Finance",Data Scientist,"0 projects, 0 internships",Data Analyst
Class 12,PCM Stream,"Writing,Python,Mathematics,Chemistry Lab,Physics Lab,Communication","Engineering,Defence",Defense Officer (Army/Navy/Air Force),"2 projects, 1 internships",Civil Servant (IAS/IPS)
Undergraduate,Electronics & Communication,"Physics Lab,C++,Python","Engineering,Technology,Research",VLSI Design Engineer,"0 projects, 1 internships",Embedded Systems Engineer
Undergraduate,Electronics & Communication,"Python,Linear Algebra,Mathematics,Data Structures,Docker","Engineering,Research,Technology",VLSI Design Engineer,"1 projects, 0 internships",Embedded Systems Engineer
Undergraduate,Business/BBA,"Sales,Communication,Business Strategy","Media,Management",Product Manager,"2 projects, 1 internships",Product Manager
Undergraduate,Science/B.Sc,"Data Analytics,Mathematics,Communication,Python",Finance,Financial Risk Analyst,"2 projects, 1 internships",Data Analyst
Undergraduate,Computer Science,"REST APIs,C++,React,HTML,Git","Business,Technology,AI/ML",DevOps Engineer,"1 projects, 1 internships",Software Engineer
Undergraduate,Electronics & Communication,"Data Structures,Kubernetes,Linear Algebra,Docker","Research,Technology,Engineering",Embedded Systems Engineer,"2 projects, 0 internships",Embedded Systems Engineer
Undergraduate,Law/LLB,"Law,Constitutional Law,Communication","Government Jobs,Social Impact,Law",Patent Attorney,"1 projects, 0 internships",Corporate Lawyer
Undergraduate,Law/LLB,"Leadership,Negotiation,Technical Writing,Constitutional Law,Legal Writing",Law,Criminal Defense Lawyer,"0 projects, 1 internships",Corporate Lawyer
Undergraduate,Commerce/B.Com,"Data Analytics,Financial Accounting,Taxation,SQL,Communication",Government Jobs,Unknown Career,"2 projects, 0 internships",Chartered Accountant
Undergraduate,Law/LLB,"Communication,Negotiation,Technical Writing,Constitutional Law,Leadership",Law,Patent Attorney,"0 projects, 0 internships",Corporate Lawyer
Class 12,PCM Stream,"Writing,Communication,Chemistry Lab","Research,Government Jobs,Defence",High School Physics Teacher,"1 projects, 1 internships",Civil Servant (IAS/IPS)
Undergraduate,Law/LLB,"Negotiation,Legal Writing,Communication,Constitutional Law,Leadership,Law","Government Jobs,Law",Public Prosecutor,"0 projects, 0 internships",Corporate Lawyer
Undergraduate,Computer Science,"CSS,Python,Data Structures","Business,Technology",Software Engineer,"2 projects, 0 internships",Software Engineer
Undergraduate,Law/LLB,"Leadership,Law,Constitutional Law,Legal Writing,Negotiation",Social Impact,Corporate Lawyer,"2 projects, 0 internships",Corporate Lawyer
Undergraduate,Law/LLB,"Legal Writing,Negotiation,Technical Writing,Communication,Leadership","Social Impact,Government Jobs,Law",Criminal Defense Lawyer,"2 projects, 1 internships",Corporate Lawyer
Class 12,PCM Stream,"Physics Lab,Writing,Mathematics,Communication,Python,Problem Solving","Defence,Government Jobs",Defense Officer (Army/Navy/Air Force),"0 projects, 0 internships",Civil Servant (IAS/IPS)
Undergraduate,Business/BBA,"Marketing,Sales,Public Speaking","Business,Management",Product Manager,"2 projects, 1 internships",Product Manager
Undergraduate,Science/B.Sc,"SQL,Mathematics,Statistics,Python,Data Visualization,NumPy",Technology,Actuarial Analyst,"0 projects, 0 internships",Data Analyst
Undergraduate,Law/LLB,"Constitutional Law,Law,Legal Writing,Technical Writing,Communication,Negotiation","Government Jobs,Law,Social Impact",Criminal Defense Lawyer,"2 projects, 1 internships",Corporate Lawyer
Undergraduate,Computer Science,"C++,SQL,HTML,Node.js,Java,CSS",AI/ML,DevOps Engineer,"1 projects, 1 internships",Software Engineer
Class 12,PCM Stream,"Writing,Problem Solving,Chemistry Lab,Mathematics","Engineering,Government Jobs",Civil Servant (IAS/IPS),"0 projects, 0 internships",Civil Servant (IAS/IPS)
Undergraduate,Business/BBA,"Public Speaking,Sales,Communication,Business Strategy","Business,Media",Marketing Manager,"0 projects, 0 internships",Product Manager
Undergraduate,Computer Science,"Node.js,HTML,CSS,React,Java,Git",Business,Software Engineer,"2 projects, 0 internships",Software Engineer
Undergraduate,Commerce/B.Com,"SQL,Communication,Scrum,Economics,Problem Solving,Taxation","Finance,Government Jobs,Business",Investment Banker,"2 projects, 0 internships",Chartered Accountant
Class 12,PCM Stream,"Problem Solving,Writing,Physics Lab,Communication,Chemistry Lab,Python","Engineering,Defence,Research",Defense Officer (Army/Navy/Air Force),"0 projects, 1 internships",Civil Servant (IAS/IPS)
Undergraduate,Law/LLB,"Technical Writing,Leadership,Communication,Law,Legal Writing,Negotiation","Law,Government Jobs",Corporate Lawyer,"0 projects, 1 internships",Corporate Lawyer
Undergraduate,Commerce/B.Com,"Scrum,Economics,SQL,Financial Accounting",Business,Unknown Career,"1 projects, 1 internships",Chartered Accountant
Undergraduate,Law/LLB,"Communication,Public Speaking,Legal Writing,Leadership","Law,Social Impact",Public Prosecutor,"0 projects, 1 internships",Corporate Lawyer
Class 12,PCM Stream,"Communication,Physics Lab,Python,Writing",Defence,Defense Officer (Army/Navy/Air Force),"1 projects, 0 internships",Civil Servant (IAS/IPS)
Undergraduate,Business/BBA,"Public Speaking,Project Management,Sales,SEO,Leadership","Management,Entrepreneurship",Brand Strategist,"2 projects, 0 internships",Product Manager
Undergraduate,Electronics & Communication,"AWS,Physics Lab,Kubernetes","Engineering,Technology,Research",Network Security Engineer,"2 projects, 0 internships",Embedded Systems Engineer
Undergraduate,Commerce/B.Com,"Economics,Financial Accounting,Time Management,Problem Solving",Government Jobs,Unknown Career,"1 projects, 0 internships",Chartered Accountant
Class 12,PCM Stream,"Chemistry Lab,Python,Physics Lab",Research,Research Scientist,"2 projects, 1 internships",Civil Servant (IAS/IPS)
Undergraduate,Commerce/B.Com,"SQL,Taxation,Scrum,Time Management",Business,Investment Banker,"0 projects, 1 internships",Chartered Accountant
Class 12,PCM Stream,"Problem Solving,Communication,Writing,Physics Lab,Mathematics",Defence,Civil Servant (IAS/IPS),"2 projects, 1 internships",Civil Servant (IAS/IPS)
Undergraduate,Computer Science,"Node.js,Git,Python","AI/ML,Technology,Business",Data Scientist,"2 projects, 1 internships",Software Engineer
Undergraduate,Electronics & Communication,"Linear Algebra,Physics Lab,Mathematics,Data Structures","Technology,Research,Engineering",VLSI Design Engineer,"0 projects, 0 internships",Embedded Systems Engineer
Class 12,PCM Stream,"Chemistry Lab,Problem Solving,Communication","Engineering,Defence,Government Jobs",Defense Officer (Army/Navy/Air Force),"0 projects, 0 internships",Civil Servant (IAS/IPS)
Undergraduate,Commerce/B.Com,"Economics,SQL,Scrum,Taxation,Communication","Business,Finance",Chartered Accountant,"1 projects, 1 internships",Chartered Accountant
Undergraduate,Business/BBA,"Public Speaking,Communication,SEO,Sales,Product Management",Media,Product Manager,"2 projects, 1 internships",Product Manager
Undergraduate,Computer Science,"React,Data Structures,Python,REST APIs,Algorithms","AI/ML,Technology,Business",AI/ML Engineer,"0 projects, 0 internships",Software Engineer
Undergraduate,Computer Science,"HTML,Data Structures,Git,C++,Python","Technology,Business",AI/ML Engineer,"0 projects, 1 internships",Software Engineer
Undergraduate,Commerce/B.Com,"Taxation,Data Analytics,Financial Accounting,SQL,Scrum,Time Management","Government Jobs,Finance,Business",Chartered Accountant,"1 projects, 1 internships",Chartered Accountant
Undergraduate,Commerce/B.Com,"Economics,Time Management,Taxation","Business,Finance,Government Jobs",Unknown Career,"2 projects, 1 internships",Chartered Accountant
Undergraduate,Electronics & Communication,"Physics Lab,Python,Data Structures,AWS,Kubernetes",Technology,IoT Systems Architect,"1 projects, 1 internships",Embedded Systems Engineer
Undergraduate,Electronics & Communication,"Figma,Mathematics,C++,Python","Technology,Engineering,Research",Network Security Engineer,"1 projects, 0 internships",Embedded Systems Engineer
Undergraduate,Electronics & Communication,"Python,Mathematics,Linear Algebra,Data Structures,AWS,Physics Lab",Engineering,Embedded Systems Engineer,"2 projects, 0 internships",Embedded Systems Engineer
Undergraduate,Business/BBA,"Business Strategy,Public Speaking,Communication","Media,Entrepreneurship,Business",Management Consultant,"1 projects, 0 internships",Product Manager
Undergraduate,Electronics & Communication,"C++,Docker,Figma","Research,Engineering",IoT Systems Architect,"1 projects, 0 internships",Embedded Systems Engineer
Undergraduate,Law/LLB,"Leadership,Law,Technical Writing","Social Impact,Law",Public Prosecutor,"1 projects, 0 internships",Corporate Lawyer
Undergraduate,Law/LLB,"Leadership,Technical Writing,Legal Writing","Law,Government Jobs",Corporate Lawyer,"1 projects, 0 internships",Corporate Lawyer
Undergraduate,Law/LLB,"Law,Leadership,Legal Writing,Communication,Negotiation","Social Impact,Law",Patent Attorney,"0 projects, 1 internships",Corporate Lawyer
Class 12,PCM Stream,"Problem Solving,Communication,Physics Lab,Mathematics","Government Jobs,Defence,Research",Research Scientist,"0 projects, 0 internships",Civil Servant (IAS/IPS)
Undergraduate,Science/B.Sc,"Mathematics,Data Visualization,Pandas,Communication,Data Analytics,NumPy",Research,Data Analyst,"1 projects, 1 internships",Data Analyst
Undergraduate,Science/B.Sc,"Communication,Python,Statistics,Data Visualization","Technology,Business,Research",Actuarial Analyst,"0 projects, 1 internships",Data Analyst
Undergraduate,Law/LLB,"Communication,Negotiation,Technical Writing","Social Impact,Government Jobs",Public Prosecutor,"2 projects, 1 internships",Corporate Lawyer
Undergraduate,Commerce/B.Com,"Communication,Economics,Problem Solving,Scrum","Government Jobs,Finance",Investment Banker,"2 projects, 1 internships",Chartered Accountant
Undergraduate,Law/LLB,"Constitutional Law,Leadership,Public Speaking,Technical Writing,Legal Writing","Law,Government Jobs",Corporate Lawyer,"2 projects, 1 internships",Corporate Lawyer
Class 12,PCM Stream,"Python,Physics Lab,Mathematics,Problem Solving,Chemistry Lab",Defence,Research Scientist,"0 projects, 1 internships",Civil Servant (IAS/IPS)
Undergraduate,Law/LLB,"Constitutional Law,Communication,Legal Writing","Social Impact,Government Jobs,Law",Patent Attorney,"0 projects, 1 internships",Corporate Lawyer
Undergraduate,Science/B.Sc,"Mathematics,NumPy,Python,Communication,Statistics","Research,Business,Finance",Data Analyst,"0 projects, 1 internships",Data Analyst
Class 12,PCM Stream,"Physics Lab,Communication,Problem Solving","Government Jobs,Defence",Civil Servant (IAS/IPS),"1 projects, 0 internships",Civil Servant (IAS/IPS)
Undergraduate,Computer Science,"C++,CSS,Git,HTML,React","Technology,AI/ML,Business",Software Engineer,"2 projects, 1 internships",Software Engineer
Undergraduate,Computer Science,"HTML,Python,Data Structures,Algorithms,Node.js,REST APIs",Technology,Software Engineer,"0 projects, 1 internships",Software Engineer
Undergraduate,Science/B.Sc,"Statistics,Python,SQL","Technology,Research,Business",Actuarial Analyst,"2 projects, 1 internships",Data Analyst
Undergraduate,Business/BBA,"Leadership,Public Speaking,Communication,Sales","Media,Business,Entrepreneurship",Marketing Manager,"1 projects, 1 internships",Product Manager
Undergraduate,Commerce/B.Com,"SQL,Economics,Data Analytics","Government Jobs,Business",Financial Consultant,"2 projects, 1 internships",Chartered Accountant
Class 12,PCM Stream,"Chemistry Lab,Communication,Writing","Government Jobs,Defence",High School Physics Teacher,"2 projects, 0 internships",Civil Servant (IAS/IPS)
Undergraduate,Electronics & Communication,"Python,Kubernetes,Docker,Data Structures,Linear Algebra,Figma","Engineering,Technology,Research",VLSI Design Engineer,"0 projects, 1 internships",Embedded Systems Engineer
Undergraduate,Computer Science,"CSS,Git,React,Java","Business,Technology,AI/ML",AI/ML Engineer,"2 projects, 0 internships",Software Engineer
Undergraduate,Electronics & Communication,"AWS,Mathematics,Linear Algebra","Engineering,Technology,Research",VLSI Design Engineer,"1 projects, 0 internships",Embedded Systems Engineer
Undergraduate,Science/B.Sc,"Statistics,SQL,Python,Mathematics","Finance,Business,Technology",Data Scientist,"0 projects, 0 internships",Data Analyst
Undergraduate,Computer Science,"Algorithms,JavaScript,REST APIs,SQL","AI/ML,Technology",Software Engineer,"1 projects, 1 internships",Software Engineer
Undergraduate,Computer Science,"HTML,Java,Git,REST APIs","AI/ML,Business,Technology",Software Engineer,"2 projects, 0 internships",Software Engineer
Undergraduate,Commerce/B.Com,"Communication,Economics,SQL,Time Management,Taxation,Problem Solving","Government Jobs,Business",Financial Consultant,"2 projects, 1 internships",Chartered Accountant
Undergraduate,Commerce/B.Com,"Taxation,Problem Solving,Financial Accounting,Time Management",Government Jobs,Unknown Career,"2 projects, 1 internships",Chartered Accountant
Undergraduate,Science/B.Sc,"Data Analytics,SQL,Python","Technology,Research,Business",Financial Risk Analyst,"0 projects, 1 internships",Data Analyst
Undergraduate,Electronics & Communication,"Linear Algebra,AWS,Docker,Physics Lab",Research,VLSI Design Engineer,"0 projects, 1 internships",Embedded Systems Engineer
Class 12,PCM Stream,"Communication,Chemistry Lab,Writing,Problem Solving","Engineering,Defence,Government Jobs",Defense Officer (Army/Navy/Air Force),"2 projects, 0 internships",Civil Servant (IAS/IPS)
Undergraduate,Business/BBA,"Marketing,Sales,SEO",Media,Management Consultant,"0 projects, 1 internships",Product Manager
Undergraduate,Law/LLB,"Communication,Negotiation,Technical Writing","Law,Social Impact,Government Jobs",Criminal Defense Lawyer,"0 projects, 1 internships",Corporate Lawyer
Undergraduate,Computer Science,"Node.js,Data Structures,Git,C++,CSS,JavaScript",Business,DevOps Engineer,"0 projects, 1 internships",Software Engineer
Undergraduate,Business/BBA,"Sales,Communication,Project Management,SEO",Management,Product Manager,"0 projects, 1 internships",Product Manager
Undergraduate,Commerce/B.Com,"Communication,Scrum,Economics","Business,Government Jobs",Chartered Accountant,"0 projects, 0 internships",Chartered Accountant
Undergraduate,Science/B.Sc,"Python,SQL,Mathematics,Statistics,NumPy,Data Visualization",Business,Data Scientist,"1 projects, 1 internships",Data Analyst
Undergraduate,Science/B.Sc,"Data Visualization,Communication,NumPy","Finance,Business",Financial Risk Analyst,"1 projects, 0 internships",Data Analyst
Class 12,PCM Stream,"Writing,Problem Solving,Physics Lab,Python",Research,High School Physics Teacher,"1 projects, 1 internships",Civil Servant (IAS/IPS)
Undergraduate,Law/LLB,"Law,Communication,Legal Writing",Social Impact,Criminal Defense Lawyer,"1 projects, 1 internships",Corporate Lawyer
Undergraduate,Science/B.Sc,"Data Visualization,Mathematics,Python",Business,Data Scientist,"2 projects, 0 internships",Data Analyst
Undergraduate,Commerce/B.Com,"Taxation,Data Analytics,Problem Solving",Business,Financial Consultant,"1 projects, 0 internships",Chartered Accountant
Undergraduate,Commerce/B.Com,"Scrum,Time Management,Problem Solving",Government Jobs,Chartered Accountant,"0 projects, 1 internships",Chartered Accountant
Undergraduate,Science/B.Sc,"Data Analytics,Statistics,NumPy,Python,Pandas",Research,Financial Risk Analyst,"0 projects, 0 internships",Data Analyst
Undergraduate,Computer Science,"HTML,Python,Git,SQL","Business,AI/ML",Data Scientist,"2 projects, 0 internships",Software Engineer
Undergraduate,Science/B.Sc,"SQL,Data Visualization,Pandas,Mathematics,Python",Finance,Data Analyst,"0 projects, 0 internships",Data Analyst
Class 12,PCM Stream,"Chemistry Lab,Writing,Communication",Engineering,Research Scientist,"0 projects, 0 internships",Civil Servant (IAS/IPS)
Class 12,PCM Stream,"Problem Solving,Python,Communication,Writing","Government Jobs,Engineering,Defence",Defense Officer (Army/Navy/Air Force),"0 projects, 1 internships",Civil Servant (IAS/IPS)
Undergraduate,Electronics & Communication,"C++,Kubernetes,Linear Algebra,AWS",Research,VLSI Design Engineer,"0 projects, 0 internships",Embedded Systems Engineer
Class 12,PCM Stream,"Mathematics,Writing,Communication,Physics Lab,Python,Chemistry Lab",Research,Defense Officer (Army/Navy/Air Force),"2 projects, 1 internships",Civil Servant (IAS/IPS)
Undergraduate,Electronics & Communication,"Figma,Linear Algebra,Python","Technology,Research",IoT Systems Architect,"1 projects, 0 internships",Embedded Systems Engineer
Undergraduate,Science/B.Sc,"Mathematics,Data Analytics,Communication,Statistics,Pandas","Technology,Business",Actuarial Analyst,"0 projects, 1 internships",Data Analyst
Undergraduate,Business/BBA,"Sales,SEO,Business Strategy,Product Management","Media,Management,Business",Brand Strategist,"0 projects, 0 internships",Product Manager
Undergraduate,Science/B.Sc,"Data Visualization,Statistics,Python,SQL",Finance,Financial Risk Analyst,"2 projects, 1 internships",Data Analyst
Undergraduate,Commerce/B.Com,"Communication,Scrum,Taxation","Government Jobs,Business,Finance",Financial Consultant,"2 projects, 0 internships",Chartered Accountant
Undergraduate,Law/LLB,"Public Speaking,Legal Writing,Technical Writing,Law,Constitutional Law,Negotiation",Government Jobs,Patent Attorney,"1 projects, 1 internships",Corporate Lawyer
Undergraduate,Electronics & Communication,"Physics Lab,Linear Algebra,Mathematics","Technology,Engineering,Research",VLSI Design Engineer,"2 projects, 0 internships",Embedded Systems Engineer
Class 12,PCM Stream,"Communication,Python,Chemistry Lab,Problem Solving",Defence,Civil Servant (IAS/IPS),"2 projects, 0 internships",Civil Servant (IAS/IPS)
Undergraduate,Computer Science,"SQL,Node.js,Git,JavaScript,Python,Data Structures","Business,AI/ML,Technology",Data Scientist,"1 projects, 1 internships",Software Engineer
Undergraduate,Commerce/B.Com,"Communication,SQL,Economics,Data Analytics",Government Jobs,Unknown Career,"2 projects, 1 internships",Chartered Accountant
Undergraduate,Electronics & Communication,"AWS,Linear Algebra,Figma,Python,Docker",Technology,Embedded Systems Engineer,"2 projects, 1 internships",Embedded Systems Engineer
Class 12,PCM Stream,"Problem Solving,Mathematics,Chemistry Lab,Writing,Python","Government Jobs,Engineering",High School Physics Teacher,"2 projects, 0 internships",Civil Servant (IAS/IPS)
Undergraduate,Electronics & Communication,"Linear Algebra,Python,Mathematics,AWS,C++",Engineering,Network Security Engineer,"0 projects, 0 internships",Embedded Systems Engineer
Undergraduate,Computer Science,"Git,Python,React,CSS,SQL,JavaScript",Technology,Data Scientist,"1 projects, 0 internships",Software Engineer
Undergraduate,Computer Science,"JavaScript,REST APIs,Python","AI/ML,Technology,Business",DevOps Engineer,"2 projects, 0 internships",Software Engineer
Undergraduate,Commerce/B.Com,"Financial Accounting,Taxation,Data Analytics,Communication","Finance,Business",Investment Banker,"1 projects, 0 internships",Chartered Accountant
Undergraduate,Commerce/B.Com,"Taxation,Economics,Problem Solving,Communication,Data Analytics","Business,Government Jobs",Investment Banker,"1 projects, 1 internships",Chartered Accountant
Undergraduate,Computer Science,"Git,Data Structures,JavaScript","Technology,Business,AI/ML",AI/ML Engineer,"2 projects, 1 internships",Software Engineer
Undergraduate,Business/BBA,"Public Speaking,Product Management,Project Management,Business Strategy","Business,Management",Marketing Manager,"1 projects, 0 internships",Product Manager
Class 12,PCM Stream,"Writing,Problem Solving,Chemistry Lab,Python,Communication,Physics Lab","Research,Government Jobs,Engineering",Research Scientist,"1 projects, 0 internships",Civil Servant (IAS/IPS)
Undergraduate,Electronics & Communication,"C++,Kubernetes,Python","Technology,Engineering",IoT Systems Architect,"1 projects, 1 internships",Embedded Systems Engineer
Undergraduate,Business/BBA,"Business Strategy,SEO,Marketing,Sales",Entrepreneurship,Brand Strategist,"0 projects, 1 internships",Product Manager
Undergraduate,Computer Science,"Git,JavaScript,CSS","Business,Technology",AI/ML Engineer,"0 projects, 0 internships",Software Engineer
Undergraduate,Law/LLB,"Technical Writing,Legal Writing,Leadership",Law,Patent Attorney,"2 projects, 1 internships",Corporate Lawyer
Undergraduate,Computer Science,"React,REST APIs,JavaScript,Data Structures",Business,AI/ML Engineer,"1 projects, 0 internships",Software Engineer
Undergraduate,Commerce/B.Com,"Taxation,Financial Accounting,SQL,Problem Solving,Time Management,Communication","Business,Government Jobs",Financial Consultant,"1 projects, 1 internships",Chartered Accountant
Undergraduate,Electronics & Communication,"Docker,Python,C++","Engineering,Research",IoT Systems Architect,"2 projects, 1 internships",Embedded Systems Engineer
Undergraduate,Computer Science,"Data Structures,React,CSS,REST APIs,Node.js,Python","AI/ML,Technology,Business",Software Engineer,"2 projects, 0 internships",Software Engineer
Undergraduate,Electronics & Communication,"C++,Kubernetes,Physics Lab,Docker,Mathematics","Engineering,Research,Technology",VLSI Design Engineer,"2 projects, 0 internships",Embedded Systems Engineer
Undergraduate,Commerce/B.Com,"Economics,Financial Accounting,Scrum,Taxation",Business,Financial Consultant,"0 projects, 1 internships",Chartered Accountant
Undergraduate,Commerce/B.Com,"Scrum,Financial Accounting,Taxation,SQL,Economics","Business,Finance,Government Jobs",Unknown Career,"0 projects, 0 internships",Chartered Accountant
Undergraduate,Law/LLB,"Negotiation,Leadership,Legal Writing","Government Jobs,Social Impact",Corporate Lawyer,"2 projects, 0 internships",Corporate Lawyer
Undergraduate,Business/BBA,"Project Management,Product Management,Public Speaking,Business Strategy,Communication,Leadership","Business,Entrepreneurship",Management Consultant,"0 projects, 1 internships",Product Manager
Undergraduate,Computer Science,"C++,React,Java",Business,Data Scientist,"1 projects, 0 internships",Software Engineer
Undergraduate,Science/B.Sc,"NumPy,Mathematics,Data Visualization","Business,Finance",Data Scientist,"1 projects, 1 internships",Data Analyst
Undergraduate,Commerce/B.Com,"Data Analytics,SQL,Communication,Financial Accounting,Taxation","Finance,Government Jobs,Business",Investment Banker,"2 projects, 1 internships",Chartered Accountant
Undergraduate,Computer Science,"Algorithms,REST APIs,Node.js","AI/ML,Technology,Business",AI/ML Engineer,"1 projects, 0 internships",Software Engineer
Undergraduate,Business/BBA,"SEO,Leadership,Communication,Business Strategy,Product Management,Marketing","Business,Media",Marketing Manager,"0 projects, 0 internships",Product Manager
Undergraduate,Business/BBA,"Marketing,Product Management,Leadership","Business,Media",Product Manager,"2 projects, 1 internships",Product Manager
Undergraduate,Electronics & Communication,"Python,Data Structures,AWS,Docker,Figma","Engineering,Technology",IoT Systems Architect,"2 projects, 0 internships",Embedded Systems Engineer
Undergraduate,Computer Science,"CSS,Java,HTML","Technology,Business",Data Scientist,"2 projects, 0 internships",Software Engineer
Undergraduate,Science/B.Sc,"SQL,Python,Statistics,Data Visualization,Mathematics,Communication","Research,Finance,Business",Data Scientist,"1 projects, 0 internships",Data Analyst
Undergraduate,Business/BBA,"Sales,SEO,Leadership,Business Strategy",Entrepreneurship,Management Consultant,"0 projects, 0 internships",Product Manager
Undergraduate,Electronics & Communication,"Docker,C++,Mathematics,Linear Algebra,Kubernetes",Research,IoT Systems Architect,"2 projects, 1 internships",Embedded Systems Engineer
Undergraduate,Electronics & Communication,"Physics Lab,Docker,Linear Algebra,AWS,Mathematics,Figma","Engineering,Technology",VLSI Design Engineer,"1 projects, 1 internships",Embedded Systems Engineer
Undergraduate,Science/B.Sc,"Python,Communication,Mathematics","Research,Finance,Business",Actuarial Analyst,"0 projects, 1 internships",Data Analyst
Undergraduate,Computer Science,"CSS,Algorithms,JavaScript","AI/ML,Technology",Software Engineer,"0 projects, 1 internships",Software Engineer
Class 12,PCM Stream,"Communication,Physics Lab,Chemistry Lab,Writing","Defence,Government Jobs",High School Physics Teacher,"2 projects, 1 internships",Civil Servant (IAS/IPS)
Undergraduate,Law/LLB,"Law,Public Speaking,Communication,Constitutional Law,Legal Writing,Leadership","Government Jobs,Law",Public Prosecutor,"2 projects, 1 internships",Corporate Lawyer
Undergraduate,Law/LLB,"Communication,Public Speaking,Legal Writing,Negotiation,Law,Leadership","Social Impact,Law,Government Jobs",Public Prosecutor,"2 projects, 1 internships",Corporate Lawyer
Undergraduate,Electronics & Communication,"Linear Algebra,Data Structures,Mathematics",Technology,VLSI Design Engineer,"2 projects, 0 internships",Embedded Systems Engineer
Undergraduate,Business/BBA,"Marketing,Product Management,Sales","Media,Entrepreneurship,Business",Product Manager,"2 projects, 0 internships",Product Manager
Undergraduate,Commerce/B.Com,"Scrum,Taxation,Economics",Government Jobs,Investment Banker,"0 projects, 0 internships",Chartered Accountant
Undergraduate,Science/B.Sc,"Communication,Data Analytics,Pandas",Technology,Actuarial Analyst,"2 projects, 1 internships",Data Analyst
Undergraduate,Business/BBA,"Communication,Marketing,Product Management,SEO,Leadership",Business,Brand Strategist,"0 projects, 0 internships",Product Manager
Undergraduate,Commerce/B.Com,"Time Management,Problem Solving,SQL,Scrum,Data Analytics",Business,Investment Banker,"0 projects, 1 internships",Chartered Accountant
Undergraduate,Business/BBA,"SEO,Project Management,Business Strategy","Management,Media,Entrepreneurship",Product Manager,"0 projects, 1 internships",Product Manager
Undergraduate,Law/LLB,"Legal Writing,Leadership,Technical Writing,Law,Negotiation","Government Jobs,Law",Criminal Defense Lawyer,"2 projects, 1 internships",Corporate Lawyer
Undergraduate,Electronics & Communication,"Python,C++,Docker,Linear Algebra,Mathematics,AWS","Engineering,Research,Technology",Network Security Engineer,"2 projects, 1 internships",Embedded Systems Engineer
Undergraduate,Computer Science,"Java,C++,JavaScript,SQL,CSS","Business,AI/ML",Cloud Architect,"0 projects, 1 internships",Software Engineer
Class 12,PCM Stream,"Problem Solving,Python,Communication,Writing",Defence,High School Physics Teacher,"0 projects, 0 internships",Civil Servant (IAS/IPS)
Undergraduate,Law/LLB,"Law,Technical Writing,Negotiation,Constitutional Law,Communication,Public Speaking","Law,Social Impact",Patent Attorney,"0 projects, 0 internships",Corporate Lawyer
Undergraduate,Commerce/B.Com,"SQL,Financial Accounting,Data Analytics,Time Management","Finance,Business",Chartered Accountant,"1 projects, 0 internships",Chartered Accountant
Undergraduate,Commerce/B.Com,"Time Management,Scrum,Economics,SQL,Financial Accounting","Business,Government Jobs",Investment Banker,"0 projects, 1 internships",Chartered Accountant
Undergraduate,Commerce/B.Com,"Economics,Scrum,Problem Solving,Communication","Business,Government Jobs,Finance",Unknown Career,"2 projects, 0 internships",Chartered Accountant
Undergraduate,Science/B.Sc,"NumPy,SQL,Python,Statistics,Data Visualization,Mathematics","Finance,Business,Technology",Actuarial Analyst,"0 projects, 1 internships",Data Analyst
Undergraduate,Business/BBA,"Business Strategy,Marketing,Leadership,Communication,Product Management,SEO",Business,Marketing Manager,"1 projects, 0 internships",Product Manager
Undergraduate,Computer Science,"CSS,SQL,Algorithms,Java","Business,AI/ML,Technology",Data Scientist,"1 projects, 0 internships",Software Engineer
Undergraduate,Commerce/B.Com,"Data Analytics,Time Management,SQL,Economics,Scrum",Government Jobs,Investment Banker,"1 projects, 0 internships",Chartered Accountant
Undergraduate,Electronics & Communication,"C++,Data Structures,Physics Lab,Figma,AWS,Docker","Research,Engineering,Technology",VLSI Design Engineer,"1 projects, 0 internships",Embedded Systems Engineer
Undergraduate,Science/B.Sc,"Data Analytics,SQL,Pandas,Python,Mathematics",Technology,Financial Risk Analyst,"2 projects, 1 internships",Data Analyst
Undergraduate,Commerce/B.Com,"Taxation,Scrum,Communication,Time Management,Financial Accounting","Government Jobs,Finance,Business",Financial Consultant,"0 projects, 0 internships",Chartered Accountant
Undergraduate,Business/BBA,"Business Strategy,Communication,Public Speaking,Marketing,Product Management,SEO","Business,Management",Brand Strategist,"0 projects, 0 internships",Product Manager
Class 12,PCM Stream,"Communication,Mathematics,Writing,Chemistry Lab,Problem Solving,Python",Engineering,High School Physics Teacher,"2 projects, 1 internships",Civil Servant (IAS/IPS)
Undergraduate,Business/BBA,"Sales,Communication,SEO",Management,Marketing Manager,"0 projects, 0 internships",Product Manager
Class 12,PCM Stream,"Chemistry Lab,Mathematics,Physics Lab","Research,Engineering",High School Physics Teacher,"0 projects, 1 internships",Civil Servant (IAS/IPS)
Undergraduate,Commerce/B.Com,"Scrum,Problem Solving,Taxation,Data Analytics,Time Management","Business,Government Jobs,Finance",Investment Banker,"1 projects, 1 internships",Chartered Accountant
Undergraduate,Electronics & Communication,"Physics Lab,Mathematics,Figma,C++,Linear Algebra,Data Structures","Technology,Engineering,Research",VLSI Design Engineer,"1 projects, 0 internships",Embedded Systems Engineer
Undergraduate,Electronics & Communication,"Data Structures,AWS,Kubernetes,Figma,Python","Engineering,Technology",Network Security Engineer,"1 projects, 1 internships",Embedded Systems Engineer
Undergraduate,Computer Science,"REST APIs,CSS,Python,React,HTML","Business,AI/ML,Technology",DevOps Engineer,"2 projects, 0 internships",Software Engineer
Undergraduate,Commerce/B.Com,"Financial Accounting,Communication,Data Analytics,Problem Solving","Government Jobs,Finance,Business",Unknown Career,"2 projects, 1 internships",Chartered Accountant
Undergraduate,Commerce/B.Com,"Taxation,Economics,Communication","Government Jobs,Finance",Financial Consultant,"1 projects, 0 internships",Chartered Accountant
Undergraduate,Law/LLB,"Communication,Technical Writing,Constitutional Law","Government Jobs,Social Impact",Patent Attorney,"1 projects, 1 internships",Corporate Lawyer
Undergraduate,Computer Science,"HTML,Git,JavaScript,React","Business,AI/ML",AI/ML Engineer,"2 projects, 1 internships",Software Engineer
Undergraduate,Business/BBA,"Business Strategy,Communication,Sales","Media,Business,Management",Brand Strategist,"1 projects, 1 internships",Product Manager
Undergraduate,Science/B.Sc,"Pandas,Communication,NumPy,Statistics,Mathematics",Finance,Financial Risk Analyst,"1 projects, 1 internships",Data Analyst
Undergraduate,Commerce/B.Com,"Data Analytics,Problem Solving,Taxation","Business,Government Jobs",Chartered Accountant,"2 projects, 0 internships",Chartered Accountant
Undergraduate,Electronics & Communication,"AWS,Figma,Physics Lab,Data Structures,Linear Algebra,Mathematics","Research,Engineering,Technology",Network Security Engineer,"2 projects, 0 internships",Embedded Systems Engineer
Undergraduate,Electronics & Communication,"AWS,Physics Lab,Docker,Python,Figma","Engineering,Technology",Network Security Engineer,"1 projects, 0 internships",Embedded Systems Engineer
Undergraduate,Commerce/B.Com,"Time Management,Data Analytics,Communication,Economics,Scrum,SQL","Business,Finance",Financial Consultant,"0 projects, 0 internships",Chartered Accountant
Undergraduate,Law/LLB,"Public Speaking,Constitutional Law,Negotiation,Communication,Leadership","Social Impact,Government Jobs",Corporate Lawyer,"2 projects, 0 internships",Corporate Lawyer
Undergraduate,Computer Science,"SQL,Python,Java,REST APIs,Git","AI/ML,Technology",AI/ML Engineer,"2 projects, 0 internships",Software Engineer
Undergraduate,Electronics & Communication,"Physics Lab,Docker,Data Structures","Research,Engineering,Technology",Embedded Systems Engineer,"0 projects, 0 internships",Embedded Systems Engineer
Undergraduate,Commerce/B.Com,"Economics,Data Analytics,Communication,Problem Solving,Taxation",Finance,Unknown Career,"2 projects, 1 internships",Chartered Accountant
Undergraduate,Commerce/B.Com,"Scrum,Data Analytics,Communication","Government Jobs,Business",Chartered Accountant,"0 projects, 0 internships",Chartered Accountant
Undergraduate,Electronics & Communication,"C++,AWS,Physics Lab","Technology,Research,Engineering",IoT Systems Architect,"1 projects, 1 internships",Embedded Systems Engineer
Undergraduate,Electronics & Communication,"Kubernetes,Mathematics,Linear Algebra,Docker,AWS,Python",Engineering,IoT Systems Architect,"1 projects, 1 internships",Embedded Systems Engineer
Undergraduate,Electronics & Communication,"Figma,Python,Data Structures,Mathematics,Docker","Technology,Research,Engineering",VLSI Design Engineer,"1 projects, 1 internships",Embedded Systems Engineer
Class 12,PCM Stream,"Physics Lab,Writing,Mathematics","Government Jobs,Defence",Research Scientist,"0 projects, 1 internships",Civil Servant (IAS/IPS)
Class 12,PCM Stream,"Problem Solving,Chemistry Lab,Mathematics,Python,Writing",Research,Research Scientist,"0 projects, 1 internships",Civil Servant (IAS/IPS)
Undergraduate,Business/BBA,"Project Management,SEO,Sales",Management,Brand Strategist,"0 projects, 0 internships",Product Manager
Undergraduate,Electronics & Communication,"Figma,Data Structures,Linear Algebra,Physics Lab","Engineering,Research,Technology",Network Security Engineer,"1 projects, 1 internships",Embedded Systems Engineer
Class 12,PCM Stream,"Communication,Chemistry Lab,Mathematics,Problem Solving,Writing,Python","Research,Government Jobs,Defence",Research Scientist,"0 projects, 1 internships",Civil Servant (IAS/IPS)
Undergraduate,Science/B.Sc,"Communication,NumPy,Mathematics",Research,Financial Risk Analyst,"2 projects, 0 internships",Data Analyst
Undergraduate,Business/BBA,"Leadership,Business Strategy,Project Management,SEO","Management,Media,Entrepreneurship",Management Consultant,"2 projects, 1 internships",Product Manager
Undergraduate,Electronics & Communication,"Kubernetes,Data Structures,AWS,C++,Linear Algebra",Engineering,IoT Systems Architect,"1 projects, 0 internships",Embedded Systems Engineer
Undergraduate,Business/BBA,"Project Management,Leadership,Sales,Public Speaking","Management,Business,Entrepreneurship",Product Manager,"2 projects, 1 internships",Product Manager
Undergraduate,Computer Science,"C++,Node.js,Python,JavaScript,Algorithms","AI/ML,Business,Technology",Data Scientist,"0 projects, 0 internships",Software Engineer
Undergraduate,Computer Science,"Node.js,Data Structures,Algorithms,React,HTML,JavaScript","Business,AI/ML",Cloud Architect,"2 projects, 1 internships",Software Engineer
Undergraduate,Electronics & Communication,"Linear Algebra,Mathematics,Python","Technology,Research,Engineering",VLSI Design Engineer,"2 projects, 1 internships",Embedded Systems Engineer
Undergraduate,Commerce/B.Com,"Data Analytics,Communication,Time Management,Problem Solving,Taxation","Finance,Business,Government Jobs",Chartered Accountant,"0 projects, 1 internships",Chartered Accountant
Undergraduate,Commerce/B.Com,"Data Analytics,Taxation,SQL,Financial Accounting,Communication","Business,Finance",Investment Banker,"2 projects, 1 internships",Chartered Accountant
Class 12,PCM Stream,"Mathematics,Chemistry Lab,Python",Engineering,High School Physics Teacher,"1 projects, 1 internships",Civil Servant (IAS/IPS)
Undergraduate,Commerce/B.Com,"Economics,SQL,Problem Solving",Business,Unknown Career,"2 projects, 1 internships",Chartered Accountant
Undergraduate,Computer Science,"Algorithms,JavaScript,Java,Git,REST APIs,C++","AI/ML,Technology,Business",Software Engineer,"0 projects, 0 internships",Software Engineer
Undergraduate,Commerce/B.Com,"Economics,Taxation,Data Analytics,Scrum,Time Management","Government Jobs,Finance,Business",Unknown Career,"0 projects, 0 internships",Chartered Accountant
Undergraduate,Commerce/B.Com,"Scrum,Communication,Taxation","Government Jobs,Finance,Business",Unknown Career,"1 projects, 0 internships",Chartered Accountant
Undergraduate,Electronics & Communication,"Data Structures,AWS,C++,Figma,Python,Physics Lab",Research,VLSI Design Engineer,"1 projects, 0 internships",Embedded Systems Engineer
Undergraduate,Business/BBA,"Sales,SEO,Product Management,Communication,Business Strategy","Business,Entrepreneurship",Marketing Manager,"1 projects, 1 internships",Product Manager
Undergraduate,Computer Science,"Java,HTML,Data Structures,Python","AI/ML,Business",Cloud Architect,"0 projects, 0 internships",Software Engineer
Undergraduate,Electronics & Communication,"Physics Lab,C++,Python,Linear Algebra,Docker","Engineering,Technology",VLSI Design Engineer,"0 projects, 0 internships",Embedded Systems Engineer
Class 12,PCM Stream,"Mathematics,Communication,Chemistry Lab","Government Jobs,Engineering,Defence",Research Scientist,"0 projects, 1 internships",Civil Servant (IAS/IPS)
Class 12,PCM Stream,"Python,Chemistry Lab,Writing,Communication,Mathematics,Physics Lab","Defence,Government Jobs,Research",High School Physics Teacher,"2 projects, 1 internships",Civil Servant (IAS/IPS)
Undergraduate,Computer Science,"Algorithms,Data Structures,REST APIs","Technology,Business,AI/ML",Cloud Architect,"0 projects, 0 internships",Software Engineer
Class 12,PCM Stream,"Python,Mathematics,Chemistry Lab,Problem Solving,Writing,Physics Lab",Defence,High School Physics Teacher,"1 projects, 1 internships",Civil Servant (IAS/IPS)
Class 12,PCM Stream,"Chemistry Lab,Physics Lab,Writing,Communication","Government Jobs,Engineering",Research Scientist,"2 projects, 0 internships",Civil Servant (IAS/IPS)
Undergraduate,Computer Science,"Java,React,Algorithms,C++,Data Structures,Node.js","Business,AI/ML",AI/ML Engineer,"0 projects, 0 internships",Software Engineer
Undergraduate,Science/B.Sc,"Python,Data Visualization,Statistics",Finance,Data Analyst,"0 projects, 1 internships",Data Analyst
Class 12,PCM Stream,"Writing,Communication,Physics Lab,Problem Solving,Python","Engineering,Government Jobs",Research Scientist,"0 projects, 1 internships",Civil Servant (IAS/IPS)
Undergraduate,Science/B.Sc,"Mathematics,Data Analytics,Pandas,Python,Communication,NumPy","Technology,Finance",Financial Risk Analyst,"0 projects, 1 internships",Data Analyst
Undergraduate,Science/B.Sc,"SQL,Communication,Mathematics","Research,Business,Finance",Data Scientist,"0 projects, 0 internships",Data Analyst
Undergraduate,Business/BBA,"Marketing,Communication,Product Management,Sales","Management,Entrepreneurship,Business",Product Manager,"1 projects, 1 internships",Product Manager
Undergraduate,Science/B.Sc,"NumPy,Data Analytics,Pandas",Technology,Data Analyst,"2 projects, 1 internships",Data Analyst
Undergraduate,Computer Science,"C++,Java,Python,Node.js,SQL",AI/ML,Software Engineer,"2 projects, 1 internships",Software Engineer
Undergraduate,Commerce/B.Com,"Problem Solving,Scrum,Time Management","Government Jobs,Finance,Business",Investment Banker,"0 projects, 1 internships",Chartered Accountant
Undergraduate,Commerce/B.Com,"Time Management,Communication,Problem Solving","Business,Government Jobs",Chartered Accountant,"0 projects, 0 internships",Chartered Accountant
Class 12,PCM Stream,"Communication,Chemistry Lab,Writing,Problem Solving,Python,Mathematics","Government Jobs,Defence",Research Scientist,"0 projects, 1 internships",Civil Servant (IAS/IPS)
Undergraduate,Electronics & Communication,"Linear Algebra,Python,Data Structures","Engineering,Technology,Research",Network Security Engineer,"0 projects, 0 internships",Embedded Systems Engineer
Class 12,PCM Stream,"Chemistry Lab,Python,Problem Solving,Mathematics",Defence,Research Scientist,"2 projects, 1 internships",Civil Servant (IAS/IPS)
Undergraduate,Computer Science,"JavaScript,SQL,Algorithms,CSS,Git,HTML","Technology,Business",DevOps Engineer,"1 projects, 1 internships",Software Engineer
Undergraduate,Computer Science,"C++,JavaScript,Node.js,Data Structures,Java,Python",Technology,Data Scientist,"0 projects, 1 internships",Software Engineer
Undergraduate,Computer Science,"HTML,Java,SQL","Technology,Business,AI/ML",Cloud Architect,"2 projects, 1 internships",Software Engineer
Undergraduate,Computer Science,"Algorithms,React,HTML,SQL,JavaScript","Technology,AI/ML,Business",Data Scientist,"2 projects, 1 internships",Software Engineer
Class 12,PCM Stream,"Writing,Communication,Physics Lab","Research,Government Jobs,Engineering",Civil Servant (IAS/IPS),"1 projects, 0 internships",Civil Servant (IAS/IPS)
Undergraduate,Computer Science,"CSS,REST APIs,Git,SQL",Technology,Cloud Architect,"0 projects, 0 internships",Software Engineer
Undergraduate,Law/LLB,"Constitutional Law,Communication,Leadership",Social Impact,Criminal Defense Lawyer,"0 projects, 1 internships",Corporate Lawyer
Undergraduate,Science/B.Sc,"Data Analytics,SQL,Python","Research,Business,Finance",Data Scientist,"2 projects, 0 internships",Data Analyst
Undergraduate,Science/B.Sc,"Statistics,NumPy,Data Visualization,Pandas","Business,Technology,Finance",Data Scientist,"2 projects, 1 internships",Data Analyst
Undergraduate,Law/LLB,"Constitutional Law,Leadership,Communication,Legal Writing,Law","Government Jobs,Social Impact,Law",Public Prosecutor,"0 projects, 0 internships",Corporate Lawyer
Undergraduate,Science/B.Sc,"Communication,Data Visualization,NumPy,Python","Finance,Business",Financial Risk Analyst,"2 projects, 1 internships",Data Analyst
Undergraduate,Computer Science,"Python,HTML,SQL,Algorithms,Git","Business,Technology",Software Engineer,"1 projects, 0 internships",Software Engineer
Undergraduate,Commerce/B.Com,"SQL,Scrum,Time Management,Data Analytics,Taxation,Problem Solving","Finance,Government Jobs,Business",Financial Consultant,"0 projects, 0 internships",Chartered Accountant
Class 12,PCM Stream,"Chemistry Lab,Physics Lab,Problem Solving,Python","Government Jobs,Defence,Engineering",Defense Officer (Army/Navy/Air Force),"1 projects, 0 internships",Civil Servant (IAS/IPS)
Undergraduate,Commerce/B.Com,"SQL,Data Analytics,Financial Accounting","Finance,Business",Chartered Accountant,"0 projects, 1 internships",Chartered Accountant
Undergraduate,Business/BBA,"Leadership,Sales,Project Management,SEO,Public Speaking,Communication",Media,Management Consultant,"1 projects, 1 internships",Product Manager
Class 12,PCM Stream,"Mathematics,Physics Lab,Chemistry Lab,Writing,Problem Solving","Government Jobs,Engineering,Research",High School Physics Teacher,"1 projects, 1 internships",Civil Servant (IAS/IPS)
Undergraduate,Computer Science,"Data Structures,Node.js,React,SQL,Algorithms",AI/ML,DevOps Engineer,"1 projects, 1 internships",Software Engineer
Undergraduate,Law/LLB,"Technical Writing,Leadership,Legal Writing,Communication","Government Jobs,Social Impact,Law",Public Prosecutor,"1 projects, 1 internships",Corporate Lawyer
Undergraduate,Business/BBA,"Business Strategy,Communication,Marketing,Product Management,Project Management,Public Speaking",Management,Product Manager,"0 projects, 1 internships",Product Manager
Undergraduate,Commerce/B.Com,"Communication,SQL,Problem Solving,Economics,Time Management,Taxation",Finance,Investment Banker,"2 projects, 0 internships",Chartered Accountant
Undergraduate,Computer Science,"Algorithms,Git,REST APIs,Data Structures,SQL,Java","Technology,AI/ML,Business",Software Engineer,"0 projects, 0 internships",Software Engineer
Class 12,PCM Stream,"Physics Lab,Problem Solving,Chemistry Lab,Python,Communication,Mathematics","Research,Defence,Government Jobs",Civil Servant (IAS/IPS),"1 projects, 0 internships",Civil Servant (IAS/IPS)
Undergraduate,Law/LLB,"Communication,Public Speaking,Legal Writing,Law,Technical Writing,Constitutional Law","Social Impact,Law,Government Jobs",Public Prosecutor,"0 projects, 0 internships",Corporate Lawyer
Undergraduate,Computer Science,"HTML,SQL,REST APIs,JavaScript,Git","Business,AI/ML,Technology",Data Scientist,"2 projects, 0 internships",Software Engineer
Undergraduate,Electronics & Communication,"Linear Algebra,Python,Physics Lab",Engineering,Embedded Systems Engineer,"1 projects, 0 internships",Embedded Systems Engineer
Undergraduate,Business/BBA,"SEO,Business Strategy,Leadership,Product Management","Business,Media",Brand Strategist,"2 projects, 0 internships",Product Manager
Undergraduate,Commerce/B.Com,"Economics,Scrum,Taxation,SQL,Financial Accounting","Finance,Government Jobs,Business",Chartered Accountant,"2 projects, 1 internships",Chartered Accountant
Class 12,PCM Stream,"Mathematics,Python,Problem Solving,Chemistry Lab,Physics Lab","Engineering,Government Jobs",Research Scientist,"1 projects, 0 internships",Civil Servant (IAS/IPS)
Undergraduate,Science/B.Sc,"Data Analytics,Statistics,Communication",Finance,Data Scientist,"1 projects, 0 internships",Data Analyst
Undergraduate,Law/LLB,"Constitutional Law,Legal Writing,Law,Technical Writing,Public Speaking,Communication","Social Impact,Law,Government Jobs",Patent Attorney,"2 projects, 0 internships",Corporate Lawyer
Undergraduate,Commerce/B.Com,"Time Management,Problem Solving,Data Analytics,Scrum,Economics","Finance,Business",Unknown Career,"1 projects, 1 internships",Chartered Accountant
Undergraduate,Computer Science,"SQL,CSS,Algorithms,Java,Node.js,HTML",AI/ML,Data Scientist,"0 projects, 0 internships",Software Engineer
Undergraduate,Commerce/B.Com,"Problem Solving,Financial Accounting,Economics,Scrum,Data Analytics,Communication",Business,Chartered Accountant,"2 projects, 0 internships",Chartered Accountant
Undergraduate,Law/LLB,"Negotiation,Constitutional Law,Leadership,Public Speaking","Law,Social Impact",Patent Attorney,"0 projects, 0 internships",Corporate Lawyer
Undergraduate,Law/LLB,"Leadership,Communication,Legal Writing","Social Impact,Government Jobs,Law",Public Prosecutor,"1 projects, 1 internships",Corporate Lawyer
Undergraduate,Electronics & Communication,"Linear Algebra,Mathematics,AWS,Kubernetes",Engineering,Embedded Systems Engineer,"0 projects, 0 internships",Embedded Systems Engineer
Undergraduate,Law/LLB,"Constitutional Law,Legal Writing,Negotiation","Social Impact,Government Jobs,Law",Public Prosecutor,"1 projects, 0 internships",Corporate Lawyer
Undergraduate,Science/B.Sc,"SQL,NumPy,Data Visualization,Statistics,Pandas,Communication","Technology,Finance,Business",Actuarial Analyst,"0 projects, 1 internships",Data Analyst
Undergraduate,Business/BBA,"Product Management,Leadership,Project Management,Sales,Communication,Public Speaking","Media,Management,Entrepreneurship",Marketing Manager,"2 projects, 0 internships",Product Manager
Class 12,PCM Stream,"Writing,Python,Problem Solving,Physics Lab,Chemistry Lab,Mathematics","Defence,Government Jobs",Defense Officer (Army/Navy/Air Force),"0 projects, 0 internships",Civil Servant (IAS/IPS)
Undergraduate,Commerce/B.Com,"Data Analytics,Time Management,Taxation,SQL,Scrum",Government Jobs,Chartered Accountant,"2 projects, 0 internships",Chartered Accountant
Class 12,PCM Stream,"Mathematics,Communication,Problem Solving","Defence,Engineering,Research",High School Physics Teacher,"1 projects, 0 internships",Civil Servant (IAS/IPS)
Undergraduate,Computer Science,"Git,React,SQL,REST APIs","Technology,Business,AI/ML",Data Scientist,"2 projects, 0 internships",Software Engineer
Undergraduate,Commerce/B.Com,"SQL,Scrum,Economics,Problem Solving,Financial Accounting,Communication","Government Jobs,Business,Finance",Unknown Career,"1 projects, 0 internships",Chartered Accountant
Undergraduate,Law/LLB,"Technical Writing,Public Speaking,Communication",Government Jobs,Public Prosecutor,"2 projects, 0 internships",Corporate Lawyer
Undergraduate,Law/LLB,"Law,Legal Writing,Communication,Leadership","Social Impact,Law",Public Prosecutor,"2 projects, 1 internships",Corporate Lawyer
Class 12,PCM Stream,"Mathematics,Writing,Python,Communication,Physics Lab","Government Jobs,Engineering,Research",Research Scientist,"0 projects, 1 internships",Civil Servant (IAS/IPS)
Undergraduate,Law/LLB,"Public Speaking,Negotiation,Legal Writing,Technical Writing,Leadership,Communication",Government Jobs,Patent Attorney,"1 projects, 1 internships",Corporate Lawyer
Undergraduate,Science/B.Sc,"Pandas,Data Analytics,Python,Mathematics,Communication,SQL","Technology,Business",Actuarial Analyst,"0 projects, 0 internships",Data Analyst
Undergraduate,Commerce/B.Com,"Scrum,SQL,Taxation","Government Jobs,Business",Chartered Accountant,"2 projects, 0 internships",Chartered Accountant
Undergraduate,Law/LLB,"Legal Writing,Communication,Law,Technical Writing","Social Impact,Government Jobs",Public Prosecutor,"1 projects, 0 internships",Corporate Lawyer
Undergraduate,Computer Science,"Data Structures,Node.js,HTML,Java","Business,AI/ML",DevOps Engineer,"1 projects, 1 internships",Software Engineer
Undergraduate,Science/B.Sc,"Data Visualization,Pandas,Python,Statistics,Data Analytics","Research,Finance,Business",Actuarial Analyst,"0 projects, 1 internships",Data Analyst
Class 12,PCM Stream,"Problem Solving,Python,Writing,Mathematics,Communication",Research,Research Scientist,"1 projects, 1 internships",Civil Servant (IAS/IPS)
Undergraduate,Law/LLB,"Law,Constitutional Law,Technical Writing","Law,Government Jobs",Criminal Defense Lawyer,"0 projects, 0 internships",Corporate Lawyer
Undergraduate,Law/LLB,"Law,Constitutional Law,Negotiation,Public Speaking,Technical Writing,Leadership","Law,Government Jobs",Public Prosecutor,"1 projects, 0 internships",Corporate Lawyer
Undergraduate,Computer Science,"Git,Data Structures,SQL","Technology,Business,AI/ML",Data Scientist,"0 projects, 1 internships",Software Engineer
Undergraduate,Computer Science,"REST APIs,Data Structures,Algorithms","Business,AI/ML",Data Scientist,"2 projects, 0 internships",Software Engineer
Undergraduate,Computer Science,"C++,CSS,Python",Business,Data Scientist,"2 projects, 1 internships",Software Engineer
Undergraduate,Business/BBA,"Marketing,SEO,Project Management",Entrepreneurship,Marketing Manager,"1 projects, 1 internships",Product Manager
Undergraduate,Science/B.Sc,"Pandas,Communication,Statistics","Business,Research,Finance",Data Analyst,"1 projects, 0 internships",Data Analyst
Undergraduate,Computer Science,"Data Structures,SQL,React","Business,Technology",DevOps Engineer,"2 projects, 0 internships",Software Engineer
Undergraduate,Business/BBA,"Business Strategy,Marketing,SEO","Entrepreneurship,Management",Management Consultant,"2 projects, 0 internships",Product Manager
Undergraduate,Computer Science,"Git,Data Structures,REST APIs,HTML","Business,AI/ML,Technology",Cloud Architect,"1 projects, 1 internships",Software Engineer
Undergraduate,Law/LLB,"Technical Writing,Communication,Constitutional Law,Public Speaking,Legal Writing","Law,Government Jobs,Social Impact",Criminal Defense Lawyer,"0 projects, 0 internships",Corporate Lawyer
Undergraduate,Science/B.Sc,"Data Analytics,Mathematics,Pandas",Research,Actuarial Analyst,"2 projects, 0 internships",Data Analyst
Undergraduate,Business/BBA,"Product Management,Public Speaking,Marketing,SEO,Project Management,Business Strategy","Business,Entrepreneurship,Media",Management Consultant,"2 projects, 1 internships",Product Manager
Undergraduate,Electronics & Communication,"C++,Data Structures,Kubernetes,AWS,Figma,Linear Algebra","Engineering,Research,Technology",IoT Systems Architect,"1 projects, 0 internships",Embedded Systems Engineer
Undergraduate,Commerce/B.Com,"Financial Accounting,Scrum,Communication","Business,Finance",Investment Banker,"0 projects, 1 internships",Chartered Accountant
Undergraduate,Commerce/B.Com,"Financial Accounting,Time Management,Data Analytics",Business,Unknown Career,"1 projects, 1 internships",Chartered Accountant
Class 12,PCM Stream,"Chemistry Lab,Writing,Physics Lab,Python,Mathematics","Defence,Research",High School Physics Teacher,"2 projects, 0 internships",Civil Servant (IAS/IPS)
Undergraduate,Commerce/B.Com,"SQL,Scrum,Taxation,Time Management,Problem Solving","Business,Finance,Government Jobs",Chartered Accountant,"0 projects, 1 internships",Chartered Accountant
Undergraduate,Business/BBA,"Marketing,Communication,Public Speaking",Media,Brand Strategist,"2 projects, 1 internships",Product Manager
Undergraduate,Law/LLB,"Legal Writing,Communication,Constitutional Law,Negotiation",Government Jobs,Patent Attorney,"2 projects, 0 internships",Corporate Lawyer
Undergraduate,Science/B.Sc,"Statistics,Data Analytics,Communication","Technology,Research",Data Analyst,"2 projects, 0 internships",Data Analyst
Undergraduate,Commerce/B.Com,"Time Management,Financial Accounting,Problem Solving,Scrum,SQL,Taxation",Finance,Chartered Accountant,"1 projects, 1 internships",Chartered Accountant
Undergraduate,Electronics & Communication,"Physics Lab,Linear Algebra,Docker,AWS",Research,Embedded Systems Engineer,"1 projects, 1 internships",Embedded Systems Engineer
Undergraduate,Electronics & Communication,"Python,C++,AWS","Engineering,Research",IoT Systems Architect,"0 projects, 1 internships",Embedded Systems Engineer
Undergraduate,Law/LLB,"Legal Writing,Law,Public Speaking,Constitutional Law,Negotiation,Communication","Law,Social Impact",Corporate Lawyer,"2 projects, 0 internships",Corporate Lawyer
Undergraduate,Electronics & Communication,"Kubernetes,AWS,C++,Docker,Data Structures",Engineering,Network Security Engineer,"0 projects, 0 internships",Embedded Systems Engineer
Undergraduate,Science/B.Sc,"NumPy,SQL,Mathematics,Communication",Technology,Actuarial Analyst,"2 projects, 0 internships",Data Analyst
Class 12,PCM Stream,"Communication,Writing,Physics Lab,Python",Government Jobs,Research Scientist,"2 projects, 0 internships",Civil Servant (IAS/IPS)
Class 12,PCM Stream,"Chemistry Lab,Problem Solving,Writing,Communication,Physics Lab",Engineering,Defense Officer (Army/Navy/Air Force),"1 projects, 1 internships",Civil Servant (IAS/IPS)
Undergraduate,Science/B.Sc,"Communication,Data Analytics,Statistics,Data Visualization,Pandas,Mathematics","Business,Technology",Actuarial Analyst,"1 projects, 0 internships",Data Analyst
Class 12,PCM Stream,"Writing,Mathematics,Chemistry Lab,Physics Lab,Communication",Research,High School Physics Teacher,"0 projects, 1 internships",Civil Servant (IAS/IPS)
Undergraduate,Commerce/B.Com,"Problem Solving,SQL,Time Management,Scrum,Data Analytics",Business,Financial Consultant,"0 projects, 0 internships",Chartered Accountant
Undergraduate,Commerce/B.Com,"Financial Accounting,Scrum,Communication,Time Management",Business,Investment Banker,"2 projects, 0 internships",Chartered Accountant
Undergraduate,Commerce/B.Com,"Scrum,Financial Accounting,Data Analytics,Problem Solving","Government Jobs,Finance,Business",Investment Banker,"1 projects, 0 internships",Chartered Accountant
Undergraduate,Law/LLB,"Leadership,Technical Writing,Public Speaking,Negotiation,Communication,Law","Government Jobs,Social Impact",Criminal Defense Lawyer,"0 projects, 0 internships",Corporate Lawyer
Undergraduate,Science/B.Sc,"Python,SQL,Statistics,Data Visualization,NumPy,Pandas","Finance,Technology",Actuarial Analyst,"0 projects, 0 internships",Data Analyst
Undergraduate,Commerce/B.Com,"Time Management,SQL,Taxation,Problem Solving,Economics","Finance,Business,Government Jobs",Chartered Accountant,"0 projects, 0 internships",Chartered Accountant
Class 12,PCM Stream,"Problem Solving,Python,Writing,Chemistry Lab,Mathematics,Communication","Defence,Engineering,Research",Civil Servant (IAS/IPS),"0 projects, 0 internships",Civil Servant (IAS/IPS)
Undergraduate,Science/B.Sc,"NumPy,Mathematics,SQL","Research,Finance,Business",Financial Risk Analyst,"2 projects, 0 internships",Data Analyst
Undergraduate,Commerce/B.Com,"Communication,Scrum,SQL","Finance,Government Jobs",Chartered Accountant,"2 projects, 0 internships",Chartered Accountant
Undergraduate,Commerce/B.Com,"Time Management,Taxation,Scrum","Government Jobs,Finance",Unknown Career,"2 projects, 0 internships",Chartered Accountant
Undergraduate,Science/B.Sc,"Communication,Data Visualization,Pandas,SQL","Technology,Business",Data Analyst,"0 projects, 1 internships",Data Analyst
Undergraduate,Electronics & Communication,"Python,Docker,Figma,AWS,Data Structures,Kubernetes",Research,Embedded Systems Engineer,"0 projects, 1 internships",Embedded Systems Engineer
Undergraduate,Computer Science,"React,SQL,Git,Python",AI/ML,Data Scientist,"0 projects, 0 internships",Software Engineer
Undergraduate,Electronics & Communication,"AWS,Mathematics,Python,Physics Lab,Linear Algebra,Figma","Engineering,Technology",Network Security Engineer,"2 projects, 0 internships",Embedded Systems Engineer
Undergraduate,Commerce/B.Com,"Taxation,Data Analytics,Time Management,Problem Solving,SQL,Communication","Business,Finance,Government Jobs",Financial Consultant,"2 projects, 1 internships",Chartered Accountant
Class 12,PCM Stream,"Communication,Python,Physics Lab,Writing,Mathematics,Chemistry Lab","Government Jobs,Defence",Research Scientist,"1 projects, 0 internships",Civil Servant (IAS/IPS)
Class 12,PCM Stream,"Physics Lab,Mathematics,Chemistry Lab,Problem Solving","Defence,Research",Defense Officer (Army/Navy/Air Force),"2 projects, 0 internships",Civil Servant (IAS/IPS)
Undergraduate,Business/BBA,"Marketing,Leadership,Business Strategy,Project Management,Sales,Product Management","Management,Business",Management Consultant,"1 projects, 0 internships",Product Manager
Undergraduate,Business/BBA,"Business Strategy,Product Management,Public Speaking",Business,Product Manager,"1 projects, 0 internships",Product Manager
Undergraduate,Electronics & Communication,"Kubernetes,Mathematics,C++,AWS","Research,Technology,Engineering",Network Security Engineer,"0 projects, 1 internships",Embedded Systems Engineer
Class 12,PCM Stream,"Writing,Mathematics,Chemistry Lab,Problem Solving","Defence,Engineering,Research",Civil Servant (IAS/IPS),"1 projects, 1 internships",Civil Servant (IAS/IPS)
Class 12,PCM Stream,"Mathematics,Writing,Problem Solving",Research,High School Physics Teacher,"0 projects, 1 internships",Civil Servant (IAS/IPS)
Undergraduate,Commerce/B.Com,"Economics,Financial Accounting,Time Management,Scrum","Business,Government Jobs,Finance",Unknown Career,"1 projects, 0 internships",Chartered Accountant
Undergraduate,Computer Science,"React,HTML,SQL,Python","Technology,AI/ML",AI/ML Engineer,"2 projects, 1 internships",Software Engineer
Undergraduate,Science/B.Sc,"NumPy,Pandas,Communication,SQL,Python,Statistics",Research,Actuarial Analyst,"1 projects, 0 internships",Data Analyst
Undergraduate,Science/B.Sc,"Python,Statistics,Communication,Data Visualization,Data Analytics","Technology,Business",Data Scientist,"2 projects, 1 internships",Data Analyst
Undergraduate,Law/LLB,"Communication,Legal Writing,Leadership,Negotiation,Constitutional Law","Law,Government Jobs,Social Impact",Patent Attorney,"2 projects, 0 internships",Corporate Lawyer
Undergraduate,Commerce/B.Com,"SQL,Financial Accounting,Time Management,Communication,Taxation,Economics","Government Jobs,Finance,Business",Investment Banker,"0 projects, 0 internships",Chartered Accountant
Undergraduate,Science/B.Sc,"Data Visualization,SQL,Communication,Python,Data Analytics,Statistics","Finance,Technology",Data Analyst,"1 projects, 0 internships",Data Analyst
Undergraduate,Commerce/B.Com,"Time Management,SQL,Communication",Finance,Investment Banker,"2 projects, 0 internships",Chartered Accountant
Undergraduate,Electronics & Communication,"Mathematics,Linear Algebra,Physics Lab","Research,Engineering",IoT Systems Architect,"0 projects, 0 internships",Embedded Systems Engineer
Class 12,PCM Stream,"Python,Communication,Writing","Engineering,Research",Defense Officer (Army/Navy/Air Force),"0 projects, 0 internships",Civil Servant (IAS/IPS)
Undergraduate,Business/BBA,"Product Management,Marketing,Leadership,Public Speaking,Communication,Business Strategy","Business,Management",Brand Strategist,"0 projects, 1 internships",Product Manager
Undergraduate,Commerce/B.Com,"Time Management,Communication,Financial Accounting","Business,Finance,Government Jobs",Investment Banker,"2 projects, 1 internships",Chartered Accountant
Undergraduate,Commerce/B.Com,"Time Management,SQL,Scrum,Communication,Taxation","Government Jobs,Finance",Investment Banker,"2 projects, 0 internships",Chartered Accountant
Undergraduate,Business/BBA,"Sales,SEO,Product Management,Marketing,Public Speaking","Business,Management,Entrepreneurship",Marketing Manager,"2 projects, 0 internships",Product Manager
Undergraduate,Commerce/B.Com,"Taxation,Time Management,Scrum",Government Jobs,Chartered Accountant,"2 projects, 0 internships",Chartered Accountant
Undergraduate,Computer Science,"Algorithms,Data Structures,JavaScript,Git,React,REST APIs",AI/ML,DevOps Engineer,"0 projects, 0 internships",Software Engineer
Undergraduate,Business/BBA,"Leadership,Project Management,Public Speaking,Business Strategy",Entrepreneurship,Management Consultant,"0 projects, 1 internships",Product Manager
Undergraduate,Law/LLB,"Constitutional Law,Negotiation,Leadership,Public Speaking,Law","Law,Social Impact,Government Jobs",Corporate Lawyer,"1 projects, 0 internships",Corporate Lawyer
Undergraduate,Science/B.Sc,"SQL,Statistics,NumPy,Data Visualization","Technology,Finance",Financial Risk Analyst,"1 projects, 0 internships",Data Analyst
Undergraduate,Business/BBA,"Project Management,Sales,Product Management",Entrepreneurship,Marketing Manager,"2 projects, 0 internships",Product Manager
Undergraduate,Law/LLB,"Public Speaking,Law,Communication",Government Jobs,Corporate Lawyer,"0 projects, 0 internships",Corporate Lawyer
Undergraduate,Commerce/B.Com,"Time Management,Communication,Problem Solving,Data Analytics",Government Jobs,Chartered Accountant,"1 projects, 1 internships",Chartered Accountant
Undergraduate,Computer Science,"Algorithms,React,HTML,CSS,Git,Python","Business,AI/ML",Data Scientist,"0 projects, 1 internships",Software Engineer
Undergraduate,Science/B.Sc,"Pandas,SQL,Mathematics,NumPy,Data Visualization",Business,Data Analyst,"1 projects, 1 internships",Data Analyst
Undergraduate,Commerce/B.Com,"Economics,Communication,Data Analytics","Finance,Government Jobs,Business",Chartered Accountant,"0 projects, 0 internships",Chartered Accountant
Undergraduate,Business/BBA,"SEO,Leadership,Project Management,Sales,Communication","Entrepreneurship,Media,Management",Brand Strategist,"0 projects, 1 internships",Product Manager
Undergraduate,Business/BBA,"SEO,Sales,Project Management,Leadership,Business Strategy,Communication",Management,Brand Strategist,"1 projects, 1 internships",Product Manager
Undergraduate,Law/LLB,"Legal Writing,Communication,Constitutional Law,Law,Leadership","Social Impact,Law,Government Jobs",Public Prosecutor,"1 projects, 0 internships",Corporate Lawyer
Class 12,PCM Stream,"Physics Lab,Writing,Mathematics,Communication","Engineering,Research,Defence",Defense Officer (Army/Navy/Air Force),"1 projects, 1 internships",Civil Servant (IAS/IPS)
Undergraduate,Computer Science,"SQL,HTML,React",AI/ML,Data Scientist,"0 projects, 0 internships",Software Engineer
Undergraduate,Business/BBA,"Project Management,SEO,Communication,Sales,Business Strategy",Entrepreneurship,Marketing Manager,"2 projects, 0 internships",Product Manager
Undergraduate,Commerce/B.Com,"Communication,Financial Accounting,Scrum",Government Jobs,Financial Consultant,"2 projects, 1 internships",Chartered Accountant
Undergraduate,Business/BBA,"Project Management,Marketing,Sales,Leadership,Communication,SEO","Management,Media",Product Manager,"0 projects, 0 internships",Product Manager
Undergraduate,Science/B.Sc,"Data Analytics,SQL,Data Visualization","Research,Business,Finance",Financial Risk Analyst,"2 projects, 1 internships",Data Analyst
Undergraduate,Electronics & Communication,"Python,Data Structures,Linear Algebra,Figma,Mathematics,Physics Lab","Technology,Engineering,Research",Embedded Systems Engineer,"1 projects, 0 internships",Embedded Systems Engineer
Class 12,PCM Stream,"Problem Solving,Communication,Mathematics,Python,Writing,Chemistry Lab","Research,Government Jobs",Civil Servant (IAS/IPS),"1 projects, 1 internships",Civil Servant (IAS/IPS)
Undergraduate,Business/BBA,"Product Management,Communication,Public Speaking,Leadership,Project Management","Media,Entrepreneurship",Brand Strategist,"0 projects, 0 internships",Product Manager
Undergraduate,Electronics & Communication,"Physics Lab,Figma,C++,Docker,Linear Algebra,Kubernetes","Research,Engineering",IoT Systems Architect,"2 projects, 1 internships",Embedded Systems Engineer
Undergraduate,Law/LLB,"Law,Negotiation,Technical Writing",Law,Public Prosecutor,"0 projects, 1 internships",Corporate Lawyer
Undergraduate,Computer Science,"Python,Git,REST APIs","AI/ML,Business,Technology",Data Scientist,"0 projects, 0 internships",Software Engineer
Undergraduate,Science/B.Sc,"SQL,NumPy,Statistics,Python,Mathematics,Data Visualization","Business,Research",Financial Risk Analyst,"2 projects, 1 internships",Data Analyst
Undergraduate,Science/B.Sc,"Mathematics,Data Analytics,SQL,NumPy","Research,Technology,Finance",Actuarial Analyst,"1 projects, 0 internships",Data Analyst
Undergraduate,Business/BBA,"Product Management,Project Management,Communication,Business Strategy,Marketing",Business,Brand Strategist,"1 projects, 1 internships",Product Manager
Undergraduate,Electronics & Communication,"Kubernetes,Linear Algebra,Mathematics,Physics Lab","Technology,Engineering",Network Security Engineer,"1 projects, 1 internships",Embedded Systems Engineer
Undergraduate,Business/BBA,"Product Management,Business Strategy,Public Speaking,Marketing,Sales,SEO","Entrepreneurship,Management",Marketing Manager,"1 projects, 1 internships",Product Manager
Undergraduate,Commerce/B.Com,"SQL,Economics,Scrum","Government Jobs,Finance",Investment Banker,"1 projects, 1 internships",Chartered Accountant
Undergraduate,Electronics & Communication,"AWS,Docker,Physics Lab,Python,Mathematics,Data Structures",Technology,Embedded Systems Engineer,"0 projects, 1 internships",Embedded Systems Engineer
Undergraduate,Science/B.Sc,"Mathematics,Communication,Pandas",Technology,Data Analyst,"2 projects, 1 internships",Data Analyst
Undergraduate,Computer Science,"Python,JavaScript,Data Structures,React","Business,Technology",DevOps Engineer,"2 projects, 1 internships",Software Engineer
Undergraduate,Business/BBA,"Marketing,Sales,Leadership","Business,Entrepreneurship,Media",Marketing Manager,"2 projects, 0 internships",Product Manager
Undergraduate,Law/LLB,"Law,Public Speaking,Negotiation",Law,Patent Attorney,"2 projects, 1 internships",Corporate Lawyer
Undergraduate,Commerce/B.Com,"SQL,Scrum,Data Analytics,Economics,Time Management",Finance,Unknown Career,"0 projects, 0 internships",Chartered Accountant
Class 12,PCM Stream,"Chemistry Lab,Problem Solving,Mathematics,Physics Lab","Engineering,Government Jobs",Research Scientist,"1 projects, 1 internships",Civil Servant (IAS/IPS)
Undergraduate,Law/LLB,"Constitutional Law,Negotiation,Communication,Legal Writing","Social Impact,Government Jobs,Law",Criminal Defense Lawyer,"0 projects, 0 internships",Corporate Lawyer
Undergraduate,Commerce/B.Com,"Scrum,Economics,Time Management,SQL,Data Analytics,Financial Accounting","Finance,Business",Investment Banker,"2 projects, 0 internships",Chartered Accountant
Class 12,PCM Stream,"Problem Solving,Physics Lab,Communication","Engineering,Government Jobs",Defense Officer (Army/Navy/Air Force),"0 projects, 1 internships",Civil Servant (IAS/IPS)
Undergraduate,Business/BBA,"Communication,Marketing,Sales,Public Speaking","Management,Entrepreneurship,Business",Management Consultant,"2 projects, 0 internships",Product Manager
Class 12,PCM Stream,"Physics Lab,Python,Problem Solving,Mathematics,Chemistry Lab","Engineering,Defence",Research Scientist,"2 projects, 0 internships",Civil Servant (IAS/IPS)
Undergraduate,Electronics & Communication,"Docker,Linear Algebra,C++,Figma,Python,Physics Lab","Engineering,Technology",Network Security Engineer,"0 projects, 1 internships",Embedded Systems Engineer
Class 12,PCM Stream,"Communication,Physics Lab,Chemistry Lab,Problem Solving",Defence,Research Scientist,"1 projects, 0 internships",Civil Servant (IAS/IPS)
Undergraduate,Electronics & Communication,"Kubernetes,Physics Lab,Docker",Engineering,IoT Systems Architect,"0 projects, 1 internships",Embedded Systems Engineer
Class 12,PCM Stream,"Problem Solving,Mathematics,Physics Lab","Government Jobs,Defence",Defense Officer (Army/Navy/Air Force),"2 projects, 1 internships",Civil Servant (IAS/IPS)
Undergraduate,Electronics & Communication,"Figma,C++,Kubernetes,Data Structures",Technology,VLSI Design Engineer,"1 projects, 1 internships",Embedded Systems Engineer
Undergraduate,Electronics & Communication,"Linear Algebra,C++,Kubernetes,Mathematics",Engineering,IoT Systems Architect,"1 projects, 0 internships",Embedded Systems Engineer
Undergraduate,Electronics & Communication,"Figma,Docker,AWS",Engineering,VLSI Design Engineer,"1 projects, 0 internships",Embedded Systems Engineer
Undergraduate,Business/BBA,"Business Strategy,Product Management,Marketing,Communication,Public Speaking,Leadership","Entrepreneurship,Media,Business",Product Manager,"1 projects, 1 internships",Product Manager
Class 12,PCM Stream,"Chemistry Lab,Communication,Writing,Mathematics","Research,Government Jobs",High School Physics Teacher,"0 projects, 1 internships",Civil Servant (IAS/IPS)
Undergraduate,Computer Science,"CSS,C++,REST APIs,Java,SQL,Algorithms","AI/ML,Technology,Business",Software Engineer,"0 projects, 0 internships",Software Engineer
Undergraduate,Electronics & Communication,"Data Structures,Mathematics,Kubernetes,Python","Research,Engineering",IoT Systems Architect,"0 projects, 1 internships",Embedded Systems Engineer
Undergraduate,Commerce/B.Com,"Problem Solving,Economics,Scrum,Communication,Data Analytics",Government Jobs,Financial Consultant,"1 projects, 0 internships",Chartered Accountant
Undergraduate,Electronics & Communication,"Data Structures,AWS,Docker,Mathematics","Engineering,Technology,Research",Network Security Engineer,"1 projects, 1 internships",Embedded Systems Engineer
Undergraduate,Electronics & Communication,"Docker,Physics Lab,C++,Linear Algebra","Research,Technology",Network Security Engineer,"1 projects, 1 internships",Embedded Systems Engineer
Undergraduate,Science/B.Sc,"Statistics,Data Analytics,Communication,Mathematics,NumPy",Business,Data Analyst,"1 projects, 1 internships",Data Analyst
Undergraduate,Science/B.Sc,"Mathematics,SQL,Python,Statistics","Finance,Technology",Actuarial Analyst,"1 projects, 1 internships",Data Analyst
Undergraduate,Science/B.Sc,"Data Analytics,Data Visualization,Communication,NumPy,SQL,Python","Business,Technology,Finance",Actuarial Analyst,"2 projects, 1 internships",Data Analyst
Undergraduate,Electronics & Communication,"Linear Algebra,Figma,Docker,Python,Physics Lab,Mathematics","Research,Engineering,Technology",Network Security Engineer,"2 projects, 0 internships",Embedded Systems Engineer
Undergraduate,Computer Science,"JavaScript,Data Structures,Algorithms,Python,React","Technology,Business,AI/ML",AI/ML Engineer,"0 projects, 0 internships",Software Engineer
Undergraduate,Electronics & Communication,"Data Structures,Docker,Physics Lab,C++,Mathematics,AWS","Technology,Engineering,Research",IoT Systems Architect,"0 projects, 1 internships",Embedded Systems Engineer
Undergraduate,Business/BBA,"Communication,Sales,SEO",Management,Marketing Manager,"1 projects, 1 internships",Product Manager
Undergraduate,Business/BBA,"Leadership,Marketing,Product Management,Business Strategy,SEO,Project Management",Entrepreneurship,Brand Strategist,"2 projects, 1 internships",Product Manager
Undergraduate,Electronics & Communication,"Python,Docker,AWS","Engineering,Technology,Research",VLSI Design Engineer,"2 projects, 0 internships",Embedded Systems Engineer
Undergraduate,Science/B.Sc,"NumPy,Data Visualization,Statistics",Technology,Data Analyst,"2 projects, 0 internships",Data Analyst
Undergraduate,Science/B.Sc,"Data Analytics,NumPy,Pandas","Research,Finance,Business",Actuarial Analyst,"2 projects, 1 internships",Data Analyst
Undergraduate,Law/LLB,"Negotiation,Public Speaking,Leadership,Constitutional Law","Law,Government Jobs",Public Prosecutor,"0 projects, 1 internships",Corporate Lawyer
Undergraduate,Business/BBA,"Project Management,SEO,Business Strategy,Marketing,Leadership,Product Management",Business,Brand Strategist,"1 projects, 1 internships",Product Manager
Class 12,PCM Stream,"Physics Lab,Communication,Python,Chemistry Lab","Defence,Research,Government Jobs",Research Scientist,"2 projects, 0 internships",Civil Servant (IAS/IPS)
Undergraduate,Science/B.Sc,"Statistics,Python,NumPy","Research,Business,Finance",Data Analyst,"0 projects, 0 internships",Data Analyst
Undergraduate,Business/BBA,"Marketing,Communication,Business Strategy,Leadership,Public Speaking,Product Management","Media,Management",Marketing Manager,"2 projects, 1 internships",Product Manager
Undergraduate,Electronics & Communication,"AWS,Python,Docker","Research,Technology",VLSI Design Engineer,"1 projects, 1 internships",Embedded Systems Engineer
Undergraduate,Commerce/B.Com,"Data Analytics,Scrum,Financial Accounting,Communication","Government Jobs,Finance",Financial Consultant,"0 projects, 0 internships",Chartered Accountant
Undergraduate,Business/BBA,"Project Management,Leadership,Product Management,Business Strategy",Entrepreneurship,Management Consultant,"1 projects, 0 internships",Product Manager
Undergraduate,Business/BBA,"Product Management,SEO,Communication,Business Strategy,Project Management,Leadership",Entrepreneurship,Product Manager,"1 projects, 0 internships",Product Manager
Undergraduate,Electronics & Communication,"Data Structures,C++,Python,Linear Algebra","Research,Engineering",Embedded Systems Engineer,"1 projects, 1 internships",Embedded Systems Engineer
Undergraduate,Computer Science,"Python,CSS,Data Structures,Algorithms","AI/ML,Technology,Business",Data Scientist,"2 projects, 1 internships",Software Engineer
Class 12,PCM Stream,"Writing,Problem Solving,Mathematics,Physics Lab","Government Jobs,Defence,Research",Research Scientist,"2 projects, 1 internships",Civil Servant (IAS/IPS)
Undergraduate,Commerce/B.Com,"Time Management,Scrum,Economics",Business,Financial Consultant,"0 projects, 1 internships",Chartered Accountant
Undergraduate,Commerce/B.Com,"Economics,Financial Accounting,Taxation,Scrum,Communication,Time Management","Government Jobs,Finance,Business",Financial Consultant,"1 projects, 1 internships",Chartered Accountant
Undergraduate,Commerce/B.Com,"Time Management,Problem Solving,Taxation,Financial Accounting",Business,Unknown Career,"1 projects, 0 internships",Chartered Accountant
Undergraduate,Law/LLB,"Legal Writing,Negotiation,Leadership,Communication","Law,Social Impact",Corporate Lawyer,"1 projects, 1 internships",Corporate Lawyer
Undergraduate,Law/LLB,"Negotiation,Legal Writing,Constitutional Law,Law,Public Speaking,Communication","Government Jobs,Social Impact,Law",Public Prosecutor,"0 projects, 0 internships",Corporate Lawyer
Undergraduate,Law/LLB,"Negotiation,Leadership,Legal Writing,Communication,Public Speaking","Social Impact,Government Jobs,Law",Public Prosecutor,"0 projects, 0 internships",Corporate Lawyer
Undergraduate,Commerce/B.Com,"Taxation,SQL,Time Management,Communication","Business,Finance",Chartered Accountant,"2 projects, 1 internships",Chartered Accountant
Undergraduate,Science/B.Sc,"Mathematics,Communication,Statistics,SQL",Research,Data Scientist,"2 projects, 1 internships",Data Analyst
Undergraduate,Computer Science,"C++,Java,React,Node.js,REST APIs,HTML","Technology,Business",Data Scientist,"1 projects, 0 internships",Software Engineer
Undergraduate,Commerce/B.Com,"SQL,Economics,Problem Solving,Data Analytics,Taxation","Business,Finance,Government Jobs",Investment Banker,"2 projects, 0 internships",Chartered Accountant
Undergraduate,Business/BBA,"Project Management,Business Strategy,Marketing,Sales,Leadership",Entrepreneurship,Brand Strategist,"0 projects, 1 internships",Product Manager
Undergraduate,Business/BBA,"Product Management,Project Management,Business Strategy,Sales",Management,Marketing Manager,"1 projects, 1 internships",Product Manager
Undergraduate,Business/BBA,"Product Management,Leadership,Project Management,Public Speaking","Business,Management",Brand Strategist,"2 projects, 0 internships",Product Manager
Undergraduate,Electronics & Communication,"Kubernetes,Data Structures,Physics Lab,C++,Python","Research,Engineering",Embedded Systems Engineer,"0 projects, 0 internships",Embedded Systems Engineer
Undergraduate,Science/B.Sc,"Data Visualization,Communication,NumPy,Statistics,Mathematics",Finance,Actuarial Analyst,"2 projects, 0 internships",Data Analyst
Undergraduate,Law/LLB,"Communication,Constitutional Law,Negotiation,Technical Writing,Leadership,Public Speaking","Law,Social Impact",Corporate Lawyer,"2 projects, 1 internships",Corporate Lawyer
Undergraduate,Law/LLB,"Communication,Leadership,Technical Writing,Legal Writing,Negotiation","Government Jobs,Law,Social Impact",Public Prosecutor,"2 projects, 0 internships",Corporate Lawyer
Class 12,PCM Stream,"Writing,Problem Solving,Python,Mathematics,Chemistry Lab,Communication",Government Jobs,Research Scientist,"0 projects, 1 internships",Civil Servant (IAS/IPS)
Class 12,PCM Stream,"Problem Solving,Chemistry Lab,Communication,Python,Writing","Government Jobs,Research",Civil Servant (IAS/IPS),"2 projects, 0 internships",Civil Servant (IAS/IPS)
Undergraduate,Computer Science,"C++,Node.js,Python,JavaScript","Business,AI/ML,Technology",Software Engineer,"1 projects, 1 internships",Software Engineer
Undergraduate,Commerce/B.Com,"Time Management,Data Analytics,Communication,Problem Solving","Business,Government Jobs",Unknown Career,"0 projects, 0 internships",Chartered Accountant
Class 12,PCM Stream,"Writing,Chemistry Lab,Mathematics",Defence,Research Scientist,"0 projects, 1 internships",Civil Servant (IAS/IPS)
Undergraduate,Computer Science,"Algorithms,Python,Node.js,Data Structures,React","AI/ML,Technology,Business",DevOps Engineer,"2 projects, 1 internships",Software Engineer
Undergraduate,Law/LLB,"Law,Constitutional Law,Communication,Legal Writing,Leadership,Public Speaking",Social Impact,Corporate Lawyer,"1 projects, 0 internships",Corporate Lawyer
Class 12,PCM Stream,"Chemistry Lab,Writing,Mathematics,Communication","Defence,Research",High School Physics Teacher,"2 projects, 1 internships",Civil Servant (IAS/IPS)
Class 12,PCM Stream,"Python,Writing,Chemistry Lab,Problem Solving",Government Jobs,Research Scientist,"2 projects, 0 internships",Civil Servant (IAS/IPS)
Undergraduate,Electronics & Communication,"Figma,Python,AWS,C++","Engineering,Technology",Embedded Systems Engineer,"2 projects, 0 internships",Embedded Systems Engineer
Undergraduate,Commerce/B.Com,"Economics,Taxation,Communication",Business,Investment Banker,"0 projects, 0 internships",Chartered Accountant
Undergraduate,Science/B.Sc,"Communication,Python,Statistics,NumPy","Technology,Research,Business",Financial Risk Analyst,"2 projects, 1 internships",Data Analyst
Undergraduate,Science/B.Sc,"Data Visualization,SQL,Communication,Statistics,Data Analytics","Research,Finance,Business",Financial Risk Analyst,"2 projects, 0 internships",Data Analyst
Undergraduate,Law/LLB,"Legal Writing,Leadership,Constitutional Law,Communication,Technical Writing,Public Speaking",Social Impact,Criminal Defense Lawyer,"2 projects, 0 internships",Corporate Lawyer
Undergraduate,Law/LLB,"Technical Writing,Public Speaking,Communication,Leadership",Government Jobs,Public Prosecutor,"0 projects, 1 internships",Corporate Lawyer
Class 12,PCM Stream,"Writing,Mathematics,Communication,Python,Problem Solving","Engineering,Defence",Defense Officer (Army/Navy/Air Force),"1 projects, 1 internships",Civil Servant (IAS/IPS)
Undergraduate,Computer Science,"REST APIs,Python,CSS,JavaScript","AI/ML,Technology,Business",Data Scientist,"0 projects, 1 internships",Software Engineer
Undergraduate,Science/B.Sc,"Data Analytics,Communication,Pandas,Mathematics","Research,Business",Financial Risk Analyst,"1 projects, 1 internships",Data Analyst
Undergraduate,Commerce/B.Com,"Financial Accounting,Communication,Time Management,Problem Solving,Economics,Data Analytics","Business,Government Jobs,Finance",Chartered Accountant,"1 projects, 1 internships",Chartered Accountant
Undergraduate,Science/B.Sc,"Data Visualization,Pandas,Communication,NumPy,Data Analytics","Finance,Research",Actuarial Analyst,"2 projects, 0 internships",Data Analyst
Undergraduate,Law/LLB,"Communication,Legal Writing,Law,Negotiation",Social Impact,Corporate Lawyer,"1 projects, 0 internships",Corporate Lawyer
Class 12,PCM Stream,"Communication,Chemistry Lab,Writing","Government Jobs,Engineering,Research",Civil Servant (IAS/IPS),"0 projects, 1 internships",Civil Servant (IAS/IPS)
Class 12,PCM Stream,"Physics Lab,Chemistry Lab,Mathematics","Engineering,Government Jobs",Civil Servant (IAS/IPS),"1 projects, 1 internships",Civil Servant (IAS/IPS)
Undergraduate,Law/LLB,"Communication,Constitutional Law,Leadership,Public Speaking,Negotiation,Technical Writing","Government Jobs,Law,Social Impact",Patent Attorney,"2 projects, 1 internships",Corporate Lawyer
Undergraduate,Science/B.Sc,"Communication,Mathematics,Data Analytics","Technology,Research,Business",Data Analyst,"2 projects, 1 internships",Data Analyst
Undergraduate,Law/LLB,"Technical Writing,Constitutional Law,Legal Writing,Negotiation,Communication",Government Jobs,Patent Attorney,"1 projects, 0 internships",Corporate Lawyer
Class 12,PCM Stream,"Writing,Python,Mathematics,Physics Lab,Communication,Problem Solving","Government Jobs,Research",Defense Officer (Army/Navy/Air Force),"2 projects, 1 internships",Civil Servant (IAS/IPS)
Undergraduate,Commerce/B.Com,"Data Analytics,Taxation,Financial Accounting,Time Management",Government Jobs,Unknown Career,"0 projects, 0 internships",Chartered Accountant
Undergraduate,Commerce/B.Com,"Financial Accounting,Taxation,SQL",Business,Unknown Career,"2 projects, 1 internships",Chartered Accountant
Undergraduate,Computer Science,"Python,Data Structures,C++,HTML,Java",Technology,DevOps Engineer,"1 projects, 1 internships",Software Engineer
Undergraduate,Electronics & Communication,"Linear Algebra,C++,Docker,Python,AWS","Research,Technology",VLSI Design Engineer,"2 projects, 0 internships",Embedded Systems Engineer
Class 12,PCM Stream,"Mathematics,Communication,Chemistry Lab","Engineering,Research",Civil Servant (IAS/IPS),"1 projects, 0 internships",Civil Servant (IAS/IPS)
Undergraduate,Computer Science,"Java,Git,REST APIs,SQL","Technology,AI/ML",Software Engineer,"0 projects, 0 internships",Software Engineer
Undergraduate,Commerce/B.Com,"Economics,Scrum,Problem Solving,SQL,Taxation,Data Analytics","Government Jobs,Business",Financial Consultant,"1 projects, 1 internships",Chartered Accountant
Undergraduate,Law/LLB,"Communication,Technical Writing,Legal Writing,Leadership,Law",Social Impact,Criminal Defense Lawyer,"1 projects, 0 internships",Corporate Lawyer
Undergraduate,Electronics & Communication,"Kubernetes,Mathematics,Docker,Linear Algebra,Python,Figma","Engineering,Technology",Network Security Engineer,"2 projects, 0 internships",Embedded Systems Engineer
Class 12,PCM Stream,"Mathematics,Problem Solving,Python,Communication","Research,Engineering,Government Jobs",Research Scientist,"0 projects, 0 internships",Civil Servant (IAS/IPS)
Undergraduate,Computer Science,"JavaScript,Java,C++","Business,Technology,AI/ML",Data Scientist,"2 projects, 0 internships",Software Engineer
Undergraduate,Commerce/B.Com,"Taxation,Time Management,Problem Solving,Data Analytics","Business,Government Jobs",Investment Banker,"0 projects, 0 internships",Chartered Accountant
Undergraduate,Computer Science,"Java,C++,Python,CSS","Technology,Business",DevOps Engineer,"1 projects, 1 internships",Software Engineer
Undergraduate,Business/BBA,"SEO,Public Speaking,Marketing,Business Strategy,Leadership,Communication",Media,Management Consultant,"0 projects, 0 internships",Product Manager
Undergraduate,Science/B.Sc,"Python,Data Visualization,NumPy,Data Analytics,SQL",Business,Data Scientist,"1 projects, 1 internships",Data Analyst
Undergraduate,Business/BBA,"Public Speaking,Project Management,Business Strategy,Product Management,Sales,Marketing",Business,Product Manager,"2 projects, 1 internships",Product Manager
Undergraduate,Business/BBA,"Business Strategy,Sales,Marketing,Leadership,Project Management,SEO","Media,Business,Entrepreneurship",Management Consultant,"0 projects, 1 internships",Product Manager
Undergraduate,Electronics & Communication,"C++,Docker,Kubernetes,Linear Algebra,Figma","Engineering,Technology",VLSI Design Engineer,"1 projects, 1 internships",Embedded Systems Engineer
Undergraduate,Business/BBA,"Leadership,Communication,Project Management,Marketing",Media,Management Consultant,"2 projects, 1 internships",Product Manager
Undergraduate,Law/LLB,"Technical Writing,Public Speaking,Legal Writing","Government Jobs,Law,Social Impact",Public Prosecutor,"2 projects, 0 internships",Corporate Lawyer
Undergraduate,Law/LLB,"Public Speaking,Technical Writing,Legal Writing,Communication,Constitutional Law,Law",Government Jobs,Patent Attorney,"2 projects, 1 internships",Corporate Lawyer
Undergraduate,Law/LLB,"Constitutional Law,Legal Writing,Negotiation,Communication","Law,Government Jobs,Social Impact",Public Prosecutor,"1 projects, 1 internships",Corporate Lawyer
Undergraduate,Science/B.Sc,"Pandas,Mathematics,Python,NumPy,SQL,Data Analytics","Technology,Business",Data Analyst,"0 projects, 0 internships",Data Analyst
Class 12,PCM Stream,"Physics Lab,Mathematics,Problem Solving,Communication,Python,Chemistry Lab","Research,Government Jobs,Defence",Research Scientist,"0 projects, 0 internships",Civil Servant (IAS/IPS)
Undergraduate,Electronics & Communication,"AWS,Kubernetes,Figma,Linear Algebra,Docker,C++","Research,Technology,Engineering",Network Security Engineer,"2 projects, 0 internships",Embedded Systems Engineer
Undergraduate,Commerce/B.Com,"Data Analytics,Economics,Problem Solving","Government Jobs,Business,Finance",Unknown Career,"1 projects, 1 internships",Chartered Accountant
Undergraduate,Commerce/B.Com,"Taxation,Communication,SQL","Government Jobs,Finance,Business",Unknown Career,"0 projects, 0 internships",Chartered Accountant
Undergraduate,Law/LLB,"Negotiation,Leadership,Public Speaking,Law,Technical Writing","Social Impact,Law",Corporate Lawyer,"2 projects, 1 internships",Corporate Lawyer
Undergraduate,Science/B.Sc,"Data Analytics,NumPy,SQL,Python,Communication,Pandas","Business,Finance",Financial Risk Analyst,"1 projects, 0 internships",Data Analyst
Class 12,PCM Stream,"Problem Solving,Writing,Chemistry Lab,Physics Lab,Communication","Engineering,Government Jobs",Research Scientist,"1 projects, 0 internships",Civil Servant (IAS/IPS)
Undergraduate,Commerce/B.Com,"Communication,Data Analytics,Problem Solving",Finance,Financial Consultant,"1 projects, 0 internships",Chartered Accountant
Undergraduate,Commerce/B.Com,"Time Management,Data Analytics,Scrum,Financial Accounting,Communication","Finance,Government Jobs,Business",Financial Consultant,"2 projects, 1 internships",Chartered Accountant
Class 12,PCM Stream,"Mathematics,Chemistry Lab,Python,Physics Lab,Problem Solving,Writing",Government Jobs,Defense Officer (Army/Navy/Air Force),"0 projects, 1 internships",Civil Servant (IAS/IPS)
Class 12,PCM Stream,"Chemistry Lab,Mathematics,Python,Physics Lab,Problem Solving,Writing","Government Jobs,Defence,Research",High School Physics Teacher,"1 projects, 1 internships",Civil Servant (IAS/IPS)
Undergraduate,Commerce/B.Com,"Taxation,Problem Solving,Time Management","Government Jobs,Finance,Business",Investment Banker,"0 projects, 0 internships",Chartered Accountant
Class 12,PCM Stream,"Problem Solving,Python,Physics Lab,Communication","Defence,Engineering",Civil Servant (IAS/IPS),"0 projects, 0 internships",Civil Servant (IAS/IPS)
Class 12,PCM Stream,"Chemistry Lab,Writing,Python","Government Jobs,Research,Engineering",High School Physics Teacher,"1 projects, 0 internships",Civil Servant (IAS/IPS)
Undergraduate,Business/BBA,"Sales,Public Speaking,SEO","Entrepreneurship,Management,Media",Product Manager,"2 projects, 1 internships",Product Manager
Undergraduate,Commerce/B.Com,"Communication,Economics,Financial Accounting,SQL,Taxation","Business,Finance,Government Jobs",Investment Banker,"1 projects, 0 internships",Chartered Accountant
Class 12,PCM Stream,"Writing,Problem Solving,Physics Lab,Communication,Chemistry Lab","Government Jobs,Defence",Civil Servant (IAS/IPS),"1 projects, 1 internships",Civil Servant (IAS/IPS)
Undergraduate,Electronics & Communication,"Python,Mathematics,AWS","Research,Engineering,Technology",Network Security Engineer,"0 projects, 1 internships",Embedded Systems Engineer
Undergraduate,Business/BBA,"Public Speaking,SEO,Product Management,Communication",Entrepreneurship,Management Consultant,"1 projects, 1 internships",Product Manager
Undergraduate,Law/LLB,"Technical Writing,Law,Negotiation,Constitutional Law,Legal Writing","Law,Government Jobs,Social Impact",Corporate Lawyer,"1 projects, 1 internships",Corporate Lawyer
Undergraduate,Electronics & Communication,"Data Structures,Python,Physics Lab",Research,Embedded Systems Engineer,"2 projects, 0 internships",Embedded Systems Engineer
Undergraduate,Electronics & Communication,"Physics Lab,Kubernetes,AWS,Figma,Docker,Mathematics","Research,Technology,Engineering",VLSI Design Engineer,"2 projects, 1 internships",Embedded Systems Engineer
Undergraduate,Electronics & Communication,"Figma,Mathematics,Kubernetes","Technology,Engineering",Embedded Systems Engineer,"0 projects, 0 internships",Embedded Systems Engineer
Undergraduate,Computer Science,"React,Git,Node.js,CSS,Data Structures","Business,Technology,AI/ML",Data Scientist,"0 projects, 1 internships",Software Engineer
Undergraduate,Science/B.Sc,"Statistics,Communication,Pandas,SQL","Technology,Research,Finance",Financial Risk Analyst,"2 projects, 0 internships",Data Analyst
Class 12,PCM Stream,"Mathematics,Communication,Physics Lab",Engineering,Defense Officer (Army/Navy/Air Force),"1 projects, 0 internships",Civil Servant (IAS/IPS)
Class 12,PCM Stream,"Mathematics,Chemistry Lab,Problem Solving",Engineering,Research Scientist,"0 projects, 1 internships",Civil Servant (IAS/IPS)
Undergraduate,Business/BBA,"Business Strategy,Public Speaking,SEO,Product Management","Media,Management,Business",Product Manager,"2 projects, 1 internships",Product Manager
Undergraduate,Science/B.Sc,"Python,Mathematics,Pandas",Business,Actuarial Analyst,"2 projects, 0 internships",Data Analyst
Class 12,PCM Stream,"Chemistry Lab,Communication,Python,Physics Lab,Writing","Engineering,Defence",High School Physics Teacher,"1 projects, 0 internships",Civil Servant (IAS/IPS)
Undergraduate,Science/B.Sc,"Data Visualization,Communication,Python,Statistics,Mathematics,NumPy","Business,Technology,Research",Actuarial Analyst,"0 projects, 1 internships",Data Analyst
Undergraduate,Commerce/B.Com,"SQL,Taxation,Problem Solving,Time Management,Data Analytics,Scrum",Government Jobs,Financial Consultant,"1 projects, 0 internships",Chartered Accountant
Undergraduate,Electronics & Communication,"Mathematics,Docker,Kubernetes","Technology,Engineering",IoT Systems Architect,"1 projects, 0 internships",Embedded Systems Engineer
Undergraduate,Law/LLB,"Negotiation,Technical Writing,Law,Communication","Law,Government Jobs,Social Impact",Patent Attorney,"2 projects, 0 internships",Corporate Lawyer
Undergraduate,Science/B.Sc,"Communication,Data Visualization,Mathematics","Technology,Business",Data Scientist,"1 projects, 0 internships",Data Analyst
Undergraduate,Electronics & Communication,"Data Structures,Python,Figma,Linear Algebra,Docker","Engineering,Research,Technology",Embedded Systems Engineer,"1 projects, 1 internships",Embedded Systems Engineer
Undergraduate,Electronics & Communication,"Data Structures,Figma,Linear Algebra,Physics Lab,Python,C++",Research,Network Security Engineer,"1 projects, 0 internships",Embedded Systems Engineer
Undergraduate,Electronics & Communication,"Kubernetes,Mathematics,Python,Linear Algebra","Research,Engineering",Embedded Systems Engineer,"0 projects, 0 internships",Embedded Systems Engineer
Undergraduate,Science/B.Sc,"Communication,Mathematics,SQL","Research,Technology",Data Scientist,"1 projects, 1 internships",Data Analyst
Undergraduate,Law/LLB,"Legal Writing,Communication,Public Speaking,Law",Social Impact,Public Prosecutor,"1 projects, 0 internships",Corporate Lawyer
Undergraduate,Commerce/B.Com,"Financial Accounting,Scrum,Time Management,Data Analytics,Problem Solving","Finance,Business,Government Jobs",Financial Consultant,"1 projects, 0 internships",Chartered Accountant
Undergraduate,Law/LLB,"Legal Writing,Law,Leadership",Government Jobs,Corporate Lawyer,"1 projects, 1 internships",Corporate Lawyer
Undergraduate,Computer Science,"C++,Python,SQL",Business,AI/ML Engineer,"1 projects, 0 internships",Software Engineer
Undergraduate,Science/B.Sc,"NumPy,Python,Data Analytics,SQL,Statistics,Communication","Finance,Research",Actuarial Analyst,"0 projects, 1 internships",Data Analyst
Undergraduate,Law/LLB,"Legal Writing,Public Speaking,Negotiation,Communication,Constitutional Law","Government Jobs,Law",Public Prosecutor,"0 projects, 0 internships",Corporate Lawyer
Undergraduate,Commerce/B.Com,"Problem Solving,Financial Accounting,Data Analytics,Scrum,Taxation,SQL",Business,Financial Consultant,"2 projects, 0 internships",Chartered Accountant
Undergraduate,Computer Science,"REST APIs,Java,Git",Technology,DevOps Engineer,"0 projects, 0 internships",Software Engineer
Undergraduate,Science/B.Sc,"Python,Data Analytics,NumPy,SQL,Mathematics,Communication",Research,Data Analyst,"2 projects, 0 internships",Data Analyst
Undergraduate,Law/LLB,"Legal Writing,Negotiation,Law,Public Speaking,Leadership,Technical Writing",Government Jobs,Criminal Defense Lawyer,"1 projects, 0 internships",Corporate Lawyer
Undergraduate,Electronics & Communication,"Data Structures,Python,C++","Technology,Research,Engineering",IoT Systems Architect,"0 projects, 0 internships",Embedded Systems Engineer
Undergraduate,Law/LLB,"Constitutional Law,Communication,Leadership,Negotiation","Law,Social Impact",Criminal Defense Lawyer,"1 projects, 1 internships",Corporate Lawyer
Undergraduate,Business/BBA,"Business Strategy,Marketing,SEO,Public Speaking","Entrepreneurship,Management,Media",Brand Strategist,"0 projects, 0 internships",Product Manager
Undergraduate,Commerce/B.Com,"Time Management,Financial Accounting,Economics,Communication","Business,Government Jobs,Finance",Financial Consultant,"0 projects, 0 internships",Chartered Accountant
Class 12,PCM Stream,"Problem Solving,Communication,Physics Lab","Engineering,Defence,Research",Civil Servant (IAS/IPS),"1 projects, 0 internships",Civil Servant (IAS/IPS)
Undergraduate,Commerce/B.Com,"Taxation,Data Analytics,SQL,Problem Solving,Communication,Time Management",Business,Unknown Career,"1 projects, 1 internships",Chartered Accountant
Undergraduate,Computer Science,"C++,CSS,HTML,Node.js","Business,AI/ML,Technology",DevOps Engineer,"0 projects, 1 internships",Software Engineer
Undergraduate,Commerce/B.Com,"Economics,Communication,Taxation,Problem Solving,Scrum,SQL","Government Jobs,Finance,Business",Unknown Career,"0 projects, 0 internships",Chartered Accountant
Undergraduate,Law/LLB,"Leadership,Communication,Public Speaking,Constitutional Law,Technical Writing",Government Jobs,Public Prosecutor,"1 projects, 0 internships",Corporate Lawyer
Undergraduate,Computer Science,"JavaScript,Node.js,Data Structures,SQL,Java",AI/ML,Data Scientist,"0 projects, 0 internships",Software Engineer
Undergraduate,Commerce/B.Com,"Communication,Data Analytics,Time Management,Taxation,Financial Accounting","Government Jobs,Finance",Unknown Career,"1 projects, 0 internships",Chartered Accountant
Undergraduate,Commerce/B.Com,"Communication,Problem Solving,Time Management,SQL,Economics,Financial Accounting",Finance,Investment Banker,"0 projects, 1 internships",Chartered Accountant
Undergraduate,Electronics & Communication,"Mathematics,C++,Linear Algebra,Data Structures","Engineering,Technology",Network Security Engineer,"1 projects, 0 internships",Embedded Systems Engineer
Undergraduate,Commerce/B.Com,"Scrum,SQL,Communication",Business,Unknown Career,"2 projects, 1 internships",Chartered Accountant
Undergraduate,Science/B.Sc,"Pandas,SQL,NumPy",Finance,Financial Risk Analyst,"2 projects, 1 internships",Data Analyst
Undergraduate,Science/B.Sc,"SQL,Python,Data Visualization","Business,Technology,Finance",Data Scientist,"0 projects, 0 internships",Data Analyst
Undergraduate,Commerce/B.Com,"Problem Solving,Scrum,Taxation",Business,Unknown Career,"2 projects, 1 internships",Chartered Accountant
Class 12,PCM Stream,"Mathematics,Communication,Python,Chemistry Lab,Writing","Government Jobs,Engineering,Research",Defense Officer (Army/Navy/Air Force),"2 projects, 1 internships",Civil Servant (IAS/IPS)
Undergraduate,Law/LLB,"Technical Writing,Constitutional Law,Legal Writing,Negotiation,Law,Public Speaking","Social Impact,Law",Criminal Defense Lawyer,"1 projects, 1 internships",Corporate Lawyer
Undergraduate,Electronics & Communication,"Physics Lab,Kubernetes,Docker,Python,C++","Research,Technology,Engineering",IoT Systems Architect,"1 projects, 0 internships",Embedded Systems Engineer
Undergraduate,Commerce/B.Com,"Taxation,Data Analytics,Financial Accounting,Communication,SQL","Business,Government Jobs,Finance",Financial Consultant,"1 projects, 1 internships",Chartered Accountant
Class 12,PCM Stream,"Writing,Physics Lab,Communication,Problem Solving,Mathematics,Python",Defence,High School Physics Teacher,"1 projects, 0 internships",Civil Servant (IAS/IPS)
Undergraduate,Computer Science,"Algorithms,C++,CSS","Business,AI/ML,Technology",Data Scientist,"1 projects, 0 internships",Software Engineer
Undergraduate,Law/LLB,"Public Speaking,Technical Writing,Negotiation","Social Impact,Law",Public Prosecutor,"2 projects, 0 internships",Corporate Lawyer
Undergraduate,Commerce/B.Com,"SQL,Financial Accounting,Economics,Problem Solving,Communication,Time Management","Business,Finance,Government Jobs",Financial Consultant,"2 projects, 0 internships",Chartered Accountant
Undergraduate,Computer Science,"React,Python,C++,SQL",Technology,Cloud Architect,"2 projects, 1 internships",Software Engineer
Undergraduate,Commerce/B.Com,"Economics,Communication,Taxation,Financial Accounting,SQL,Scrum","Finance,Government Jobs",Unknown Career,"2 projects, 0 internships",Chartered Accountant
Undergraduate,Electronics & Communication,"C++,Mathematics,AWS,Figma","Technology,Engineering,Research",VLSI Design Engineer,"1 projects, 0 internships",Embedded Systems Engineer
Undergraduate,Science/B.Sc,"SQL,Mathematics,Statistics,Communication","Technology,Research",Data Scientist,"2 projects, 0 internships",Data Analyst
Undergraduate,Business/BBA,"Business Strategy,Communication,Sales,SEO",Media,Product Manager,"1 projects, 0 internships",Product Manager
Undergraduate,Business/BBA,"Business Strategy,Public Speaking,SEO,Sales,Product Management","Business,Management",Brand Strategist,"0 projects, 1 internships",Product Manager
Undergraduate,Science/B.Sc,"NumPy,Communication,SQL,Python,Pandas","Research,Technology,Finance",Financial Risk Analyst,"0 projects, 0 internships",Data Analyst
Class 12,PCM Stream,"Communication,Physics Lab,Writing",Government Jobs,Research Scientist,"0 projects, 1 internships",Civil Servant (IAS/IPS)
Undergraduate,Electronics & Communication,"Physics Lab,Data Structures,AWS,Mathematics","Engineering,Technology",Network Security Engineer,"1 projects, 1 internships",Embedded Systems Engineer
Undergraduate,Law/LLB,"Negotiation,Communication,Leadership,Constitutional Law","Social Impact,Law,Government Jobs",Corporate Lawyer,"0 projects, 1 internships",Corporate Lawyer
Undergraduate,Business/BBA,"Leadership,Public Speaking,Sales,Project Management","Media,Entrepreneurship,Business",Marketing Manager,"0 projects, 0 internships",Product Manager
Class 12,PCM Stream,"Communication,Problem Solving,Writing,Mathematics",Government Jobs,Defense Officer (Army/Navy/Air Force),"2 projects, 1 internships",Civil Servant (IAS/IPS)
Undergraduate,Commerce/B.Com,"Time Management,Problem Solving,Economics,SQL,Communication,Scrum",Government Jobs,Unknown Career,"1 projects, 0 internships",Chartered Accountant
Undergraduate,Science/B.Sc,"SQL,Python,Data Visualization,Statistics","Research,Finance,Technology",Data Scientist,"0 projects, 1 internships",Data Analyst
Undergraduate,Business/BBA,"Product Management,Marketing,Public Speaking",Entrepreneurship,Marketing Manager,"1 projects, 0 internships",Product Manager
Undergraduate,Business/BBA,"Marketing,Leadership,Project Management",Entrepreneurship,Brand Strategist,"2 projects, 0 internships",Product Manager
Class 12,PCM Stream,"Problem Solving,Writing,Chemistry Lab,Python","Government Jobs,Engineering",Civil Servant (IAS/IPS),"2 projects, 1 internships",Civil Servant (IAS/IPS)
Undergraduate,Science/B.Sc,"Data Analytics,SQL,NumPy",Business,Actuarial Analyst,"1 projects, 0 internships",Data Analyst
Undergraduate,Law/LLB,"Communication,Leadership,Negotiation",Social Impact,Criminal Defense Lawyer,"1 projects, 0 internships",Corporate Lawyer
Undergraduate,Business/BBA,"Communication,Business Strategy,SEO,Leadership,Marketing,Sales","Entrepreneurship,Management,Business",Management Consultant,"2 projects, 0 internships",Product Manager
Undergraduate,Science/B.Sc,"Pandas,Data Visualization,Data Analytics,NumPy,Python",Finance,Data Scientist,"0 projects, 0 internships",Data Analyst
Undergraduate,Computer Science,"Python,HTML,Git,REST APIs,Data Structures","Business,AI/ML,Technology",DevOps Engineer,"1 projects, 0 internships",Software Engineer
Undergraduate,Commerce/B.Com,"Scrum,Communication,Time Management,Data Analytics,Taxation,Problem Solving","Finance,Government Jobs,Business",Chartered Accountant,"0 projects, 1 internships",Chartered Accountant
Undergraduate,Commerce/B.Com,"Economics,Financial Accounting,Scrum,SQL,Problem Solving,Time Management","Business,Finance",Chartered Accountant,"2 projects, 1 internships",Chartered Accountant
Undergraduate,Commerce/B.Com,"SQL,Time Management,Scrum",Finance,Chartered Accountant,"0 projects, 1 internships",Chartered Accountant
Undergraduate,Law/LLB,"Negotiation,Technical Writing,Communication,Legal Writing,Leadership",Social Impact,Corporate Lawyer,"0 projects, 0 internships",Corporate Lawyer
Undergraduate,Science/B.Sc,"Communication,Data Analytics,Statistics,Mathematics","Research,Business,Technology",Actuarial Analyst,"2 projects, 0 internships",Data Analyst
Undergraduate,Business/BBA,"Business Strategy,Communication,Sales",Entrepreneurship,Product Manager,"0 projects, 1 internships",Product Manager
Undergraduate,Electronics & Communication,"Python,Kubernetes,Data Structures,Docker,Linear Algebra","Technology,Research,Engineering",IoT Systems Architect,"2 projects, 0 internships",Embedded Systems Engineer
Undergraduate,Law/LLB,"Legal Writing,Communication,Technical Writing",Government Jobs,Corporate Lawyer,"1 projects, 1 internships",Corporate Lawyer
Undergraduate,Electronics & Communication,"Linear Algebra,Kubernetes,Physics Lab,Docker,C++",Engineering,Embedded Systems Engineer,"0 projects, 0 internships",Embedded Systems Engineer
Undergraduate,Law/LLB,"Communication,Legal Writing,Technical Writing","Social Impact,Law",Public Prosecutor,"1 projects, 0 internships",Corporate Lawyer
Undergraduate,Electronics & Communication,"Figma,Mathematics,Physics Lab,Linear Algebra",Technology,VLSI Design Engineer,"2 projects, 0 internships",Embedded Systems Engineer
Undergraduate,Commerce/B.Com,"Scrum,Data Analytics,Financial Accounting","Business,Finance",Investment Banker,"0 projects, 1 internships",Chartered Accountant
Undergraduate,Electronics & Communication,"Physics Lab,C++,Data Structures,AWS,Mathematics,Python",Technology,Embedded Systems Engineer,"2 projects, 1 internships",Embedded Systems Engineer
Undergraduate,Business/BBA,"Product Management,Leadership,Public Speaking,Marketing,Communication",Media,Brand Strategist,"0 projects, 1 internships",Product Manager
Class 12,PCM Stream,"Chemistry Lab,Mathematics,Physics Lab,Writing,Problem Solving",Research,Civil Servant (IAS/IPS),"1 projects, 0 internships",Civil Servant (IAS/IPS)
Undergraduate,Electronics & Communication,"Kubernetes,Docker,Figma","Research,Technology,Engineering",IoT Systems Architect,"1 projects, 0 internships",Embedded Systems Engineer
Class 12,PCM Stream,"Problem Solving,Chemistry Lab,Writing,Communication,Mathematics",Research,Research Scientist,"2 projects, 0 internships",Civil Servant (IAS/IPS)
Undergraduate,Commerce/B.Com,"Problem Solving,Financial Accounting,SQL",Finance,Investment Banker,"2 projects, 0 internships",Chartered Accountant
Undergraduate,Computer Science,"Node.js,JavaScript,CSS","Technology,AI/ML,Business",AI/ML Engineer,"0 projects, 0 internships",Software Engineer
Undergraduate,Commerce/B.Com,"Time Management,Data Analytics,Problem Solving","Business,Government Jobs",Financial Consultant,"2 projects, 0 internships",Chartered Accountant
Undergraduate,Computer Science,"React,Python,JavaScript,SQL",AI/ML,DevOps Engineer,"1 projects, 1 internships",Software Engineer
Class 12,PCM Stream,"Communication,Problem Solving,Writing,Mathematics","Engineering,Defence,Government Jobs",Defense Officer (Army/Navy/Air Force),"0 projects, 1 internships",Civil Servant (IAS/IPS)
Undergraduate,Commerce/B.Com,"Communication,Taxation,SQL,Scrum","Government Jobs,Finance,Business",Chartered Accountant,"2 projects, 1 internships",Chartered Accountant
Undergraduate,Electronics & Communication,"Mathematics,Kubernetes,Docker",Research,Network Security Engineer,"1 projects, 0 internships",Embedded Systems Engineer
Class 12,PCM Stream,"Communication,Writing,Chemistry Lab,Mathematics,Python,Problem Solving","Engineering,Government Jobs,Defence",High School Physics Teacher,"1 projects, 0 internships",Civil Servant (IAS/IPS)
Undergraduate,Computer Science,"HTML,Git,JavaScript","Business,AI/ML,Technology",Software Engineer,"1 projects, 1 internships",Software Engineer
Undergraduate,Commerce/B.Com,"Economics,Problem Solving,Scrum,Data Analytics,Time Management",Finance,Chartered Accountant,"1 projects, 1 internships",Chartered Accountant
Undergraduate,Law/LLB,"Leadership,Legal Writing,Technical Writing,Law","Law,Government Jobs,Social Impact",Corporate Lawyer,"0 projects, 0 internships",Corporate Lawyer
Undergraduate,Commerce/B.Com,"Financial Accounting,Problem Solving,Economics,Taxation",Government Jobs,Financial Consultant,"2 projects, 1 internships",Chartered Accountant
Undergraduate,Science/B.Sc,"Mathematics,Pandas,Communication,Statistics,NumPy,Data Analytics","Research,Business,Technology",Actuarial Analyst,"1 projects, 0 internships",Data Analyst
Undergraduate,Commerce/B.Com,"Time Management,Data Analytics,Scrum,Communication,Taxation","Finance,Business,Government Jobs",Chartered Accountant,"0 projects, 0 internships",Chartered Accountant
Undergraduate,Science/B.Sc,"Pandas,Communication,Statistics,Python,Data Analytics,NumPy","Business,Research,Finance",Financial Risk Analyst,"1 projects, 0 internships",Data Analyst
Undergraduate,Commerce/B.Com,"Taxation,Financial Accounting,Problem Solving,SQL","Business,Finance",Financial Consultant,"2 projects, 0 internships",Chartered Accountant
Undergraduate,Science/B.Sc,"SQL,Python,Data Analytics,Mathematics","Business,Research,Technology",Financial Risk Analyst,"0 projects, 1 internships",Data Analyst
Undergraduate,Commerce/B.Com,"SQL,Taxation,Communication,Problem Solving,Economics,Data Analytics","Government Jobs,Finance",Chartered Accountant,"1 projects, 0 internships",Chartered Accountant
Undergraduate,Computer Science,"React,Java,Git,Python,Algorithms,SQL",AI/ML,DevOps Engineer,"0 projects, 1 internships",Software Engineer
Undergraduate,Business/BBA,"Marketing,Sales,Product Management,Business Strategy,Communication,Project Management","Entrepreneurship,Business",Brand Strategist,"0 projects, 1 internships",Product Manager
Undergraduate,Electronics & Communication,"Python,C++,Mathematics,Data Structures,Figma","Engineering,Research,Technology",Embedded Systems Engineer,"2 projects, 0 internships",Embedded Systems Engineer
Undergraduate,Electronics & Communication,"Docker,Physics Lab,Mathematics","Research,Technology",VLSI Design Engineer,"2 projects, 0 internships",Embedded Systems Engineer
Undergraduate,Science/B.Sc,"Pandas,Communication,Mathematics,Data Analytics,Python,SQL",Business,Data Scientist,"0 projects, 1 internships",Data Analyst
Undergraduate,Law/LLB,"Law,Leadership,Constitutional Law,Legal Writing,Negotiation,Communication",Social Impact,Corporate Lawyer,"1 projects, 0 internships",Corporate Lawyer
Undergraduate,Electronics & Communication,"Python,AWS,Docker,Figma,Kubernetes,Physics Lab","Research,Technology",IoT Systems Architect,"2 projects, 1 internships",Embedded Systems Engineer
Undergraduate,Commerce/B.Com,"Taxation,Data Analytics,Scrum,Time Management,SQL,Communication","Business,Finance",Financial Consultant,"2 projects, 1 internships",Chartered Accountant
Undergraduate,Computer Science,"React,REST APIs,Node.js","Business,AI/ML",Data Scientist,"0 projects, 0 internships",Software Engineer
Undergraduate,Law/LLB,"Constitutional Law,Communication,Leadership,Law,Technical Writing",Law,Corporate Lawyer,"0 projects, 0 internships",Corporate Lawyer
Undergraduate,Commerce/B.Com,"Communication,SQL,Economics,Scrum",Government Jobs,Chartered Accountant,"2 projects, 0 internships",Chartered Accountant
Undergraduate,Law/LLB,"Technical Writing,Leadership,Law,Negotiation,Legal Writing,Public Speaking","Law,Social Impact",Corporate Lawyer,"2 projects, 0 internships",Corporate Lawyer
Class 12,PCM Stream,"Mathematics,Python,Communication","Government Jobs,Research",Civil Servant (IAS/IPS),"1 projects, 0 internships",Civil Servant (IAS/IPS)
Undergraduate,Law/LLB,"Negotiation,Law,Constitutional Law,Leadership,Legal Writing",Government Jobs,Public Prosecutor,"2 projects, 1 internships",Corporate Lawyer
Undergraduate,Computer Science,"REST APIs,React,SQL","AI/ML,Technology,Business",DevOps Engineer,"2 projects, 1 internships",Software Engineer
Undergraduate,Electronics & Communication,"Docker,Figma,AWS","Engineering,Research,Technology",Network Security Engineer,"1 projects, 1 internships",Embedded Systems Engineer
Class 12,PCM Stream,"Mathematics,Writing,Problem Solving,Python,Physics Lab",Defence,Defense Officer (Army/Navy/Air Force),"2 projects, 0 internships",Civil Servant (IAS/IPS)
Undergraduate,Computer Science,"REST APIs,SQL,Node.js,JavaScript",Business,Cloud Architect,"1 projects, 1 internships",Software Engineer
Class 12,PCM Stream,"Problem Solving,Chemistry Lab,Communication,Mathematics,Python,Physics Lab",Government Jobs,Research Scientist,"2 projects, 1 internships",Civil Servant (IAS/IPS)
Undergraduate,Commerce/B.Com,"SQL,Economics,Time Management,Taxation",Finance,Financial Consultant,"0 projects, 0 internships",Chartered Accountant
Undergraduate,Electronics & Communication,"Mathematics,Docker,Figma,C++,Data Structures,Python",Research,Embedded Systems Engineer,"0 projects, 1 internships",Embedded Systems Engineer
Undergraduate,Business/BBA,"Sales,Communication,Business Strategy","Media,Business",Marketing Manager,"2 projects, 0 internships",Product Manager
Undergraduate,Law/LLB,"Negotiation,Leadership,Law","Social Impact,Government Jobs,Law",Public Prosecutor,"1 projects, 0 internships",Corporate Lawyer
Undergraduate,Commerce/B.Com,"Data Analytics,Economics,Communication,SQL","Business,Government Jobs,Finance",Investment Banker,"2 projects, 0 internships",Chartered Accountant
Undergraduate,Electronics & Communication,"Figma,C++,Docker",Engineering,Network Security Engineer,"0 projects, 1 internships",Embedded Systems Engineer
Undergraduate,Computer Science,"JavaScript,HTML,Node.js,Git",Technology,Data Scientist,"2 projects, 0 internships",Software Engineer
Undergraduate,Science/B.Sc,"Data Visualization,Mathematics,Statistics,Pandas","Business,Technology",Data Scientist,"0 projects, 1 internships",Data Analyst
Undergraduate,Law/LLB,"Leadership,Legal Writing,Law,Public Speaking,Negotiation","Law,Social Impact",Criminal Defense Lawyer,"1 projects, 1 internships",Corporate Lawyer
Undergraduate,Science/B.Sc,"Mathematics,Pandas,Statistics,Python,Data Analytics","Technology,Business,Finance",Actuarial Analyst,"1 projects, 0 internships",Data Analyst
Undergraduate,Computer Science,"HTML,JavaScript,C++,React,Node.js,CSS","AI/ML,Business",Data Scientist,"2 projects, 0 internships",Software Engineer
Undergraduate,Electronics & Communication,"Kubernetes,Mathematics,Linear Algebra,C++,Docker,Physics Lab","Technology,Engineering",VLSI Design Engineer,"1 projects, 1 internships",Embedded Systems Engineer
Undergraduate,Computer Science,"CSS,Data Structures,Node.js,Git,JavaScript","AI/ML,Business,Technology",Cloud Architect,"2 projects, 0 internships",Software Engineer
Undergraduate,Business/BBA,"Sales,SEO,Public Speaking,Marketing",Media,Product Manager,"1 projects, 1 internships",Product Manager
Undergraduate,Science/B.Sc,"Data Visualization,Communication,Statistics,NumPy","Business,Finance,Research",Actuarial Analyst,"0 projects, 0 internships",Data Analyst
Undergraduate,Electronics & Communication,"Data Structures,C++,Linear Algebra,Physics Lab","Technology,Engineering",IoT Systems Architect,"1 projects, 0 internships",Embedded Systems Engineer
Undergraduate,Computer Science,"Git,Algorithms,C++,CSS","Technology,Business",Cloud Architect,"1 projects, 0 internships",Software Engineer
Undergraduate,Electronics & Communication,"Docker,AWS,Linear Algebra,Python,C++","Research,Technology,Engineering",VLSI Design Engineer,"0 projects, 0 internships",Embedded Systems Engineer
Class 12,PCM Stream,"Mathematics,Writing,Physics Lab","Defence,Research,Government Jobs",Civil Servant (IAS/IPS),"1 projects, 1 internships",Civil Servant (IAS/IPS)
Undergraduate,Electronics & Communication,"Linear Algebra,Docker,Physics Lab,Data Structures",Technology,IoT Systems Architect,"1 projects, 0 internships",Embedded Systems Engineer
Undergraduate,Computer Science,"REST APIs,JavaScript,Node.js,Algorithms,HTML,React",AI/ML,Cloud Architect,"1 projects, 1 internships",Software Engineer
Undergraduate,Computer Science,"Python,C++,Node.js","Technology,Business",Software Engineer,"0 projects, 0 internships",Software Engineer
Class 12,PCM Stream,"Chemistry Lab,Python,Writing,Communication,Problem Solving,Physics Lab","Government Jobs,Defence",High School Physics Teacher,"1 projects, 0 internships",Civil Servant (IAS/IPS)
Undergraduate,Computer Science,"Node.js,C++,Java,REST APIs,Algorithms,React",Business,Data Scientist,"0 projects, 0 internships",Software Engineer
Undergraduate,Business/BBA,"SEO,Communication,Leadership,Marketing,Business Strategy",Entrepreneurship,Brand Strategist,"2 projects, 1 internships",Product Manager
Undergraduate,Computer Science,"C++,REST APIs,React,Node.js,SQL,CSS","Technology,AI/ML",Data Scientist,"2 projects, 0 internships",Software Engineer
Undergraduate,Business/BBA,"Communication,Project Management,Marketing,Product Management,Sales,SEO","Media,Business,Entrepreneurship",Product Manager,"0 projects, 0 internships",Product Manager
Undergraduate,Science/B.Sc,"Communication,Statistics,Python,Data Visualization,Mathematics,Data Analytics","Technology,Finance,Research",Data Analyst,"1 projects, 1 internships",Data Analyst
Undergraduate,Science/B.Sc,"Mathematics,Statistics,Data Analytics",Research,Data Scientist,"0 projects, 0 internships",Data Analyst
Undergraduate,Commerce/B.Com,"Communication,Financial Accounting,Taxation,Scrum,Time Management","Business,Finance",Chartered Accountant,"0 projects, 1 internships",Chartered Accountant
Undergraduate,Computer Science,"JavaScript,Git,REST APIs",Technology,AI/ML Engineer,"0 projects, 0 internships",Software Engineer
Class 12,PCM Stream,"Mathematics,Chemistry Lab,Physics Lab,Writing,Problem Solving,Python",Engineering,Defense Officer (Army/Navy/Air Force),"0 projects, 0 internships",Civil Servant (IAS/IPS)
Undergraduate,Computer Science,"Java,REST APIs,JavaScript,C++,CSS","AI/ML,Business",DevOps Engineer,"0 projects, 0 internships",Software Engineer
Undergraduate,Science/B.Sc,"Python,Data Analytics,Statistics,Communication,NumPy",Technology,Data Analyst,"0 projects, 1 internships",Data Analyst
Class 12,PCM Stream,"Problem Solving,Communication,Python","Engineering,Research",High School Physics Teacher,"2 projects, 0 internships",Civil Servant (IAS/IPS)
Undergraduate,Commerce/B.Com,"Scrum,Economics,Data Analytics,Problem Solving,Time Management","Business,Government Jobs",Investment Banker,"1 projects, 1 internships",Chartered Accountant
Undergraduate,Science/B.Sc,"Pandas,Statistics,NumPy","Technology,Finance,Research",Data Scientist,"2 projects, 0 internships",Data Analyst
Undergraduate,Science/B.Sc,"Communication,NumPy,Mathematics,Python","Business,Research,Finance",Actuarial Analyst,"0 projects, 1 internships",Data Analyst
Undergraduate,Law/LLB,"Legal Writing,Negotiation,Communication",Social Impact,Corporate Lawyer,"2 projects, 1 internships",Corporate Lawyer
Undergraduate,Commerce/B.Com,"SQL,Data Analytics,Communication",Business,Financial Consultant,"1 projects, 1 internships",Chartered Accountant
Undergraduate,Business/BBA,"Business Strategy,Sales,Public Speaking","Media,Business,Entrepreneurship",Brand Strategist,"0 projects, 1 internships",Product Manager
Undergraduate,Law/LLB,"Communication,Public Speaking,Negotiation","Law,Social Impact,Government Jobs",Patent Attorney,"2 projects, 0 internships",Corporate Lawyer
Undergraduate,Law/LLB,"Negotiation,Technical Writing,Law","Government Jobs,Law,Social Impact",Corporate Lawyer,"1 projects, 0 internships",Corporate Lawyer
Undergraduate,Business/BBA,"SEO,Marketing,Sales,Business Strategy,Product Management","Media,Entrepreneurship",Brand Strategist,"2 projects, 0 internships",Product Manager
Undergraduate,Computer Science,"REST APIs,Algorithms,Node.js,Git",Business,Data Scientist,"2 projects, 0 internships",Software Engineer
Undergraduate,Electronics & Communication,"Python,Docker,AWS,Mathematics,Figma,Linear Algebra","Research,Engineering,Technology",VLSI Design Engineer,"2 projects, 1 internships",Embedded Systems Engineer
Undergraduate,Business/BBA,"SEO,Communication,Sales,Project Management,Product Management","Entrepreneurship,Media",Management Consultant,"1 projects, 1 internships",Product Manager
Undergraduate,Commerce/B.Com,"Data Analytics,Time Management,Economics,Scrum,Problem Solving",Finance,Unknown Career,"1 projects, 1 internships",Chartered Accountant
Undergraduate,Electronics & Communication,"Docker,Mathematics,Linear Algebra,AWS,Physics Lab",Technology,Network Security Engineer,"2 projects, 0 internships",Embedded Systems Engineer
Undergraduate,Commerce/B.Com,"Financial Accounting,Problem Solving,Economics,Scrum,Taxation","Business,Government Jobs,Finance",Investment Banker,"1 projects, 1 internships",Chartered Accountant
Undergraduate,Science/B.Sc,"Python,SQL,Statistics,Communication,Data Analytics,NumPy","Finance,Research",Financial Risk Analyst,"2 projects, 0 internships",Data Analyst
Undergraduate,Computer Science,"HTML,Algorithms,REST APIs,Java",Business,Cloud Architect,"0 projects, 0 internships",Software Engineer
Undergraduate,Law/LLB,"Public Speaking,Technical Writing,Legal Writing","Law,Government Jobs",Criminal Defense Lawyer,"1 projects, 0 internships",Corporate Lawyer
Undergraduate,Law/LLB,"Legal Writing,Communication,Leadership,Technical Writing",Government Jobs,Patent Attorney,"0 projects, 0 internships",Corporate Lawyer
Undergraduate,Electronics & Communication,"Python,Physics Lab,Linear Algebra,Figma,Mathematics,Data Structures","Technology,Engineering,Research",IoT Systems Architect,"1 projects, 1 internships",Embedded Systems Engineer
Undergraduate,Science/B.Sc,"NumPy,Pandas,Python,SQL","Finance,Business",Actuarial Analyst,"0 projects, 0 internships",Data Analyst
Undergraduate,Law/LLB,"Leadership,Negotiation,Legal Writing,Communication,Law,Technical Writing",Government Jobs,Patent Attorney,"0 projects, 0 internships",Corporate Lawyer
Undergraduate,Electronics & Communication,"AWS,Data Structures,Kubernetes,Python,Physics Lab",Technology,Embedded Systems Engineer,"0 projects, 0 internships",Embedded Systems Engineer
Undergraduate,Business/BBA,"SEO,Public Speaking,Business Strategy,Project Management",Management,Marketing Manager,"0 projects, 1 internships",Product Manager
Undergraduate,Commerce/B.Com,"Scrum,Data Analytics,Taxation,SQL,Economics",Business,Investment Banker,"2 projects, 0 internships",Chartered Accountant
Undergraduate,Science/B.Sc,"Mathematics,Statistics,Communication,NumPy",Business,Data Scientist,"0 projects, 0 internships",Data Analyst
Undergraduate,Computer Science,"React,Python,SQL","Technology,Business,AI/ML",AI/ML Engineer,"0 projects, 0 internships",Software Engineer
Undergraduate,Business/BBA,"Project Management,Public Speaking,SEO,Communication,Business Strategy,Product Management","Entrepreneurship,Business",Brand Strategist,"0 projects, 0 internships",Product Manager
Undergraduate,Commerce/B.Com,"Scrum,SQL,Financial Accounting","Finance,Government Jobs",Investment Banker,"1 projects, 0 internships",Chartered Accountant
Undergraduate,Science/B.Sc,"Python,NumPy,Data Analytics,Mathematics,Statistics","Research,Finance",Financial Risk Analyst,"0 projects, 1 internships",Data Analyst
Undergraduate,Science/B.Sc,"Statistics,NumPy,Data Visualization,Communication,Pandas",Research,Actuarial Analyst,"2 projects, 0 internships",Data Analyst
Undergraduate,Computer Science,"C++,JavaScript,Python,Java,HTML","Business,AI/ML",Cloud Architect,"0 projects, 1 internships",Software Engineer
Undergraduate,Law/LLB,"Technical Writing,Communication,Constitutional Law,Leadership,Law","Law,Government Jobs,Social Impact",Patent Attorney,"0 projects, 0 internships",Corporate Lawyer
Class 12,PCM Stream,"Problem Solving,Writing,Communication,Python,Physics Lab,Mathematics","Defence,Government Jobs,Research",Civil Servant (IAS/IPS),"0 projects, 1 internships",Civil Servant (IAS/IPS)
Undergraduate,Electronics & Communication,"C++,AWS,Docker,Python,Mathematics,Kubernetes","Engineering,Research",VLSI Design Engineer,"2 projects, 0 internships",Embedded Systems Engineer
Undergraduate,Law/LLB,"Technical Writing,Legal Writing,Leadership",Law,Corporate Lawyer,"1 projects, 0 internships",Corporate Lawyer
Undergraduate,Computer Science,"React,Java,Data Structures,JavaScript,HTML","AI/ML,Business",DevOps Engineer,"1 projects, 1 internships",Software Engineer
Undergraduate,Science/B.Sc,"Communication,Data Analytics,SQL,Pandas",Technology,Financial Risk Analyst,"1 projects, 1 internships",Data Analyst
Undergraduate,Commerce/B.Com,"Economics,Scrum,Communication,Data Analytics,Time Management","Business,Finance",Investment Banker,"1 projects, 1 internships",Chartered Accountant
Undergraduate,Computer Science,"HTML,React,SQL,CSS",Technology,AI/ML Engineer,"0 projects, 1 internships",Software Engineer
Undergraduate,Electronics & Communication,"AWS,Figma,Kubernetes,Physics Lab,Docker,Python",Research,Embedded Systems Engineer,"2 projects, 1 internships",Embedded Systems Engineer
Undergraduate,Commerce/B.Com,"SQL,Data Analytics,Financial Accounting,Time Management,Economics,Problem Solving","Government Jobs,Finance,Business",Chartered Accountant,"0 projects, 1 internships",Chartered Accountant
Undergraduate,Computer Science,"CSS,JavaScript,Python,Java,C++,Git","Business,AI/ML,Technology",Data Scientist,"1 projects, 1 internships",Software Engineer
Undergraduate,Law/LLB,"Legal Writing,Law,Public Speaking,Communication",Law,Criminal Defense Lawyer,"1 projects, 1 internships",Corporate Lawyer
Undergraduate,Science/B.Sc,"Mathematics,Data Visualization,Statistics,SQL,Python",Technology,Data Scientist,"2 projects, 0 internships",Data Analyst
Undergraduate,Commerce/B.Com,"Data Analytics,Time Management,Financial Accounting","Government Jobs,Business",Unknown Career,"2 projects, 0 internships",Chartered Accountant
Undergraduate,Commerce/B.Com,"Data Analytics,SQL,Scrum,Economics,Taxation,Communication","Business,Finance",Chartered Accountant,"2 projects, 0 internships",Chartered Accountant
Undergraduate,Computer Science,"Node.js,SQL,CSS,Algorithms","Business,Technology",Data Scientist,"0 projects, 0 internships",Software Engineer
Undergraduate,Science/B.Sc,"Communication,Python,Mathematics,Statistics,Data Analytics,Data Visualization","Finance,Technology,Research",Actuarial Analyst,"0 projects, 1 internships",Data Analyst
Undergraduate,Business/BBA,"Product Management,Leadership,Business Strategy,Communication","Entrepreneurship,Business,Media",Product Manager,"2 projects, 1 internships",Product Manager
Undergraduate,Science/B.Sc,"Communication,NumPy,Mathematics,Pandas,Python,Data Analytics","Research,Business,Technology",Data Scientist,"2 projects, 1 internships",Data Analyst
Undergraduate,Science/B.Sc,"Communication,Data Analytics,Data Visualization,SQL",Technology,Financial Risk Analyst,"0 projects, 0 internships",Data Analyst
Undergraduate,Law/LLB,"Public Speaking,Communication,Law","Social Impact,Law,Government Jobs",Patent Attorney,"2 projects, 1 internships",Corporate Lawyer
Undergraduate,Science/B.Sc,"Data Analytics,Pandas,Data Visualization","Research,Finance,Technology",Actuarial Analyst,"2 projects, 0 internships",Data Analyst
Undergraduate,Commerce/B.Com,"Time Management,Taxation,Financial Accounting,Problem Solving,SQL,Data Analytics","Business,Government Jobs,Finance",Investment Banker,"2 projects, 1 internships",Chartered Accountant
Class 12,PCM Stream,"Chemistry Lab,Physics Lab,Mathematics",Research,Research Scientist,"2 projects, 0 internships",Civil Servant (IAS/IPS)
Undergraduate,Computer Science,"Git,Python,HTML,Node.js",AI/ML,Software Engineer,"2 projects, 1 internships",Software Engineer
Undergraduate,Business/BBA,"Project Management,SEO,Marketing,Public Speaking,Communication",Business,Marketing Manager,"2 projects, 0 internships",Product Manager
Undergraduate,Commerce/B.Com,"Financial Accounting,Time Management,Data Analytics,Economics,Taxation","Finance,Business",Investment Banker,"2 projects, 0 internships",Chartered Accountant
Undergraduate,Electronics & Communication,"AWS,Data Structures,Python,Docker,Mathematics","Engineering,Research,Technology",VLSI Design Engineer,"2 projects, 0 internships",Embedded Systems Engineer
Undergraduate,Electronics & Communication,"Kubernetes,C++,Docker,Mathematics,AWS",Research,Embedded Systems Engineer,"0 projects, 1 internships",Embedded Systems Engineer
Undergraduate,Law/LLB,"Negotiation,Communication,Leadership,Technical Writing,Legal Writing","Government Jobs,Social Impact,Law",Criminal Defense Lawyer,"1 projects, 1 internships",Corporate Lawyer
Undergraduate,Science/B.Sc,"Mathematics,Communication,Python,Statistics,Pandas","Research,Finance,Technology",Actuarial Analyst,"0 projects, 1 internships",Data Analyst
Undergraduate,Computer Science,"Java,React,JavaScript,HTML,SQL,Algorithms","Business,AI/ML,Technology",Cloud Architect,"2 projects, 0 internships",Software Engineer
Undergraduate,Science/B.Sc,"Pandas,NumPy,Data Analytics","Business,Research",Actuarial Analyst,"1 projects, 0 internships",Data Analyst
Undergraduate,Business/BBA,"Marketing,Sales,Product Management,Business Strategy","Media,Management,Entrepreneurship",Marketing Manager,"1 projects, 0 internships",Product Manager
Undergraduate,Science/B.Sc,"SQL,Data Visualization,Pandas",Business,Actuarial Analyst,"2 projects, 1 internships",Data Analyst
Undergraduate,Business/BBA,"Product Management,Project Management,Sales,Leadership,Business Strategy,Communication",Business,Management Consultant,"2 projects, 0 internships",Product Manager
Undergraduate,Law/LLB,"Technical Writing,Communication,Negotiation,Law","Government Jobs,Social Impact",Criminal Defense Lawyer,"0 projects, 1 internships",Corporate Lawyer
Undergraduate,Electronics & Communication,"Physics Lab,Figma,Data Structures,Kubernetes","Research,Technology,Engineering",IoT Systems Architect,"2 projects, 1 internships",Embedded Systems Engineer
Undergraduate,Commerce/B.Com,"Economics,Data Analytics,Communication,Problem Solving","Finance,Business,Government Jobs",Investment Banker,"2 projects, 1 internships",Chartered Accountant
Undergraduate,Computer Science,"JavaScript,HTML,REST APIs,SQL,Git,React","AI/ML,Technology",Data Scientist,"1 projects, 0 internships",Software Engineer
Undergraduate,Business/BBA,"Public Speaking,Sales,SEO,Business Strategy,Marketing","Business,Management",Marketing Manager,"0 projects, 1 internships",Product Manager
Undergraduate,Business/BBA,"Leadership,Marketing,Business Strategy,Project Management,Product Management,Communication","Entrepreneurship,Business,Media",Brand Strategist,"2 projects, 0 internships",Product Manager
Undergraduate,Electronics & Communication,"Kubernetes,Physics Lab,Mathematics,Figma,Docker,C++","Technology,Research,Engineering",IoT Systems Architect,"1 projects, 1 internships",Embedded Systems Engineer
Undergraduate,Electronics & Communication,"Python,Data Structures,C++,AWS,Kubernetes","Research,Engineering",VLSI Design Engineer,"0 projects, 0 internships",Embedded Systems Engineer
Undergraduate,Computer Science,"REST APIs,Java,C++,Data Structures,Git","AI/ML,Technology",Software Engineer,"2 projects, 0 internships",Software Engineer
Undergraduate,Business/BBA,"SEO,Product Management,Business Strategy,Leadership","Management,Entrepreneurship",Management Consultant,"1 projects, 0 internships",Product Manager
Undergraduate,Commerce/B.Com,"Time Management,Problem Solving,Communication,Data Analytics","Business,Government Jobs",Chartered Accountant,"2 projects, 1 internships",Chartered Accountant
Undergraduate,Computer Science,"Java,CSS,JavaScript","AI/ML,Technology,Business",Software Engineer,"0 projects, 1 internships",Software Engineer
Undergraduate,Computer Science,"Java,Git,HTML,Node.js","Business,AI/ML,Technology",Cloud Architect,"1 projects, 0 internships",Software Engineer
Undergraduate,Science/B.Sc,"NumPy,Pandas,Data Visualization,SQL,Statistics,Python","Technology,Finance",Actuarial Analyst,"0 projects, 1 internships",Data Analyst
Undergraduate,Electronics & Communication,"C++,Linear Algebra,AWS,Mathematics",Engineering,Embedded Systems Engineer,"0 projects, 1 internships",Embedded Systems Engineer
Undergraduate,Business/BBA,"Project Management,Product Management,Communication,Public Speaking,Marketing,Leadership","Entrepreneurship,Management",Product Manager,"0 projects, 0 internships",Product Manager
Undergraduate,Electronics & Communication,"Figma,Python,Linear Algebra,Kubernetes,C++,Data Structures","Research,Technology",Embedded Systems Engineer,"1 projects, 1 internships",Embedded Systems Engineer
Undergraduate,Business/BBA,"Sales,SEO,Business Strategy,Marketing,Leadership",Media,Marketing Manager,"0 projects, 0 internships",Product Manager
Undergraduate,Electronics & Communication,"Figma,Physics Lab,Linear Algebra,C++,Data Structures,Kubernetes","Technology,Engineering,Research",Network Security Engineer,"0 projects, 0 internships",Embedded Systems Engineer
Undergraduate,Electronics & Communication,"Docker,AWS,Mathematics,Python","Technology,Research",VLSI Design Engineer,"2 projects, 1 internships",Embedded Systems Engineer
Class 12,PCM Stream,"Communication,Writing,Physics Lab,Problem Solving","Research,Defence,Engineering",High School Physics Teacher,"1 projects, 0 internships",Civil Servant (IAS/IPS)
Undergraduate,Electronics & Communication,"Figma,Mathematics,Kubernetes,Python,Docker,Linear Algebra","Engineering,Technology,Research",Network Security Engineer,"2 projects, 0 internships",Embedded Systems Engineer
Undergraduate,Business/BBA,"Communication,Business Strategy,Sales,Marketing","Entrepreneurship,Business,Management",Management Consultant,"1 projects, 1 internships",Product Manager
Undergraduate,Business/BBA,"SEO,Product Management,Public Speaking,Project Management,Sales,Marketing",Media,Management Consultant,"2 projects, 0 internships",Product Manager
Undergraduate,Commerce/B.Com,"Data Analytics,SQL,Problem Solving,Financial Accounting","Business,Finance,Government Jobs",Financial Consultant,"1 projects, 1 internships",Chartered Accountant
Undergraduate,Law/LLB,"Communication,Law,Constitutional Law,Leadership","Government Jobs,Social Impact",Corporate Lawyer,"0 projects, 1 internships",Corporate Lawyer
Class 12,PCM Stream,"Communication,Writing,Mathematics,Problem Solving","Defence,Engineering",Research Scientist,"1 projects, 1 internships",Civil Servant (IAS/IPS)
Undergraduate,Electronics & Communication,"Linear Algebra,Data Structures,Physics Lab",Engineering,IoT Systems Architect,"1 projects, 0 internships",Embedded Systems Engineer
Undergraduate,Commerce/B.Com,"Financial Accounting,Time Management,Communication,SQL","Business,Finance,Government Jobs",Unknown Career,"0 projects, 0 internships",Chartered Accountant
Class 12,PCM Stream,"Mathematics,Python,Writing,Chemistry Lab,Communication","Government Jobs,Research,Engineering",Research Scientist,"0 projects, 0 internships",Civil Servant (IAS/IPS)
Undergraduate,Electronics & Communication,"Linear Algebra,Data Structures,Python,Docker,Mathematics",Research,Network Security Engineer,"1 projects, 1 internships",Embedded Systems Engineer
Undergraduate,Commerce/B.Com,"Communication,Problem Solving,Scrum,SQL","Finance,Government Jobs,Business",Chartered Accountant,"0 projects, 0 internships",Chartered Accountant
Class 12,PCM Stream,"Mathematics,Writing,Problem Solving,Physics Lab",Defence,Research Scientist,"1 projects, 0 internships",Civil Servant (IAS/IPS)
Undergraduate,Computer Science,"Node.js,JavaScript,HTML",Business,Data Scientist,"2 projects, 0 internships",Software Engineer
Undergraduate,Business/BBA,"SEO,Public Speaking,Product Management,Marketing,Business Strategy,Sales",Management,Marketing Manager,"1 projects, 1 internships",Product Manager
Undergraduate,Science/B.Sc,"Data Visualization,Pandas,Python,NumPy,Mathematics,Data Analytics","Technology,Research",Data Analyst,"0 projects, 1 internships",Data Analyst
Undergraduate,Electronics & Communication,"AWS,C++,Mathematics","Research,Technology,Engineering",Embedded Systems Engineer,"1 projects, 1 internships",Embedded Systems Engineer
Undergraduate,Computer Science,"Python,React,Node.js,CSS,Java,JavaScript","AI/ML,Business",Cloud Architect,"0 projects, 1 internships",Software Engineer
Undergraduate,Computer Science,"JavaScript,React,C++,Python,HTML,Data Structures","Technology,Business",Software Engineer,"1 projects, 1 internships",Software Engineer
Undergraduate,Electronics & Communication,"AWS,Docker,Mathematics,Linear Algebra,Physics Lab,Figma",Technology,VLSI Design Engineer,"2 projects, 0 internships",Embedded Systems Engineer
Undergraduate,Law/LLB,"Negotiation,Legal Writing,Leadership,Constitutional Law","Social Impact,Law,Government Jobs",Public Prosecutor,"0 projects, 1 internships",Corporate Lawyer
Undergraduate,Business/BBA,"SEO,Project Management,Sales,Product Management,Marketing","Media,Business,Management",Management Consultant,"0 projects, 0 internships",Product Manager
Undergraduate,Electronics & Communication,"Docker,Data Structures,Kubernetes,Mathematics,AWS",Engineering,Network Security Engineer,"0 projects, 1 internships",Embedded Systems Engineer
Undergraduate,Commerce/B.Com,"Economics,SQL,Financial Accounting,Scrum","Finance,Business",Unknown Career,"0 projects, 1 internships",Chartered Accountant
Undergraduate,Computer Science,"Data Structures,HTML,JavaScript,C++,Java","Business,Technology,AI/ML",Software Engineer,"0 projects, 0 internships",Software Engineer
Undergraduate,Commerce/B.Com,"Time Management,SQL,Communication","Finance,Business",Financial Consultant,"2 projects, 0 internships",Chartered Accountant
Class 12,PCM Stream,"Python,Mathematics,Physics Lab","Research,Government Jobs,Defence",Defense Officer (Army/Navy/Air Force),"0 projects, 1 internships",Civil Servant (IAS/IPS)
Undergraduate,Computer Science,"Java,SQL,REST APIs","AI/ML,Business,Technology",Data Scientist,"2 projects, 0 internships",Software Engineer
Undergraduate,Science/B.Sc,"Data Visualization,Python,Data Analytics,Statistics,SQL","Finance,Technology",Actuarial Analyst,"2 projects, 0 internships",Data Analyst
Class 12,PCM Stream,"Python,Problem Solving,Writing,Chemistry Lab,Communication,Mathematics",Government Jobs,Civil Servant (IAS/IPS),"1 projects, 0 internships",Civil Servant (IAS/IPS)
Undergraduate,Business/BBA,"Business Strategy,Public Speaking,SEO","Business,Management",Brand Strategist,"1 projects, 1 internships",Product Manager
Undergraduate,Commerce/B.Com,"Economics,SQL,Taxation",Finance,Investment Banker,"2 projects, 1 internships",Chartered Accountant
Undergraduate,Business/BBA,"Business Strategy,Communication,Product Management,Public Speaking,Project Management,Marketing","Business,Management",Marketing Manager,"1 projects, 0 internships",Product Manager
Undergraduate,Computer Science,"REST APIs,Node.js,Python","Business,Technology",Cloud Architect,"0 projects, 1 internships",Software Engineer
Undergraduate,Science/B.Sc,"NumPy,Statistics,Data Analytics,Python","Business,Finance",Data Analyst,"0 projects, 1 internships",Data Analyst
Undergraduate,Business/BBA,"Product Management,Sales,Project Management,Business Strategy,Communication,Marketing","Entrepreneurship,Management",Product Manager,"2 projects, 0 internships",Product Manager
Undergraduate,Business/BBA,"SEO,Sales,Marketing,Product Management","Business,Entrepreneurship",Brand Strategist,"1 projects, 1 internships",Product Manager
Undergraduate,Electronics & Communication,"Physics Lab,Data Structures,C++,Mathematics,Linear Algebra,Kubernetes",Technology,VLSI Design Engineer,"2 projects, 0 internships",Embedded Systems Engineer
Class 12,PCM Stream,"Python,Chemistry Lab,Mathematics,Communication,Writing,Problem Solving",Engineering,High School Physics Teacher,"1 projects, 0 internships",Civil Servant (IAS/IPS)
Undergraduate,Science/B.Sc,"Pandas,Statistics,Python","Research,Finance,Business",Financial Risk Analyst,"1 projects, 0 internships",Data Analyst
Class 12,PCM Stream,"Communication,Physics Lab,Problem Solving,Chemistry Lab","Engineering,Defence",High School Physics Teacher,"1 projects, 1 internships",Civil Servant (IAS/IPS)
Class 12,PCM Stream,"Chemistry Lab,Communication,Python,Writing,Problem Solving,Physics Lab","Defence,Research",Civil Servant (IAS/IPS),"0 projects, 1 internships",Civil Servant (IAS/IPS)
Undergraduate,Business/BBA,"Product Management,Communication,Business Strategy,Leadership","Management,Media,Entrepreneurship",Management Consultant,"1 projects, 0 internships",Product Manager
Undergraduate,Law/LLB,"Legal Writing,Leadership,Constitutional Law,Public Speaking,Communication",Law,Criminal Defense Lawyer,"1 projects, 0 internships",Corporate Lawyer
Undergraduate,Commerce/B.Com,"Taxation,Economics,Scrum,Problem Solving,Time Management,Data Analytics","Finance,Government Jobs",Unknown Career,"2 projects, 1 internships",Chartered Accountant
Undergraduate,Law/LLB,"Public Speaking,Technical Writing,Leadership,Legal Writing,Negotiation,Constitutional Law","Social Impact,Government Jobs",Patent Attorney,"2 projects, 0 internships",Corporate Lawyer
Class 12,PCM Stream,"Writing,Chemistry Lab,Python,Physics Lab","Government Jobs,Engineering",Defense Officer (Army/Navy/Air Force),"0 projects, 1 internships",Civil Servant (IAS/IPS)
Undergraduate,Computer Science,"Python,React,CSS,Git","Technology,AI/ML,Business",Data Scientist,"0 projects, 1 internships",Software Engineer
Undergraduate,Business/BBA,"Product Management,Marketing,Business Strategy","Management,Entrepreneurship",Management Consultant,"2 projects, 1 internships",Product Manager
Undergraduate,Computer Science,"SQL,Python,Algorithms,CSS,Git,Data Structures","Business,Technology,AI/ML",Cloud Architect,"0 projects, 1 internships",Software Engineer
Undergraduate,Commerce/B.Com,"Financial Accounting,Taxation,Communication","Finance,Government Jobs",Investment Banker,"1 projects, 1 internships",Chartered Accountant
Undergraduate,Computer Science,"HTML,React,Java,Python,Node.js","AI/ML,Business",Data Scientist,"0 projects, 0 internships",Software Engineer
Undergraduate,Science/B.Sc,"Data Visualization,NumPy,Statistics",Research,Data Scientist,"0 projects, 0 internships",Data Analyst
Undergraduate,Business/BBA,"SEO,Product Management,Communication,Marketing,Business Strategy,Public Speaking","Business,Management",Marketing Manager,"2 projects, 0 internships",Product Manager
Class 12,PCM Stream,"Physics Lab,Chemistry Lab,Writing,Mathematics,Python,Communication",Government Jobs,Defense Officer (Army/Navy/Air Force),"2 projects, 0 internships",Civil Servant (IAS/IPS)
Undergraduate,Computer Science,"Python,CSS,React","Business,AI/ML",Data Scientist,"1 projects, 1 internships",Software Engineer
Undergraduate,Computer Science,"REST APIs,Java,Algorithms","Business,AI/ML,Technology",DevOps Engineer,"1 projects, 1 internships",Software Engineer
Undergraduate,Electronics & Communication,"Mathematics,AWS,C++,Kubernetes,Python,Docker",Engineering,Embedded Systems Engineer,"0 projects, 1 internships",Embedded Systems Engineer
Undergraduate,Business/BBA,"Business Strategy,Marketing,Public Speaking,Product Management","Entrepreneurship,Media",Brand Strategist,"2 projects, 1 internships",Product Manager
Undergraduate,Computer Science,"CSS,Algorithms,Git","AI/ML,Technology",DevOps Engineer,"2 projects, 1 internships",Software Engineer
Undergraduate,Business/BBA,"Sales,SEO,Product Management,Public Speaking,Project Management,Leadership","Media,Business",Marketing Manager,"0 projects, 1 internships",Product Manager
Undergraduate,Commerce/B.Com,"Scrum,Financial Accounting,Taxation,Economics","Finance,Government Jobs",Investment Banker,"0 projects, 0 internships",Chartered Accountant
Class 12,PCM Stream,"Physics Lab,Writing,Chemistry Lab,Python",Engineering,Research Scientist,"1 projects, 1 internships",Civil Servant (IAS/IPS)
Class 12,PCM Stream,"Mathematics,Chemistry Lab,Python,Writing,Problem Solving,Physics Lab","Engineering,Government Jobs,Defence",Civil Servant (IAS/IPS),"2 projects, 0 internships",Civil Servant (IAS/IPS)
Class 12,PCM Stream,"Python,Communication,Physics Lab,Writing,Mathematics",Defence,High School Physics Teacher,"0 projects, 1 internships",Civil Servant (IAS/IPS)
Undergraduate,Law/LLB,"Negotiation,Communication,Law,Technical Writing",Law,Public Prosecutor,"0 projects, 0 internships",Corporate Lawyer
Undergraduate,Science/B.Sc,"Mathematics,Data Analytics,Data Visualization",Research,Financial Risk Analyst,"2 projects, 0 internships",Data Analyst
Undergraduate,Computer Science,"Node.js,Data Structures,Algorithms,C++,HTML,REST APIs","Technology,Business",Cloud Architect,"0 projects, 0 internships",Software Engineer
Class 12,PCM Stream,"Chemistry Lab,Problem Solving,Mathematics",Research,Civil Servant (IAS/IPS),"2 projects, 1 internships",Civil Servant (IAS/IPS)
Undergraduate,Computer Science,"REST APIs,Git,SQL,JavaScript,Node.js,Java","Technology,AI/ML,Business",DevOps Engineer,"0 projects, 0 internships",Software Engineer
Undergraduate,Science/B.Sc,"Pandas,Mathematics,NumPy,Data Visualization,Communication,Statistics","Finance,Business,Research",Data Scientist,"2 projects, 1 internships",Data Analyst
Undergraduate,Electronics & Communication,"Mathematics,AWS,Python","Research,Engineering,Technology",IoT Systems Architect,"1 projects, 1 internships",Embedded Systems Engineer
Undergraduate,Business/BBA,"Sales,Marketing,Communication,Business Strategy,Leadership","Entrepreneurship,Business,Management",Marketing Manager,"0 projects, 1 internships",Product Manager
Undergraduate,Electronics & Communication,"C++,Mathematics,Python,AWS,Linear Algebra,Kubernetes",Engineering,Network Security Engineer,"1 projects, 0 internships",Embedded Systems Engineer
Undergraduate,Computer Science,"Data Structures,Git,C++,Node.js,Algorithms,SQL","Technology,Business",DevOps Engineer,"1 projects, 1 internships",Software Engineer
Undergraduate,Law/LLB,"Public Speaking,Constitutional Law,Technical Writing,Legal Writing,Leadership","Government Jobs,Law",Public Prosecutor,"1 projects, 1 internships",Corporate Lawyer
Undergraduate,Commerce/B.Com,"Economics,Data Analytics,Scrum,Communication","Government Jobs,Finance,Business",Investment Banker,"2 projects, 1 internships",Chartered Accountant
Undergraduate,Commerce/B.Com,"Economics,Time Management,Financial Accounting,Taxation,Problem Solving,SQL",Government Jobs,Chartered Accountant,"0 projects, 1 internships",Chartered Accountant
Undergraduate,Commerce/B.Com,"Problem Solving,Taxation,Communication,Economics,Financial Accounting","Finance,Business,Government Jobs",Financial Consultant,"0 projects, 0 internships",Chartered Accountant
Undergraduate,Business/BBA,"Business Strategy,Marketing,Communication,Project Management","Management,Business,Media",Brand Strategist,"1 projects, 1 internships",Product Manager
Undergraduate,Computer Science,"Data Structures,Python,HTML,React,Git","Technology,Business,AI/ML",Software Engineer,"2 projects, 1 internships",Software Engineer
Undergraduate,Electronics & Communication,"Kubernetes,Figma,Data Structures",Engineering,IoT Systems Architect,"0 projects, 1 internships",Embedded Systems Engineer
Undergraduate,Business/BBA,"Marketing,Project Management,Communication,Leadership",Business,Product Manager,"2 projects, 1 internships",Product Manager
Undergraduate,Computer Science,"Python,Java,C++","Business,Technology",Software Engineer,"2 projects, 1 internships",Software Engineer
Undergraduate,Electronics & Communication,"Kubernetes,C++,Figma,Mathematics,Linear Algebra","Engineering,Technology",VLSI Design Engineer,"1 projects, 1 internships",Embedded Systems Engineer
Undergraduate,Computer Science,"REST APIs,React,Java,Python,SQL,Data Structures",Technology,Software Engineer,"2 projects, 0 internships",Software Engineer
Undergraduate,Science/B.Sc,"Data Visualization,Mathematics,SQL",Research,Data Scientist,"0 projects, 0 internships",Data Analyst
Undergraduate,Business/BBA,"Communication,Business Strategy,Leadership,SEO",Management,Brand Strategist,"2 projects, 1 internships",Product Manager
Undergraduate,Computer Science,"SQL,REST APIs,C++,JavaScript,Data Structures,Git","AI/ML,Business",Software Engineer,"2 projects, 0 internships",Software Engineer
Undergraduate,Electronics & Communication,"AWS,Docker,Linear Algebra,Figma,C++,Mathematics",Research,IoT Systems Architect,"1 projects, 0 internships",Embedded Systems Engineer
Undergraduate,Law/LLB,"Communication,Negotiation,Public Speaking,Leadership,Legal Writing,Law","Government Jobs,Law,Social Impact",Corporate Lawyer,"2 projects, 1 internships",Corporate Lawyer
Undergraduate,Commerce/B.Com,"Taxation,Economics,Scrum","Finance,Business",Chartered Accountant,"0 projects, 1 internships",Chartered Accountant
Undergraduate,Science/B.Sc,"Communication,SQL,Statistics","Business,Research",Data Scientist,"2 projects, 0 internships",Data Analyst
Undergraduate,Business/BBA,"Sales,Product Management,SEO,Public Speaking","Entrepreneurship,Business",Management Consultant,"2 projects, 0 internships",Product Manager
Undergraduate,Law/LLB,"Law,Public Speaking,Leadership,Technical Writing,Legal Writing,Communication",Law,Corporate Lawyer,"1 projects, 1 internships",Corporate Lawyer
Undergraduate,Computer Science,"Data Structures,REST APIs,SQL,Algorithms",Technology,Cloud Architect,"2 projects, 0 internships",Software Engineer
Class 12,PCM Stream,"Chemistry Lab,Problem Solving,Writing,Communication","Government Jobs,Engineering,Defence",Defense Officer (Army/Navy/Air Force),"1 projects, 1 internships",Civil Servant (IAS/IPS)
Undergraduate,Commerce/B.Com,"Economics,Financial Accounting,Taxation","Government Jobs,Business",Investment Banker,"1 projects, 0 internships",Chartered Accountant
Undergraduate,Law/LLB,"Negotiation,Law,Legal Writing,Technical Writing","Law,Government Jobs",Patent Attorney,"2 projects, 0 internships",Corporate Lawyer
Undergraduate,Electronics & Communication,"Docker,AWS,Physics Lab","Research,Technology,Engineering",IoT Systems Architect,"2 projects, 0 internships",Embedded Systems Engineer
Class 12,PCM Stream,"Python,Communication,Physics Lab,Problem Solving,Chemistry Lab,Mathematics",Government Jobs,Civil Servant (IAS/IPS),"1 projects, 0 internships",Civil Servant (IAS/IPS)
Undergraduate,Law/LLB,"Technical Writing,Public Speaking,Law,Negotiation,Constitutional Law","Government Jobs,Social Impact",Public Prosecutor,"0 projects, 1 internships",Corporate Lawyer
Class 12,PCM Stream,"Physics Lab,Mathematics,Communication,Problem Solving","Defence,Research,Government Jobs",High School Physics Teacher,"2 projects, 0 internships",Civil Servant (IAS/IPS)
Undergraduate,Commerce/B.Com,"Data Analytics,Communication,Time Management","Finance,Government Jobs",Investment Banker,"2 projects, 0 internships",Chartered Accountant
Undergraduate,Commerce/B.Com,"Scrum,Data Analytics,Time Management","Finance,Government Jobs,Business",Investment Banker,"0 projects, 1 internships",Chartered Accountant
Undergraduate,Computer Science,"SQL,Algorithms,Java,Data Structures,C++,React",Technology,Data Scientist,"2 projects, 0 internships",Software Engineer
Undergraduate,Business/BBA,"Public Speaking,Marketing,Sales","Entrepreneurship,Business,Media",Brand Strategist,"1 projects, 1 internships",Product Manager
Undergraduate,Computer Science,"Algorithms,Node.js,REST APIs,CSS","Technology,Business",Data Scientist,"1 projects, 1 internships",Software Engineer
Undergraduate,Electronics & Communication,"Mathematics,C++,Physics Lab","Technology,Research",Embedded Systems Engineer,"2 projects, 1 internships",Embedded Systems Engineer
Undergraduate,Law/LLB,"Communication,Constitutional Law,Law,Legal Writing,Public Speaking,Leadership","Government Jobs,Law",Patent Attorney,"2 projects, 0 internships",Corporate Lawyer
Undergraduate,Commerce/B.Com,"Data Analytics,Financial Accounting,Scrum","Business,Government Jobs",Unknown Career,"1 projects, 1 internships",Chartered Accountant
Class 12,PCM Stream,"Writing,Python,Physics Lab,Problem Solving,Mathematics,Communication","Engineering,Research,Government Jobs",Research Scientist,"2 projects, 1 internships",Civil Servant (IAS/IPS)
Class 12,PCM Stream,"Writing,Problem Solving,Mathematics,Communication",Defence,High School Physics Teacher,"2 projects, 1 internships",Civil Servant (IAS/IPS)
Undergraduate,Law/LLB,"Leadership,Negotiation,Public Speaking,Technical Writing",Government Jobs,Patent Attorney,"2 projects, 0 internships",Corporate Lawyer
Undergraduate,Electronics & Communication,"C++,Linear Algebra,Figma,Kubernetes,Data Structures,Python",Engineering,VLSI Design Engineer,"2 projects, 1 internships",Embedded Systems Engineer
Undergraduate,Business/BBA,"Public Speaking,Project Management,Business Strategy","Management,Entrepreneurship,Media",Marketing Manager,"2 projects, 1 internships",Product Manager
Undergraduate,Computer Science,"Java,HTML,Algorithms,CSS,Python,C++","AI/ML,Technology",DevOps Engineer,"0 projects, 1 internships",Software Engineer
Undergraduate,Law/LLB,"Negotiation,Public Speaking,Leadership,Technical Writing,Constitutional Law,Legal Writing","Social Impact,Law,Government Jobs",Patent Attorney,"1 projects, 1 internships",Corporate Lawyer
Undergraduate,Law/LLB,"Public Speaking,Communication,Leadership","Government Jobs,Law,Social Impact",Patent Attorney,"2 projects, 0 internships",Corporate Lawyer
Undergraduate,Electronics & Communication,"Physics Lab,Python,AWS","Technology,Research",VLSI Design Engineer,"2 projects, 1 internships",Embedded Systems Engineer
Undergraduate,Electronics & Communication,"Mathematics,Kubernetes,Python,Docker,Data Structures,Linear Algebra",Technology,Embedded Systems Engineer,"0 projects, 0 internships",Embedded Systems Engineer
Undergraduate,Science/B.Sc,"Statistics,Pandas,Data Analytics,Communication","Business,Finance,Research",Actuarial Analyst,"1 projects, 0 internships",Data Analyst
Undergraduate,Law/LLB,"Public Speaking,Law,Legal Writing,Technical Writing","Government Jobs,Law,Social Impact",Patent Attorney,"0 projects, 0 internships",Corporate Lawyer
Class 12,PCM Stream,"Chemistry Lab,Mathematics,Python,Physics Lab,Writing,Problem Solving","Defence,Government Jobs,Research",High School Physics Teacher,"2 projects, 0 internships",Civil Servant (IAS/IPS)
Undergraduate,Computer Science,"Git,Python,CSS,SQL",Business,Software Engineer,"2 projects, 0 internships",Software Engineer
Undergraduate,Computer Science,"Python,Algorithms,Git,JavaScript,C++,REST APIs",Technology,DevOps Engineer,"0 projects, 0 internships",Software Engineer
Undergraduate,Computer Science,"Node.js,CSS,C++,JavaScript,REST APIs","Business,AI/ML,Technology",Data Scientist,"2 projects, 0 internships",Software Engineer
Class 12,PCM Stream,"Chemistry Lab,Communication,Python,Mathematics,Problem Solving,Physics Lab",Government Jobs,Civil Servant (IAS/IPS),"2 projects, 1 internships",Civil Servant (IAS/IPS)
Undergraduate,Electronics & Communication,"C++,Data Structures,Kubernetes,Docker,Physics Lab",Technology,IoT Systems Architect,"0 projects, 0 internships",Embedded Systems Engineer
Undergraduate,Electronics & Communication,"AWS,Physics Lab,Data Structures","Technology,Engineering,Research",Embedded Systems Engineer,"1 projects, 0 internships",Embedded Systems Engineer
Undergraduate,Science/B.Sc,"Data Visualization,Mathematics,SQL,Statistics,Communication,Python","Technology,Research",Data Analyst,"2 projects, 1 internships",Data Analyst
Class 12,PCM Stream,"Physics Lab,Problem Solving,Communication,Python","Research,Defence,Government Jobs",Defense Officer (Army/Navy/Air Force),"1 projects, 0 internships",Civil Servant (IAS/IPS)
Undergraduate,Science/B.Sc,"Statistics,SQL,NumPy","Technology,Business,Research",Data Analyst,"2 projects, 0 internships",Data Analyst
Undergraduate,Business/BBA,"Public Speaking,Product Management,Communication,Leadership,Sales,Marketing","Business,Media",Management Consultant,"0 projects, 1 internships",Product Manager
Undergraduate,Commerce/B.Com,"Financial Accounting,Problem Solving,SQL,Taxation,Data Analytics","Business,Finance,Government Jobs",Chartered Accountant,"2 projects, 0 internships",Chartered Accountant
Class 12,PCM Stream,"Writing,Problem Solving,Python,Chemistry Lab","Government Jobs,Research,Defence",High School Physics Teacher,"0 projects, 0 internships",Civil Servant (IAS/IPS)
Undergraduate,Commerce/B.Com,"Data Analytics,Time Management,Financial Accounting","Business,Government Jobs,Finance",Investment Banker,"0 projects, 0 internships",Chartered Accountant
Class 12,PCM Stream,"Physics Lab,Writing,Chemistry Lab,Communication","Research,Engineering",High School Physics Teacher,"0 projects, 1 internships",Civil Servant (IAS/IPS)
Undergraduate,Computer Science,"Node.js,REST APIs,C++,JavaScript","AI/ML,Technology",Software Engineer,"2 projects, 0 internships",Software Engineer
Undergraduate,Computer Science,"JavaScript,React,Python",Technology,DevOps Engineer,"2 projects, 0 internships",Software Engineer
Undergraduate,Electronics & Communication,"Physics Lab,AWS,Mathematics,Figma,Linear Algebra","Research,Engineering",IoT Systems Architect,"2 projects, 1 internships",Embedded Systems Engineer
Undergraduate,Business/BBA,"Sales,Project Management,Product Management","Management,Entrepreneurship,Business",Brand Strategist,"1 projects, 1 internships",Product Manager
Class 12,PCM Stream,"Python,Writing,Problem Solving,Physics Lab,Chemistry Lab,Mathematics","Engineering,Research,Government Jobs",High School Physics Teacher,"0 projects, 0 internships",Civil Servant (IAS/IPS)
Undergraduate,Commerce/B.Com,"Scrum,SQL,Data Analytics,Time Management,Communication,Problem Solving","Finance,Business",Unknown Career,"1 projects, 1 internships",Chartered Accountant
Undergraduate,Law/LLB,"Communication,Negotiation,Leadership","Law,Social Impact",Criminal Defense Lawyer,"0 projects, 0 internships",Corporate Lawyer
Undergraduate,Electronics & Communication,"Figma,Linear Algebra,Docker,Physics Lab,Data Structures","Research,Technology",Embedded Systems Engineer,"2 projects, 0 internships",Embedded Systems Engineer
Undergraduate,Computer Science,"Git,Algorithms,CSS,REST APIs","AI/ML,Technology",DevOps Engineer,"2 projects, 0 internships",Software Engineer
Class 12,PCM Stream,"Communication,Physics Lab,Python,Mathematics","Engineering,Government Jobs",Research Scientist,"1 projects, 1 internships",Civil Servant (IAS/IPS)
Undergraduate,Computer Science,"Python,React,Git,Data Structures","AI/ML,Business",Cloud Architect,"1 projects, 0 internships",Software Engineer
Undergraduate,Electronics & Communication,"Physics Lab,C++,Mathematics,Figma","Technology,Engineering,Research",Network Security Engineer,"0 projects, 1 internships",Embedded Systems Engineer
Undergraduate,Business/BBA,"Marketing,Sales,Communication",Management,Marketing Manager,"0 projects, 0 internships",Product Manager
Undergraduate,Law/LLB,"Public Speaking,Negotiation,Communication",Law,Corporate Lawyer,"1 projects, 1 internships",Corporate Lawyer
Undergraduate,Law/LLB,"Constitutional Law,Technical Writing,Communication","Law,Social Impact,Government Jobs",Criminal Defense Lawyer,"1 projects, 0 internships",Corporate Lawyer
Undergraduate,Business/BBA,"Public Speaking,Business Strategy,Marketing",Entrepreneurship,Product Manager,"1 projects, 1 internships",Product Manager
Undergraduate,Business/BBA,"Product Management,Marketing,Business Strategy","Media,Business",Product Manager,"2 projects, 0 internships",Product Manager
Undergraduate,Science/B.Sc,"Statistics,Python,Data Visualization,Communication",Business,Data Scientist,"1 projects, 1 internships",Data Analyst
Undergraduate,Law/LLB,"Legal Writing,Constitutional Law,Leadership,Law,Negotiation,Communication","Social Impact,Law,Government Jobs",Patent Attorney,"0 projects, 0 internships",Corporate Lawyer
Undergraduate,Computer Science,"Python,React,Data Structures",Technology,Software Engineer,"1 projects, 1 internships",Software Engineer
Undergraduate,Law/LLB,"Public Speaking,Negotiation,Law,Legal Writing,Leadership,Communication","Law,Government Jobs,Social Impact",Corporate Lawyer,"2 projects, 1 internships",Corporate Lawyer
Undergraduate,Commerce/B.Com,"Data Analytics,SQL,Problem Solving,Time Management","Finance,Business",Financial Consultant,"2 projects, 0 internships",Chartered Accountant
Undergraduate,Commerce/B.Com,"Time Management,Problem Solving,SQL,Communication","Finance,Business,Government Jobs",Investment Banker,"2 projects, 1 internships",Chartered Accountant
Class 12,PCM Stream,"Mathematics,Physics Lab,Communication,Problem Solving","Engineering,Government Jobs,Research",Defense Officer (Army/Navy/Air Force),"2 projects, 0 internships",Civil Servant (IAS/IPS)
Undergraduate,Commerce/B.Com,"Time Management,Scrum,Problem Solving","Business,Finance",Investment Banker,"0 projects, 0 internships",Chartered Accountant
Undergraduate,Electronics & Communication,"Docker,Physics Lab,Data Structures,AWS",Engineering,Embedded Systems Engineer,"1 projects, 1 internships",Embedded Systems Engineer
Undergraduate,Business/BBA,"Leadership,Business Strategy,SEO,Marketing","Media,Management",Management Consultant,"2 projects, 0 internships",Product Manager
Class 12,PCM Stream,"Physics Lab,Chemistry Lab,Mathematics","Research,Engineering",Defense Officer (Army/Navy/Air Force),"1 projects, 1 internships",Civil Servant (IAS/IPS)
Class 12,PCM Stream,"Communication,Writing,Physics Lab,Mathematics,Problem Solving",Defence,Civil Servant (IAS/IPS),"1 projects, 1 internships",Civil Servant (IAS/IPS)
Undergraduate,Business/BBA,"Public Speaking,Sales,Project Management,Marketing,Business Strategy,Product Management",Entrepreneurship,Brand Strategist,"0 projects, 0 internships",Product Manager
Undergraduate,Business/BBA,"Leadership,Product Management,Public Speaking,Marketing,Sales,SEO",Business,Marketing Manager,"2 projects, 1 internships",Product Manager
Undergraduate,Commerce/B.Com,"SQL,Communication,Financial Accounting",Government Jobs,Financial Consultant,"2 projects, 0 internships",Chartered Accountant
Undergraduate,Computer Science,"Data Structures,HTML,Java,SQL,JavaScript,React","AI/ML,Business,Technology",Software Engineer,"2 projects, 1 internships",Software Engineer
Undergraduate,Science/B.Sc,"Pandas,Python,NumPy,Communication,Data Visualization,Mathematics","Finance,Business,Research",Data Scientist,"2 projects, 1 internships",Data Analyst
Undergraduate,Law/LLB,"Constitutional Law,Law,Technical Writing,Leadership","Government Jobs,Social Impact,Law",Patent Attorney,"0 projects, 0 internships",Corporate Lawyer
Undergraduate,Law/LLB,"Negotiation,Communication,Public Speaking,Law,Constitutional Law,Technical Writing","Social Impact,Law,Government Jobs",Patent Attorney,"1 projects, 0 internships",Corporate Lawyer
Undergraduate,Commerce/B.Com,"Taxation,Data Analytics,SQL",Finance,Unknown Career,"2 projects, 0 internships",Chartered Accountant
Undergraduate,Computer Science,"Git,JavaScript,React,Python,HTML,CSS","Business,AI/ML",Cloud Architect,"0 projects, 0 internships",Software Engineer
Undergraduate,Science/B.Sc,"Data Analytics,Statistics,Data Visualization,NumPy,Pandas","Research,Technology,Finance",Data Scientist,"2 projects, 0 internships",Data Analyst
Undergraduate,Science/B.Sc,"Data Visualization,Statistics,Python,Data Analytics,Mathematics","Research,Technology",Data Scientist,"2 projects, 0 internships",Data Analyst
Undergraduate,Electronics & Communication,"C++,Docker,Linear Algebra,Data Structures,Figma",Research,VLSI Design Engineer,"0 projects, 1 internships",Embedded Systems Engineer
Undergraduate,Commerce/B.Com,"Problem Solving,Economics,Communication,Time Management,Data Analytics,SQL","Finance,Business",Unknown Career,"2 projects, 0 internships",Chartered Accountant
Undergraduate,Commerce/B.Com,"Taxation,Financial Accounting,Data Analytics,Communication,Time Management","Government Jobs,Finance,Business",Investment Banker,"1 projects, 1 internships",Chartered Accountant
Class 12,PCM Stream,"Chemistry Lab,Problem Solving,Communication,Writing,Python","Defence,Engineering,Research",Civil Servant (IAS/IPS),"2 projects, 0 internships",Civil Servant (IAS/IPS)
Undergraduate,Law/LLB,"Communication,Constitutional Law,Public Speaking,Negotiation,Law","Law,Government Jobs",Patent Attorney,"2 projects, 1 internships",Corporate Lawyer
Undergraduate,Commerce/B.Com,"SQL,Communication,Taxation,Economics","Finance,Business",Chartered Accountant,"2 projects, 0 internships",Chartered Accountant
Undergraduate,Business/BBA,"Public Speaking,SEO,Project Management,Business Strategy","Business,Media",Product Manager,"0 projects, 1 internships",Product Manager
Class 12,PCM Stream,"Writing,Python,Communication,Mathematics,Chemistry Lab,Physics Lab","Government Jobs,Engineering",Civil Servant (IAS/IPS),"0 projects, 1 internships",Civil Servant (IAS/IPS)
Undergraduate,Law/LLB,"Legal Writing,Communication,Public Speaking,Negotiation",Government Jobs,Corporate Lawyer,"1 projects, 1 internships",Corporate Lawyer
Undergraduate,Computer Science,"CSS,Algorithms,Node.js,SQL,REST APIs,HTML","Technology,AI/ML,Business",DevOps Engineer,"0 projects, 1 internships",Software Engineer
Undergraduate,Commerce/B.Com,"Data Analytics,Financial Accounting,Taxation,Time Management",Government Jobs,Financial Consultant,"0 projects, 0 internships",Chartered Accountant
Undergraduate,Business/BBA,"Product Management,Communication,Public Speaking,Marketing,SEO","Business,Entrepreneurship",Brand Strategist,"2 projects, 0 internships",Product Manager
Undergraduate,Science/B.Sc,"Python,Data Analytics,Statistics,SQL","Business,Research",Data Scientist,"1 projects, 0 internships",Data Analyst
Undergraduate,Computer Science,"C++,React,CSS,JavaScript","Business,AI/ML",Data Scientist,"2 projects, 0 internships",Software Engineer
Undergraduate,Business/BBA,"Public Speaking,Project Management,SEO,Leadership,Communication","Media,Business,Management",Management Consultant,"0 projects, 1 internships",Product Manager
Undergraduate,Commerce/B.Com,"Communication,Time Management,Financial Accounting,Data Analytics,Problem Solving,SQL","Business,Government Jobs,Finance",Chartered Accountant,"1 projects, 1 internships",Chartered Accountant
Undergraduate,Law/LLB,"Leadership,Technical Writing,Communication,Negotiation,Public Speaking,Law","Government Jobs,Law",Public Prosecutor,"2 projects, 1 internships",Corporate Lawyer
Undergraduate,Science/B.Sc,"SQL,Communication,Data Analytics,Data Visualization","Business,Technology",Financial Risk Analyst,"1 projects, 1 internships",Data Analyst
Undergraduate,Law/LLB,"Legal Writing,Leadership,Negotiation,Technical Writing,Law","Law,Social Impact",Public Prosecutor,"2 projects, 0 internships",Corporate Lawyer
Undergraduate,Law/LLB,"Communication,Law,Technical Writing,Negotiation,Constitutional Law,Public Speaking",Social Impact,Public Prosecutor,"0 projects, 1 internships",Corporate Lawyer
Undergraduate,Business/BBA,"Business Strategy,Product Management,Project Management,Communication",Entrepreneurship,Brand Strategist,"2 projects, 1 internships",Product Manager
Undergraduate,Science/B.Sc,"Pandas,Python,Data Analytics","Technology,Business,Finance",Data Scientist,"0 projects, 1 internships",Data Analyst
Class 12,PCM Stream,"Problem Solving,Physics Lab,Python,Communication,Writing",Research,Civil Servant (IAS/IPS),"1 projects, 1 internships",Civil Servant (IAS/IPS)
Undergraduate,Electronics & Communication,"Figma,Data Structures,Mathematics,Physics Lab,Linear Algebra","Research,Engineering",VLSI Design Engineer,"2 projects, 1 internships",Embedded Systems Engineer
Undergraduate,Business/BBA,"Sales,Product Management,SEO,Marketing","Management,Entrepreneurship,Media",Marketing Manager,"2 projects, 0 internships",Product Manager
Class 12,PCM Stream,"Mathematics,Physics Lab,Chemistry Lab",Engineering,High School Physics Teacher,"2 projects, 0 internships",Civil Servant (IAS/IPS)
Undergraduate,Computer Science,"Algorithms,SQL,Git,React,Node.js",Technology,Software Engineer,"2 projects, 1 internships",Software Engineer
Undergraduate,Law/LLB,"Constitutional Law,Technical Writing,Public Speaking,Communication,Legal Writing,Negotiation",Social Impact,Patent Attorney,"0 projects, 0 internships",Corporate Lawyer
Undergraduate,Business/BBA,"Sales,Project Management,Communication",Management,Management Consultant,"0 projects, 1 internships",Product Manager
Undergraduate,Commerce/B.Com,"Scrum,SQL,Financial Accounting,Economics",Finance,Chartered Accountant,"1 projects, 1 internships",Chartered Accountant
Undergraduate,Science/B.Sc,"Pandas,SQL,Communication","Research,Technology,Business",Actuarial Analyst,"1 projects, 0 internships",Data Analyst
Undergraduate,Law/LLB,"Legal Writing,Public Speaking,Leadership,Technical Writing,Communication","Social Impact,Law",Criminal Defense Lawyer,"0 projects, 1 internships",Corporate Lawyer
Undergraduate,Business/BBA,"Project Management,Sales,Marketing","Media,Business",Brand Strategist,"2 projects, 0 internships",Product Manager
Undergraduate,Computer Science,"CSS,Git,Java,JavaScript","Technology,Business",Data Scientist,"0 projects, 1 internships",Software Engineer
Undergraduate,Commerce/B.Com,"Data Analytics,SQL,Communication,Financial Accounting,Economics,Scrum","Business,Finance",Investment Banker,"1 projects, 1 internships",Chartered Accountant
Undergraduate,Science/B.Sc,"Python,Data Visualization,Statistics,SQL,Communication,Data Analytics","Research,Business",Actuarial Analyst,"0 projects, 0 internships",Data Analyst
Undergraduate,Electronics & Communication,"Figma,Data Structures,Kubernetes,Linear Algebra,Physics Lab","Research,Technology",Embedded Systems Engineer,"2 projects, 1 internships",Embedded Systems Engineer
Undergraduate,Business/BBA,"Leadership,Marketing,SEO","Media,Management,Entrepreneurship",Product Manager,"1 projects, 1 internships",Product Manager
Class 12,PCM Stream,"Physics Lab,Mathematics,Communication,Chemistry Lab","Government Jobs,Engineering,Defence",Civil Servant (IAS/IPS),"2 projects, 1 internships",Civil Servant (IAS/IPS)
Undergraduate,Commerce/B.Com,"Financial Accounting,Time Management,Scrum,Economics,SQL","Business,Finance,Government Jobs",Financial Consultant,"2 projects, 0 internships",Chartered Accountant
Undergraduate,Computer Science,"React,Data Structures,Git,HTML,SQL,Algorithms","Business,AI/ML",Data Scientist,"1 projects, 0 internships",Software Engineer
Undergraduate,Computer Science,"REST APIs,Java,CSS",AI/ML,AI/ML Engineer,"2 projects, 0 internships",Software Engineer
Undergraduate,Computer Science,"CSS,Data Structures,Java,React,REST APIs,SQL",Technology,AI/ML Engineer,"2 projects, 1 internships",Software Engineer
Undergraduate,Business/BBA,"Leadership,Project Management,Sales,Marketing","Business,Management",Marketing Manager,"1 projects, 1 internships",Product Manager
Undergraduate,Commerce/B.Com,"Problem Solving,SQL,Economics,Financial Accounting,Scrum,Taxation",Government Jobs,Unknown Career,"2 projects, 1 internships",Chartered Accountant
Undergraduate,Law/LLB,"Negotiation,Public Speaking,Legal Writing,Constitutional Law",Law,Patent Attorney,"2 projects, 1 internships",Corporate Lawyer
Undergraduate,Law/LLB,"Technical Writing,Communication,Constitutional Law,Negotiation,Legal Writing",Social Impact,Patent Attorney,"0 projects, 1 internships",Corporate Lawyer
Undergraduate,Science/B.Sc,"Python,Mathematics,Pandas,Data Analytics,Statistics,SQL","Business,Research,Finance",Data Analyst,"2 projects, 1 internships",Data Analyst
Undergraduate,Law/LLB,"Constitutional Law,Legal Writing,Leadership,Communication,Negotiation",Law,Criminal Defense Lawyer,"1 projects, 1 internships",Corporate Lawyer
Undergraduate,Electronics & Communication,"Mathematics,Data Structures,Docker,C++,Figma,Kubernetes",Technology,Embedded Systems Engineer,"1 projects, 1 internships",Embedded Systems Engineer
Class 12,PCM Stream,"Writing,Communication,Problem Solving,Physics Lab","Research,Defence,Engineering",Defense Officer (Army/Navy/Air Force),"1 projects, 1 internships",Civil Servant (IAS/IPS)
Undergraduate,Electronics & Communication,"Python,Kubernetes,Physics Lab,Data Structures,Mathematics,Figma","Technology,Engineering,Research",Embedded Systems Engineer,"1 projects, 0 internships",Embedded Systems Engineer
Undergraduate,Business/BBA,"Project Management,Business Strategy,Sales,SEO,Leadership","Management,Media",Marketing Manager,"2 projects, 0 internships",Product Manager
Undergraduate,Electronics & Communication,"Python,AWS,Mathematics","Research,Technology,Engineering",Embedded Systems Engineer,"1 projects, 1 internships",Embedded Systems Engineer
Undergraduate,Law/LLB,"Leadership,Public Speaking,Constitutional Law,Technical Writing,Communication","Social Impact,Government Jobs,Law",Patent Attorney,"2 projects, 0 internships",Corporate Lawyer
Undergraduate,Electronics & Communication,"Linear Algebra,Python,Kubernetes,C++,Data Structures",Technology,Network Security Engineer,"1 projects, 0 internships",Embedded Systems Engineer
Undergraduate,Electronics & Communication,"Docker,Linear Algebra,AWS,Physics Lab","Technology,Engineering",VLSI Design Engineer,"1 projects, 1 internships",Embedded Systems Engineer
Class 12,PCM Stream,"Writing,Physics Lab,Python,Communication,Chemistry Lab,Mathematics","Research,Defence,Engineering",Research Scientist,"1 projects, 1 internships",Civil Servant (IAS/IPS)
Undergraduate,Electronics & Communication,"Kubernetes,Python,Data Structures,Physics Lab","Research,Technology,Engineering",IoT Systems Architect,"2 projects, 0 internships",Embedded Systems Engineer
Undergraduate,Computer Science,"React,Git,Algorithms,Node.js,HTML",Technology,AI/ML Engineer,"1 projects, 0 internships",Software Engineer
Undergraduate,Computer Science,"C++,HTML,CSS,Git","AI/ML,Technology",DevOps Engineer,"0 projects, 0 internships",Software Engineer
Undergraduate,Business/BBA,"Marketing,Communication,Sales,Product Management","Entrepreneurship,Media,Business",Product Manager,"0 projects, 1 internships",Product Manager
Undergraduate,Science/B.Sc,"Python,Pandas,SQL,Communication,NumPy,Mathematics",Research,Financial Risk Analyst,"1 projects, 0 internships",Data Analyst
Undergraduate,Computer Science,"CSS,SQL,Python,React,C++","Business,AI/ML",Cloud Architect,"2 projects, 0 internships",Software Engineer
Undergraduate,Business/BBA,"Marketing,SEO,Communication","Management,Entrepreneurship,Media",Brand Strategist,"1 projects, 1 internships",Product Manager
Undergraduate,Electronics & Communication,"C++,Python,Docker,Physics Lab,Figma,Kubernetes","Engineering,Technology",IoT Systems Architect,"0 projects, 0 internships",Embedded Systems Engineer
Undergraduate,Commerce/B.Com,"Economics,Financial Accounting,Data Analytics,SQL,Problem Solving,Taxation",Government Jobs,Chartered Accountant,"1 projects, 1 internships",Chartered Accountant
Undergraduate,Law/LLB,"Leadership,Technical Writing,Communication,Negotiation,Legal Writing,Constitutional Law","Government Jobs,Law,Social Impact",Public Prosecutor,"2 projects, 1 internships",Corporate Lawyer
Undergraduate,Science/B.Sc,"SQL,Communication,Mathematics,NumPy","Business,Research,Finance",Actuarial Analyst,"2 projects, 0 internships",Data Analyst
Undergraduate,Electronics & Communication,"Python,Data Structures,AWS,C++","Research,Engineering",Network Security Engineer,"1 projects, 1 internships",Embedded Systems Engineer
Class 12,PCM Stream,"Problem Solving,Communication,Python",Research,Research Scientist,"2 projects, 0 internships",Civil Servant (IAS/IPS)
Class 12,PCM Stream,"Chemistry Lab,Communication,Python,Problem Solving,Mathematics","Government Jobs,Engineering",Research Scientist,"1 projects, 0 internships",Civil Servant (IAS/IPS)
Undergraduate,Computer Science,"REST APIs,HTML,Node.js,Algorithms","Business,AI/ML",Software Engineer,"2 projects, 0 internships",Software Engineer
Undergraduate,Law/LLB,"Technical Writing,Legal Writing,Law,Constitutional Law","Government Jobs,Social Impact",Patent Attorney,"0 projects, 0 internships",Corporate Lawyer
Undergraduate,Law/LLB,"Negotiation,Leadership,Constitutional Law,Technical Writing,Legal Writing","Government Jobs,Social Impact,Law",Corporate Lawyer,"1 projects, 1 internships",Corporate Lawyer
Undergraduate,Business/BBA,"Business Strategy,Product Management,Sales,SEO,Project Management","Entrepreneurship,Business,Management",Product Manager,"2 projects, 1 internships",Product Manager
Undergraduate,Commerce/B.Com,"Economics,Communication,SQL","Government Jobs,Finance",Financial Consultant,"0 projects, 1 internships",Chartered Accountant
Undergraduate,Law/LLB,"Technical Writing,Communication,Constitutional Law,Leadership,Legal Writing","Law,Social Impact,Government Jobs",Public Prosecutor,"2 projects, 0 internships",Corporate Lawyer
Undergraduate,Commerce/B.Com,"Data Analytics,Taxation,Economics,SQL","Business,Finance",Financial Consultant,"0 projects, 0 internships",Chartered Accountant
Undergraduate,Law/LLB,"Communication,Legal Writing,Technical Writing",Law,Patent Attorney,"1 projects, 0 internships",Corporate Lawyer
Undergraduate,Computer Science,"React,Git,Node.js,Java",Business,Data Scientist,"1 projects, 1 internships",Software Engineer
Undergraduate,Commerce/B.Com,"Financial Accounting,Scrum,Economics",Finance,Investment Banker,"2 projects, 1 internships",Chartered Accountant
Undergraduate,Electronics & Communication,"Python,Linear Algebra,C++,Figma,Mathematics,Docker","Technology,Research,Engineering",VLSI Design Engineer,"0 projects, 1 internships",Embedded Systems Engineer
Undergraduate,Electronics & Communication,"Data Structures,Figma,C++,AWS,Physics Lab,Mathematics","Research,Engineering",VLSI Design Engineer,"1 projects, 0 internships",Embedded Systems Engineer
Undergraduate,Law/LLB,"Technical Writing,Public Speaking,Negotiation","Social Impact,Government Jobs",Public Prosecutor,"1 projects, 0 internships",Corporate Lawyer
Undergraduate,Business/BBA,"Project Management,Communication,Business Strategy,Sales,Leadership,Public Speaking","Media,Management",Brand Strategist,"0 projects, 1 internships",Product Manager
Undergraduate,Business/BBA,"Sales,SEO,Leadership,Project Management","Business,Media,Management",Brand Strategist,"1 projects, 1 internships",Product Manager
Undergraduate,Computer Science,"SQL,HTML,CSS,Node.js",Business,Data Scientist,"2 projects, 1 internships",Software Engineer
Undergraduate,Computer Science,"Data Structures,Algorithms,Java",Business,AI/ML Engineer,"1 projects, 1 internships",Software Engineer
Undergraduate,Commerce/B.Com,"Communication,Economics,SQL,Scrum","Finance,Government Jobs,Business",Financial Consultant,"0 projects, 0 internships",Chartered Accountant
Undergraduate,Electronics & Communication,"Linear Algebra,Python,C++,AWS,Mathematics","Engineering,Technology",IoT Systems Architect,"0 projects, 0 internships",Embedded Systems Engineer
Undergraduate,Computer Science,"Git,Data Structures,Node.js",Technology,Cloud Architect,"2 projects, 0 internships",Software Engineer
Undergraduate,Science/B.Sc,"Pandas,Communication,Data Analytics,Mathematics,Python",Finance,Actuarial Analyst,"2 projects, 1 internships",Data Analyst
Class 12,PCM Stream,"Problem Solving,Chemistry Lab,Writing,Mathematics,Communication,Physics Lab","Defence,Engineering",Defense Officer (Army/Navy/Air Force),"1 projects, 1 internships",Civil Servant (IAS/IPS)
Undergraduate,Law/LLB,"Legal Writing,Negotiation,Technical Writing,Public Speaking,Leadership","Law,Social Impact",Criminal Defense Lawyer,"0 projects, 1 internships",Corporate Lawyer
Undergraduate,Business/BBA,"Communication,Marketing,Leadership,SEO","Management,Business",Product Manager,"1 projects, 0 internships",Product Manager
Undergraduate,Law/LLB,"Law,Communication,Constitutional Law,Negotiation","Government Jobs,Social Impact",Corporate Lawyer,"0 projects, 0 internships",Corporate Lawyer
Undergraduate,Electronics & Communication,"Mathematics,AWS,Python","Engineering,Technology",Embedded Systems Engineer,"2 projects, 1 internships",Embedded Systems Engineer
Undergraduate,Computer Science,"CSS,REST APIs,JavaScript","Technology,Business",DevOps Engineer,"0 projects, 1 internships",Software Engineer
Class 12,PCM Stream,"Python,Writing,Physics Lab","Research,Engineering",Civil Servant (IAS/IPS),"0 projects, 0 internships",Civil Servant (IAS/IPS)
Undergraduate,Electronics & Communication,"Kubernetes,Figma,Mathematics,Docker","Technology,Research,Engineering",Embedded Systems Engineer,"1 projects, 1 internships",Embedded Systems Engineer
Undergraduate,Commerce/B.Com,"Time Management,Taxation,Problem Solving,Economics,Financial Accounting","Business,Finance",Investment Banker,"0 projects, 1 internships",Chartered Accountant
Undergraduate,Science/B.Sc,"Data Analytics,Python,Pandas",Finance,Data Scientist,"2 projects, 1 internships",Data Analyst
Undergraduate,Science/B.Sc,"NumPy,SQL,Data Analytics,Statistics",Business,Data Analyst,"2 projects, 0 internships",Data Analyst
Undergraduate,Commerce/B.Com,"Time Management,Problem Solving,Taxation,Economics,Financial Accounting","Government Jobs,Finance,Business",Financial Consultant,"2 projects, 1 internships",Chartered Accountant
Undergraduate,Law/LLB,"Law,Technical Writing,Leadership,Legal Writing,Communication,Constitutional Law","Social Impact,Law,Government Jobs",Criminal Defense Lawyer,"2 projects, 1 internships",Corporate Lawyer
Undergraduate,Law/LLB,"Negotiation,Law,Leadership,Public Speaking,Legal Writing,Communication","Law,Social Impact,Government Jobs",Criminal Defense Lawyer,"0 projects, 0 internships",Corporate Lawyer
Undergraduate,Science/B.Sc,"NumPy,Communication,SQL,Pandas","Technology,Finance",Data Analyst,"1 projects, 0 internships",Data Analyst
Undergraduate,Computer Science,"Java,REST APIs,Git,SQL,Python",Technology,Data Scientist,"2 projects, 1 internships",Software Engineer
Undergraduate,Law/LLB,"Public Speaking,Leadership,Communication,Law","Law,Social Impact",Public Prosecutor,"1 projects, 1 internships",Corporate Lawyer
Class 12,PCM Stream,"Problem Solving,Mathematics,Python","Defence,Government Jobs,Research",High School Physics Teacher,"1 projects, 0 internships",Civil Servant (IAS/IPS)
Undergraduate,Computer Science,"Git,REST APIs,Java,React,Python,CSS",Business,DevOps Engineer,"1 projects, 1 internships",Software Engineer
Undergraduate,Business/BBA,"Communication,Leadership,Product Management,Marketing,Business Strategy",Media,Marketing Manager,"0 projects, 0 internships",Product Manager
Undergraduate,Law/LLB,"Negotiation,Technical Writing,Legal Writing,Leadership",Social Impact,Criminal Defense Lawyer,"0 projects, 1 internships",Corporate Lawyer
Undergraduate,Science/B.Sc,"Communication,SQL,Mathematics,Python","Technology,Business,Finance",Data Scientist,"2 projects, 0 internships",Data Analyst
Undergraduate,Science/B.Sc,"SQL,Statistics,Mathematics,Communication,Data Visualization,Data Analytics",Research,Data Analyst,"0 projects, 0 internships",Data Analyst
Undergraduate,Commerce/B.Com,"Communication,Taxation,Data Analytics,Problem Solving,Scrum,Time Management",Government Jobs,Chartered Accountant,"2 projects, 0 internships",Chartered Accountant
Undergraduate,Electronics & Communication,"Docker,C++,Python,Physics Lab,Linear Algebra,Data Structures","Engineering,Research",IoT Systems Architect,"1 projects, 1 internships",Embedded Systems Engineer
Undergraduate,Electronics & Communication,"Kubernetes,Python,Figma,Physics Lab,Data Structures,Mathematics","Engineering,Technology,Research",IoT Systems Architect,"1 projects, 1 internships",Embedded Systems Engineer
Undergraduate,Computer Science,"Node.js,Algorithms,CSS,Data Structures,Python,SQL","Business,AI/ML",DevOps Engineer,"1 projects, 0 internships",Software Engineer
Undergraduate,Business/BBA,"Business Strategy,Public Speaking,SEO","Business,Management",Product Manager,"2 projects, 0 internships",Product Manager
Undergraduate,Electronics & Communication,"Physics Lab,Mathematics,Figma,Data Structures","Technology,Research,Engineering",VLSI Design Engineer,"0 projects, 1 internships",Embedded Systems Engineer
Undergraduate,Computer Science,"SQL,Node.js,HTML,Data Structures,React","Technology,AI/ML,Business",Software Engineer,"0 projects, 1 internships",Software Engineer
Undergraduate,Commerce/B.Com,"Financial Accounting,Data Analytics,SQL,Communication","Business,Government Jobs",Financial Consultant,"2 projects, 1 internships",Chartered Accountant
Undergraduate,Law/LLB,"Law,Negotiation,Technical Writing","Social Impact,Government Jobs,Law",Criminal Defense Lawyer,"1 projects, 0 internships",Corporate Lawyer
Undergraduate,Law/LLB,"Law,Communication,Legal Writing","Social Impact,Government Jobs,Law",Criminal Defense Lawyer,"0 projects, 1 internships",Corporate Lawyer
Undergraduate,Business/BBA,"Communication,Project Management,Product Management,Business Strategy,Marketing,Leadership","Management,Media,Entrepreneurship",Product Manager,"0 projects, 0 internships",Product Manager
Undergraduate,Business/BBA,"Leadership,Public Speaking,Communication","Media,Management,Entrepreneurship",Management Consultant,"1 projects, 1 internships",Product Manager
Undergraduate,Business/BBA,"Leadership,SEO,Marketing,Communication,Public Speaking","Media,Business,Management",Management Consultant,"0 projects, 0 internships",Product Manager
Undergraduate,Commerce/B.Com,"Financial Accounting,Taxation,Problem Solving,Economics,SQL,Data Analytics","Government Jobs,Business,Finance",Chartered Accountant,"1 projects, 1 internships",Chartered Accountant
Undergraduate,Business/BBA,"Sales,SEO,Communication,Business Strategy,Product Management,Public Speaking","Media,Business",Product Manager,"2 projects, 1 internships",Product Manager
Class 12,PCM Stream,"Physics Lab,Mathematics,Python,Problem Solving","Engineering,Research,Defence",Defense Officer (Army/Navy/Air Force),"1 projects, 0 internships",Civil Servant (IAS/IPS)
Class 12,PCM Stream,"Writing,Problem Solving,Mathematics,Chemistry Lab,Communication",Research,High School Physics Teacher,"0 projects, 0 internships",Civil Servant (IAS/IPS)
Undergraduate,Law/LLB,"Technical Writing,Negotiation,Communication,Constitutional Law,Law,Legal Writing","Social Impact,Government Jobs",Corporate Lawyer,"1 projects, 0 internships",Corporate Lawyer
Undergraduate,Commerce/B.Com,"Taxation,Time Management,Financial Accounting,SQL","Finance,Business",Financial Consultant,"0 projects, 0 internships",Chartered Accountant
Undergraduate,Business/BBA,"Project Management,Product Management,Marketing","Entrepreneurship,Business",Brand Strategist,"0 projects, 1 internships",Product Manager
Undergraduate,Law/LLB,"Legal Writing,Law,Public Speaking","Social Impact,Government Jobs",Patent Attorney,"2 projects, 1 internships",Corporate Lawyer
Undergraduate,Business/BBA,"Public Speaking,Product Management,Project Management,Business Strategy,Leadership","Entrepreneurship,Management,Media",Marketing Manager,"2 projects, 0 internships",Product Manager
Undergraduate,Science/B.Sc,"Pandas,Python,Statistics,Communication,Data Visualization","Research,Technology,Finance",Data Scientist,"2 projects, 1 internships",Data Analyst
Undergraduate,Law/LLB,"Law,Technical Writing,Public Speaking","Government Jobs,Law,Social Impact",Patent Attorney,"2 projects, 1 internships",Corporate Lawyer
Undergraduate,Business/BBA,"Project Management,Marketing,Sales,Product Management","Management,Media",Management Consultant,"0 projects, 1 internships",Product Manager
Undergraduate,Computer Science,"Data Structures,React,Git,Java,SQL","Business,Technology,AI/ML",Software Engineer,"2 projects, 1 internships",Software Engineer
Undergraduate,Commerce/B.Com,"Time Management,Scrum,Communication","Finance,Business,Government Jobs",Unknown Career,"1 projects, 0 internships",Chartered Accountant
Undergraduate,Law/LLB,"Negotiation,Legal Writing,Communication","Law,Government Jobs",Criminal Defense Lawyer,"2 projects, 1 internships",Corporate Lawyer
Undergraduate,Electronics & Communication,"Python,Mathematics,Linear Algebra,Kubernetes,Physics Lab","Research,Engineering,Technology",Embedded Systems Engineer,"2 projects, 0 internships",Embedded Systems Engineer
Undergraduate,Business/BBA,"Sales,Product Management,Public Speaking,SEO,Project Management,Marketing","Management,Entrepreneurship,Business",Marketing Manager,"2 projects, 0 internships",Product Manager
Undergraduate,Business/BBA,"Public Speaking,Leadership,Marketing,Communication,Sales",Entrepreneurship,Management Consultant,"2 projects, 0 internships",Product Manager
Class 12,PCM Stream,"Physics Lab,Problem Solving,Chemistry Lab,Communication,Python,Mathematics","Government Jobs,Engineering,Defence",High School Physics Teacher,"1 projects, 1 internships",Civil Servant (IAS/IPS)
Undergraduate,Commerce/B.Com,"Financial Accounting,Economics,Time Management",Business,Investment Banker,"1 projects, 0 internships",Chartered Accountant
Undergraduate,Law/LLB,"Constitutional Law,Technical Writing,Leadership,Public Speaking",Government Jobs,Patent Attorney,"2 projects, 1 internships",Corporate Lawyer
Undergraduate,Commerce/B.Com,"Economics,Scrum,Data Analytics,Problem Solving,Time Management",Finance,Chartered Accountant,"1 projects, 0 internships",Chartered Accountant
Undergraduate,Commerce/B.Com,"Scrum,Time Management,Financial Accounting","Business,Government Jobs",Chartered Accountant,"0 projects, 1 internships",Chartered Accountant
Undergraduate,Electronics & Communication,"Python,Figma,Kubernetes,Linear Algebra,C++","Engineering,Technology",Network Security Engineer,"2 projects, 1 internships",Embedded Systems Engineer
Undergraduate,Computer Science,"Node.js,Git,Java,JavaScript,REST APIs",Business,Data Scientist,"0 projects, 0 internships",Software Engineer
Undergraduate,Computer Science,"Node.js,Git,Data Structures,Python,JavaScript,C++",AI/ML,AI/ML Engineer,"2 projects, 0 internships",Software Engineer
Undergraduate,Commerce/B.Com,"SQL,Taxation,Communication,Financial Accounting","Government Jobs,Business",Investment Banker,"1 projects, 1 internships",Chartered Accountant
Undergraduate,Science/B.Sc,"Statistics,SQL,Mathematics,Python,NumPy,Data Analytics","Research,Business,Technology",Data Scientist,"2 projects, 0 internships",Data Analyst
Undergraduate,Science/B.Sc,"Data Analytics,Statistics,Data Visualization,SQL,Communication,NumPy","Technology,Finance,Business",Data Analyst,"2 projects, 1 internships",Data Analyst
Undergraduate,Commerce/B.Com,"Economics,Scrum,Financial Accounting","Business,Government Jobs,Finance",Unknown Career,"0 projects, 0 internships",Chartered Accountant
Undergraduate,Law/LLB,"Leadership,Communication,Legal Writing,Technical Writing,Constitutional Law",Government Jobs,Public Prosecutor,"1 projects, 1 internships",Corporate Lawyer
Undergraduate,Business/BBA,"Sales,Business Strategy,Product Management,Communication,Marketing",Media,Marketing Manager,"2 projects, 1 internships",Product Manager
Undergraduate,Law/LLB,"Negotiation,Public Speaking,Technical Writing,Leadership,Legal Writing,Constitutional Law",Social Impact,Patent Attorney,"0 projects, 0 internships",Corporate Lawyer
Undergraduate,Law/LLB,"Constitutional Law,Public Speaking,Communication","Social Impact,Law",Criminal Defense Lawyer,"2 projects, 0 internships",Corporate Lawyer
Undergraduate,Commerce/B.Com,"Communication,Financial Accounting,Time Management","Government Jobs,Business,Finance",Unknown Career,"1 projects, 1 internships",Chartered Accountant
Undergraduate,Science/B.Sc,"Data Analytics,Pandas,Statistics,Mathematics,Python,Data Visualization","Technology,Business,Finance",Financial Risk Analyst,"1 projects, 1 internships",Data Analyst
Undergraduate,Computer Science,"Git,CSS,Node.js,C++,HTML","Technology,AI/ML,Business",DevOps Engineer,"0 projects, 0 internships",Software Engineer
Undergraduate,Law/LLB,"Public Speaking,Negotiation,Law,Technical Writing,Legal Writing",Law,Corporate Lawyer,"1 projects, 1 internships",Corporate Lawyer
Undergraduate,Science/B.Sc,"Pandas,SQL,Statistics","Business,Finance,Research",Data Analyst,"1 projects, 0 internships",Data Analyst
Undergraduate,Commerce/B.Com,"Data Analytics,Taxation,Problem Solving,Scrum","Business,Government Jobs",Investment Banker,"2 projects, 0 internships",Chartered Accountant
Undergraduate,Computer Science,"JavaScript,Java,REST APIs","Technology,Business,AI/ML",DevOps Engineer,"0 projects, 0 internships",Software Engineer
Undergraduate,Commerce/B.Com,"Taxation,Problem Solving,Communication,Financial Accounting","Finance,Government Jobs,Business",Chartered Accountant,"1 projects, 1 internships",Chartered Accountant
Undergraduate,Commerce/B.Com,"Problem Solving,Financial Accounting,Taxation","Government Jobs,Business",Unknown Career,"1 projects, 1 internships",Chartered Accountant
Class 12,PCM Stream,"Mathematics,Problem Solving,Chemistry Lab","Research,Engineering",High School Physics Teacher,"2 projects, 1 internships",Civil Servant (IAS/IPS)
Undergraduate,Electronics & Communication,"Docker,Data Structures,Mathematics,Kubernetes","Research,Engineering,Technology",Embedded Systems Engineer,"0 projects, 1 internships",Embedded Systems Engineer
Undergraduate,Electronics & Communication,"Data Structures,Kubernetes,AWS,Linear Algebra","Technology,Engineering,Research",Embedded Systems Engineer,"2 projects, 1 internships",Embedded Systems Engineer
Undergraduate,Business/BBA,"Sales,Marketing,SEO",Media,Management Consultant,"2 projects, 0 internships",Product Manager
Undergraduate,Commerce/B.Com,"Data Analytics,Scrum,SQL","Business,Government Jobs,Finance",Unknown Career,"2 projects, 1 internships",Chartered Accountant
Class 12,PCM Stream,"Problem Solving,Communication,Chemistry Lab,Writing,Physics Lab,Mathematics",Research,Civil Servant (IAS/IPS),"1 projects, 0 internships",Civil Servant (IAS/IPS)
Undergraduate,Business/BBA,"Public Speaking,Marketing,Product Management,Communication,Sales,Project Management","Entrepreneurship,Media,Business",Marketing Manager,"1 projects, 0 internships",Product Manager
Undergraduate,Law/LLB,"Public Speaking,Communication,Legal Writing,Constitutional Law,Law,Negotiation","Law,Social Impact",Patent Attorney,"2 projects, 1 internships",Corporate Lawyer
Undergraduate,Law/LLB,"Constitutional Law,Communication,Legal Writing,Negotiation,Leadership","Government Jobs,Law",Public Prosecutor,"0 projects, 0 internships",Corporate Lawyer
Class 12,PCM Stream,"Chemistry Lab,Problem Solving,Physics Lab,Python","Defence,Government Jobs,Research",Defense Officer (Army/Navy/Air Force),"2 projects, 0 internships",Civil Servant (IAS/IPS)
Undergraduate,Commerce/B.Com,"Economics,Communication,Time Management","Business,Government Jobs",Financial Consultant,"0 projects, 1 internships",Chartered Accountant
Undergraduate,Business/BBA,"Project Management,Public Speaking,Communication,SEO,Marketing,Leadership","Entrepreneurship,Business,Management",Brand Strategist,"2 projects, 1 internships",Product Manager
Undergraduate,Electronics & Communication,"Docker,Python,Data Structures,Figma,Physics Lab,AWS","Technology,Research",Network Security Engineer,"2 projects, 0 internships",Embedded Systems Engineer
Class 12,PCM Stream,"Physics Lab,Writing,Chemistry Lab","Engineering,Defence,Government Jobs",High School Physics Teacher,"2 projects, 1 internships",Civil Servant (IAS/IPS)
Undergraduate,Law/LLB,"Public Speaking,Constitutional Law,Technical Writing,Law,Legal Writing,Negotiation","Government Jobs,Social Impact",Patent Attorney,"1 projects, 0 internships",Corporate Lawyer
Undergraduate,Law/LLB,"Technical Writing,Legal Writing,Constitutional Law,Negotiation",Government Jobs,Public Prosecutor,"0 projects, 1 internships",Corporate Lawyer
Undergraduate,Commerce/B.Com,"Data Analytics,Financial Accounting,SQL","Business,Government Jobs",Unknown Career,"0 projects, 0 internships",Chartered Accountant
Undergraduate,Science/B.Sc,"Pandas,Mathematics,Python,NumPy,Data Visualization,Data Analytics","Business,Technology",Financial Risk Analyst,"1 projects, 0 internships",Data Analyst
Undergraduate,Commerce/B.Com,"Financial Accounting,Scrum,SQL,Problem Solving,Data Analytics",Business,Financial Consultant,"0 projects, 0 internships",Chartered Accountant
Class 12,PCM Stream,"Writing,Problem Solving,Chemistry Lab","Research,Government Jobs,Engineering",High School Physics Teacher,"2 projects, 1 internships",Civil Servant (IAS/IPS)
Undergraduate,Law/LLB,"Technical Writing,Legal Writing,Public Speaking,Constitutional Law,Law,Communication","Law,Social Impact,Government Jobs",Patent Attorney,"1 projects, 1 internships",Corporate Lawyer
Undergraduate,Computer Science,"React,Git,JavaScript","Technology,Business",Software Engineer,"1 projects, 1 internships",Software Engineer
Undergraduate,Computer Science,"Python,Node.js,JavaScript,Git,React,SQL",AI/ML,Data Scientist,"2 projects, 0 internships",Software Engineer
Undergraduate,Commerce/B.Com,"Problem Solving,Scrum,Financial Accounting,SQL","Business,Government Jobs",Chartered Accountant,"1 projects, 0 internships",Chartered Accountant
Undergraduate,Science/B.Sc,"NumPy,Statistics,Python,Communication,Pandas","Research,Finance,Business",Actuarial Analyst,"1 projects, 1 internships",Data Analyst
Undergraduate,Computer Science,"HTML,Data Structures,Git,Algorithms","Business,AI/ML,Technology",AI/ML Engineer,"0 projects, 0 internships",Software Engineer
Undergraduate,Electronics & Communication,"AWS,Docker,Physics Lab,C++",Technology,IoT Systems Architect,"1 projects, 1 internships",Embedded Systems Engineer
Undergraduate,Computer Science,"Java,Python,REST APIs,C++","AI/ML,Technology,Business",Cloud Architect,"1 projects, 1 internships",Software Engineer
Undergraduate,Science/B.Sc,"Communication,Data Analytics,Python","Business,Research,Finance",Data Scientist,"2 projects, 0 internships",Data Analyst
Class 12,PCM Stream,"Communication,Python,Physics Lab,Mathematics,Chemistry Lab","Defence,Government Jobs",High School Physics Teacher,"0 projects, 1 internships",Civil Servant (IAS/IPS)
Class 12,PCM Stream,"Chemistry Lab,Python,Problem Solving",Government Jobs,High School Physics Teacher,"0 projects, 0 internships",Civil Servant (IAS/IPS)
Class 12,PCM Stream,"Problem Solving,Physics Lab,Writing,Chemistry Lab",Defence,High School Physics Teacher,"2 projects, 1 internships",Civil Servant (IAS/IPS)
Undergraduate,Commerce/B.Com,"Taxation,Economics,Data Analytics","Business,Finance,Government Jobs",Financial Consultant,"2 projects, 1 internships",Chartered Accountant
Undergraduate,Electronics & Communication,"Python,C++,Figma,Physics Lab,Linear Algebra","Technology,Research",IoT Systems Architect,"0 projects, 0 internships",Embedded Systems Engineer
Undergraduate,Business/BBA,"Public Speaking,Communication,SEO,Leadership","Entrepreneurship,Media",Management Consultant,"2 projects, 0 internships",Product Manager
Undergraduate,Business/BBA,"Communication,Leadership,SEO,Sales,Business Strategy",Media,Product Manager,"2 projects, 0 internships",Product Manager
Undergraduate,Business/BBA,"Marketing,Project Management,Business Strategy",Entrepreneurship,Marketing Manager,"2 projects, 1 internships",Product Manager
Undergraduate,Electronics & Communication,"Mathematics,Physics Lab,Python,AWS",Technology,VLSI Design Engineer,"2 projects, 0 internships",Embedded Systems Engineer
Undergraduate,Business/BBA,"Business Strategy,Project Management,Sales,Product Management",Entrepreneurship,Product Manager,"0 projects, 1 internships",Product Manager
Undergraduate,Science/B.Sc,"Data Visualization,Pandas,Statistics,SQL,Python,Data Analytics","Business,Technology",Data Scientist,"0 projects, 0 internships",Data Analyst
Undergraduate,Business/BBA,"Public Speaking,Sales,Product Management,Communication,SEO","Entrepreneurship,Business",Marketing Manager,"1 projects, 0 internships",Product Manager
Undergraduate,Law/LLB,"Leadership,Public Speaking,Communication",Social Impact,Patent Attorney,"0 projects, 1 internships",Corporate Lawyer
Undergraduate,Business/BBA,"Leadership,Marketing,Public Speaking",Management,Product Manager,"1 projects, 0 internships",Product Manager
Undergraduate,Computer Science,"React,JavaScript,HTML","Business,AI/ML,Technology",AI/ML Engineer,"0 projects, 0 internships",Software Engineer
Undergraduate,Computer Science,"Git,HTML,Java","Technology,Business,AI/ML",Software Engineer,"2 projects, 0 internships",Software Engineer
Undergraduate,Business/BBA,"Product Management,Leadership,Business Strategy,Marketing","Management,Business,Entrepreneurship",Product Manager,"1 projects, 1 internships",Product Manager
Undergraduate,Law/LLB,"Legal Writing,Constitutional Law,Public Speaking,Law,Leadership,Technical Writing","Government Jobs,Law,Social Impact",Patent Attorney,"2 projects, 1 internships",Corporate Lawyer
Undergraduate,Commerce/B.Com,"Financial Accounting,Time Management,Communication,Taxation,Data Analytics,Economics","Business,Finance",Unknown Career,"0 projects, 1 internships",Chartered Accountant
Undergraduate,Business/BBA,"Sales,Leadership,Business Strategy,Marketing,Product Management","Management,Media",Marketing Manager,"2 projects, 1 internships",Product Manager
Undergraduate,Computer Science,"Algorithms,Data Structures,Java,Python","Technology,Business,AI/ML",AI/ML Engineer,"0 projects, 1 internships",Software Engineer
Undergraduate,Law/LLB,"Technical Writing,Public Speaking,Negotiation,Legal Writing,Constitutional Law","Government Jobs,Law,Social Impact",Patent Attorney,"0 projects, 1 internships",Corporate Lawyer
Class 12,PCM Stream,"Python,Writing,Communication",Engineering,Defense Officer (Army/Navy/Air Force),"1 projects, 1 internships",Civil Servant (IAS/IPS)
Class 12,PCM Stream,"Problem Solving,Physics Lab,Communication,Chemistry Lab,Mathematics","Defence,Government Jobs",Civil Servant (IAS/IPS),"1 projects, 1 internships",Civil Servant (IAS/IPS)
Undergraduate,Business/BBA,"Project Management,Sales,Marketing,Product Management","Entrepreneurship,Media,Management",Brand Strategist,"1 projects, 1 internships",Product Manager
Undergraduate,Business/BBA,"Product Management,Public Speaking,Marketing,Project Management,Business Strategy,Sales",Media,Management Consultant,"2 projects, 0 internships",Product Manager
Undergraduate,Science/B.Sc,"Python,Statistics,Data Visualization,Pandas","Technology,Business,Finance",Actuarial Analyst,"1 projects, 0 internships",Data Analyst
Class 12,PCM Stream,"Writing,Mathematics,Problem Solving","Defence,Engineering,Research",Defense Officer (Army/Navy/Air Force),"0 projects, 0 internships",Civil Servant (IAS/IPS)
Undergraduate,Business/BBA,"Product Management,Communication,Sales,Leadership,Project Management,Marketing","Management,Media,Entrepreneurship",Marketing Manager,"0 projects, 0 internships",Product Manager
Undergraduate,Electronics & Communication,"AWS,Docker,C++,Linear Algebra","Technology,Research",VLSI Design Engineer,"2 projects, 0 internships",Embedded Systems Engineer
Class 12,PCM Stream,"Problem Solving,Mathematics,Python,Chemistry Lab,Communication,Writing","Research,Defence,Government Jobs",Defense Officer (Army/Navy/Air Force),"2 projects, 1 internships",Civil Servant (IAS/IPS)
Undergraduate,Law/LLB,"Legal Writing,Communication,Negotiation,Law",Social Impact,Criminal Defense Lawyer,"2 projects, 0 internships",Corporate Lawyer
Undergraduate,Law/LLB,"Legal Writing,Public Speaking,Communication,Constitutional Law,Leadership","Law,Government Jobs,Social Impact",Public Prosecutor,"2 projects, 1 internships",Corporate Lawyer
Undergraduate,Electronics & Communication,"Physics Lab,Python,Kubernetes,Data Structures,C++,Figma","Research,Engineering",VLSI Design Engineer,"0 projects, 0 internships",Embedded Systems Engineer
Undergraduate,Science/B.Sc,"Data Visualization,Communication,Pandas,Statistics,SQL","Finance,Business",Actuarial Analyst,"2 projects, 1 internships",Data Analyst
Undergraduate,Science/B.Sc,"NumPy,Python,Mathematics","Research,Business",Data Scientist,"2 projects, 1 internships",Data Analyst
Undergraduate,Business/BBA,"Sales,Leadership,Marketing,Communication","Media,Management,Entrepreneurship",Product Manager,"1 projects, 1 internships",Product Manager
Class 12,PCM Stream,"Python,Communication,Chemistry Lab,Physics Lab",Engineering,Research Scientist,"1 projects, 0 internships",Civil Servant (IAS/IPS)
Undergraduate,Electronics & Communication,"AWS,Kubernetes,Docker,Physics Lab,Python","Engineering,Technology,Research",Network Security Engineer,"0 projects, 1 internships",Embedded Systems Engineer
Undergraduate,Computer Science,"Data Structures,REST APIs,CSS,C++,SQL,JavaScript",Technology,Data Scientist,"1 projects, 0 internships",Software Engineer
Undergraduate,Science/B.Sc,"Data Analytics,Python,Mathematics","Technology,Finance",Data Scientist,"2 projects, 0 internships",Data Analyst
Undergraduate,Commerce/B.Com,"Scrum,Problem Solving,Data Analytics,Economics","Government Jobs,Finance",Unknown Career,"2 projects, 1 internships",Chartered Accountant
Undergraduate,Commerce/B.Com,"Financial Accounting,Data Analytics,Problem Solving,Communication,Economics","Finance,Government Jobs",Chartered Accountant,"2 projects, 1 internships",Chartered Accountant
Undergraduate,Electronics & Communication,"Python,Mathematics,Figma",Research,IoT Systems Architect,"2 projects, 1 internships",Embedded Systems Engineer
Undergraduate,Commerce/B.Com,"Data Analytics,Financial Accounting,Taxation",Government Jobs,Investment Banker,"1 projects, 1 internships",Chartered Accountant
Undergraduate,Science/B.Sc,"Data Visualization,SQL,Python","Technology,Finance,Business",Actuarial Analyst,"2 projects, 0 internships",Data Analyst
Undergraduate,Law/LLB,"Public Speaking,Negotiation,Constitutional Law",Social Impact,Criminal Defense Lawyer,"1 projects, 1 internships",Corporate Lawyer
Undergraduate,Electronics & Communication,"C++,Mathematics,Kubernetes,Physics Lab,Linear Algebra","Engineering,Research",Network Security Engineer,"2 projects, 0 internships",Embedded Systems Engineer
Undergraduate,Electronics & Communication,"Docker,Data Structures,Physics Lab,AWS","Technology,Research",Embedded Systems Engineer,"0 projects, 0 internships",Embedded Systems Engineer
Class 12,PCM Stream,"Python,Physics Lab,Mathematics,Problem Solving,Communication,Writing",Government Jobs,High School Physics Teacher,"1 projects, 1 internships",Civil Servant (IAS/IPS)
Undergraduate,Commerce/B.Com,"Financial Accounting,SQL,Communication,Scrum,Problem Solving","Finance,Government Jobs",Investment Banker,"2 projects, 1 internships",Chartered Accountant
Undergraduate,Electronics & Communication,"AWS,C++,Linear Algebra,Figma,Physics Lab","Technology,Engineering,Research",Embedded Systems Engineer,"0 projects, 1 internships",Embedded Systems Engineer
Undergraduate,Computer Science,"Node.js,HTML,Git,CSS,Algorithms",Technology,Software Engineer,"1 projects, 1 internships",Software Engineer
Undergraduate,Computer Science,"HTML,Data Structures,Python,React,CSS,SQL",Business,DevOps Engineer,"1 projects, 1 internships",Software Engineer
Undergraduate,Law/LLB,"Leadership,Law,Negotiation,Legal Writing,Technical Writing","Law,Social Impact,Government Jobs",Patent Attorney,"1 projects, 0 internships",Corporate Lawyer
Undergraduate,Electronics & Communication,"Mathematics,C++,Data Structures,Python","Engineering,Research",Embedded Systems Engineer,"0 projects, 1 internships",Embedded Systems Engineer
Undergraduate,Computer Science,"Node.js,CSS,Java","Technology,Business,AI/ML",Software Engineer,"0 projects, 0 internships",Software Engineer
Undergraduate,Commerce/B.Com,"Communication,Problem Solving,SQL,Financial Accounting,Data Analytics","Finance,Government Jobs,Business",Unknown Career,"0 projects, 1 internships",Chartered Accountant
Undergraduate,Science/B.Sc,"NumPy,Data Visualization,Pandas","Finance,Technology,Business",Financial Risk Analyst,"2 projects, 1 internships",Data Analyst
Undergraduate,Commerce/B.Com,"Economics,Scrum,Problem Solving,Communication,Data Analytics,Time Management","Government Jobs,Finance",Financial Consultant,"2 projects, 1 internships",Chartered Accountant
Undergraduate,Computer Science,"Node.js,Git,Java,SQL,Data Structures","AI/ML,Business",DevOps Engineer,"1 projects, 0 internships",Software Engineer
Undergraduate,Science/B.Sc,"SQL,Data Analytics,Data Visualization","Technology,Business",Data Analyst,"1 projects, 0 internships",Data Analyst
Undergraduate,Commerce/B.Com,"SQL,Economics,Communication,Data Analytics,Scrum","Government Jobs,Finance",Chartered Accountant,"2 projects, 1 internships",Chartered Accountant
Undergraduate,Science/B.Sc,"Communication,SQL,Data Visualization,Data Analytics,Pandas,NumPy",Finance,Actuarial Analyst,"0 projects, 0 internships",Data Analyst
Class 12,PCM Stream,"Communication,Problem Solving,Mathematics",Engineering,Civil Servant (IAS/IPS),"2 projects, 0 internships",Civil Servant (IAS/IPS)
Class 12,PCM Stream,"Python,Problem Solving,Physics Lab,Chemistry Lab",Research,Defense Officer (Army/Navy/Air Force),"2 projects, 0 internships",Civil Servant (IAS/IPS)
Undergraduate,Computer Science,"SQL,Java,React,JavaScript","AI/ML,Technology",AI/ML Engineer,"2 projects, 1 internships",Software Engineer
Undergraduate,Commerce/B.Com,"Problem Solving,Financial Accounting,SQL,Economics,Taxation","Business,Government Jobs,Finance",Unknown Career,"2 projects, 0 internships",Chartered Accountant
Undergraduate,Electronics & Communication,"AWS,C++,Linear Algebra,Docker,Kubernetes","Engineering,Research,Technology",VLSI Design Engineer,"1 projects, 0 internships",Embedded Systems Engineer
Undergraduate,Commerce/B.Com,"Data Analytics,SQL,Financial Accounting,Taxation,Time Management,Communication","Business,Government Jobs,Finance",Financial Consultant,"1 projects, 0 internships",Chartered Accountant
Undergraduate,Computer Science,"Python,Node.js,Git,Algorithms","Business,AI/ML,Technology",Software Engineer,"0 projects, 1 internships",Software Engineer
Undergraduate,Commerce/B.Com,"Problem Solving,Communication,Time Management,Scrum",Finance,Chartered Accountant,"1 projects, 0 internships",Chartered Accountant
Undergraduate,Law/LLB,"Law,Leadership,Communication,Legal Writing,Negotiation,Technical Writing","Social Impact,Law,Government Jobs",Public Prosecutor,"0 projects, 1 internships",Corporate Lawyer
Undergraduate,Business/BBA,"Public Speaking,SEO,Marketing,Business Strategy,Leadership",Business,Management Consultant,"1 projects, 0 internships",Product Manager
Undergraduate,Law/LLB,"Constitutional Law,Communication,Legal Writing,Public Speaking,Negotiation,Technical Writing","Law,Social Impact",Public Prosecutor,"2 projects, 0 internships",Corporate Lawyer
Undergraduate,Business/BBA,"Project Management,Business Strategy,Product Management,Sales,Marketing,Communication",Management,Brand Strategist,"2 projects, 0 internships",Product Manager
Class 12,PCM Stream,"Problem Solving,Writing,Communication,Mathematics,Physics Lab",Engineering,High School Physics Teacher,"2 projects, 0 internships",Civil Servant (IAS/IPS)
Undergraduate,Science/B.Sc,"Mathematics,Pandas,Data Visualization,Python,SQL","Research,Finance",Actuarial Analyst,"0 projects, 1 internships",Data Analyst
Undergraduate,Law/LLB,"Legal Writing,Negotiation,Technical Writing","Social Impact,Government Jobs",Criminal Defense Lawyer,"2 projects, 1 internships",Corporate Lawyer
Undergraduate,Law/LLB,"Negotiation,Technical Writing,Communication,Leadership,Law,Public Speaking","Social Impact,Government Jobs",Corporate Lawyer,"0 projects, 1 internships",Corporate Lawyer
Undergraduate,Science/B.Sc,"Data Visualization,Pandas,Data Analytics,SQL",Technology,Actuarial Analyst,"2 projects, 1 internships",Data Analyst
Undergraduate,Commerce/B.Com,"SQL,Time Management,Taxation",Business,Chartered Accountant,"0 projects, 1 internships",Chartered Accountant
Undergraduate,Law/LLB,"Public Speaking,Leadership,Constitutional Law,Negotiation",Law,Public Prosecutor,"1 projects, 1 internships",Corporate Lawyer
Undergraduate,Computer Science,"Node.js,SQL,Java,Python,C++","Technology,Business",Cloud Architect,"0 projects, 0 internships",Software Engineer
Undergraduate,Commerce/B.Com,"Financial Accounting,Communication,Taxation,Data Analytics,Problem Solving,Economics","Finance,Government Jobs,Business",Chartered Accountant,"1 projects, 1 internships",Chartered Accountant
Undergraduate,Law/LLB,"Constitutional Law,Leadership,Legal Writing,Public Speaking,Technical Writing,Negotiation",Social Impact,Criminal Defense Lawyer,"1 projects, 1 internships",Corporate Lawyer
Undergraduate,Computer Science,"JavaScript,Node.js,REST APIs,Data Structures,C++,SQL","Technology,AI/ML,Business",DevOps Engineer,"2 projects, 0 internships",Software Engineer
Class 12,PCM Stream,"Communication,Physics Lab,Problem Solving,Chemistry Lab,Writing","Research,Defence,Government Jobs",Research Scientist,"1 projects, 0 internships",Civil Servant (IAS/IPS)
Undergraduate,Law/LLB,"Communication,Negotiation,Public Speaking,Technical Writing",Social Impact,Public Prosecutor,"0 projects, 1 internships",Corporate Lawyer
Undergraduate,Business/BBA,"Communication,Business Strategy,SEO,Product Management,Project Management","Entrepreneurship,Media,Business",Marketing Manager,"0 projects, 0 internships",Product Manager
Undergraduate,Computer Science,"Java,Node.js,HTML,Python,Algorithms,REST APIs","AI/ML,Technology,Business",Data Scientist,"1 projects, 1 internships",Software Engineer
Undergraduate,Commerce/B.Com,"Communication,Scrum,Problem Solving","Business,Finance,Government Jobs",Unknown Career,"1 projects, 0 internships",Chartered Accountant
Undergraduate,Computer Science,"CSS,React,C++,JavaScript,REST APIs","AI/ML,Technology",DevOps Engineer,"0 projects, 1 internships",Software Engineer
Class 12,PCM Stream,"Python,Writing,Communication,Mathematics","Defence,Government Jobs,Research",Civil Servant (IAS/IPS),"1 projects, 1 internships",Civil Servant (IAS/IPS)
Undergraduate,Law/LLB,"Communication,Legal Writing,Leadership,Technical Writing,Law,Negotiation","Government Jobs,Law,Social Impact",Criminal Defense Lawyer,"2 projects, 0 internships",Corporate Lawyer
Undergraduate,Science/B.Sc,"Data Visualization,NumPy,Mathematics","Finance,Business,Research",Financial Risk Analyst,"2 projects, 0 internships",Data Analyst
Undergraduate,Law/LLB,"Constitutional Law,Technical Writing,Public Speaking","Law,Government Jobs",Public Prosecutor,"1 projects, 0 internships",Corporate Lawyer
Undergraduate,Electronics & Communication,"Mathematics,C++,Python,Physics Lab,Data Structures,Kubernetes","Research,Technology,Engineering",Embedded Systems Engineer,"1 projects, 0 internships",Embedded Systems Engineer
Undergraduate,Law/LLB,"Law,Leadership,Negotiation","Law,Government Jobs",Public Prosecutor,"2 projects, 0 internships",Corporate Lawyer
Undergraduate,Law/LLB,"Constitutional Law,Public Speaking,Negotiation,Communication,Technical Writing",Government Jobs,Patent Attorney,"0 projects, 1 internships",Corporate Lawyer
Undergraduate,Electronics & Communication,"Data Structures,Docker,Figma,C++,Mathematics,Kubernetes","Technology,Research,Engineering",Embedded Systems Engineer,"2 projects, 1 internships",Embedded Systems Engineer
Undergraduate,Commerce/B.Com,"Economics,Financial Accounting,Problem Solving,Scrum,SQL,Time Management",Business,Chartered Accountant,"2 projects, 1 internships",Chartered Accountant
Undergraduate,Electronics & Communication,"Mathematics,AWS,Python",Technology,Embedded Systems Engineer,"0 projects, 0 internships",Embedded Systems Engineer
Undergraduate,Law/LLB,"Technical Writing,Communication,Law,Leadership,Constitutional Law",Government Jobs,Public Prosecutor,"1 projects, 1 internships",Corporate Lawyer
Undergraduate,Computer Science,"Data Structures,CSS,Java,Git,C++,HTML","Technology,AI/ML,Business",Software Engineer,"2 projects, 1 internships",Software Engineer
Undergraduate,Electronics & Communication,"Figma,Linear Algebra,Mathematics,Python,Physics Lab","Technology,Engineering,Research",VLSI Design Engineer,"1 projects, 0 internships",Embedded Systems Engineer
Undergraduate,Science/B.Sc,"Pandas,Mathematics,Data Visualization,NumPy,Python,SQL","Research,Technology,Finance",Data Scientist,"0 projects, 1 internships",Data Analyst
Undergraduate,Commerce/B.Com,"Taxation,Problem Solving,SQL,Data Analytics","Finance,Government Jobs,Business",Chartered Accountant,"1 projects, 1 internships",Chartered Accountant
Undergraduate,Business/BBA,"Project Management,Product Management,Leadership,Marketing",Management,Marketing Manager,"0 projects, 0 internships",Product Manager
Undergraduate,Law/LLB,"Negotiation,Technical Writing,Law",Government Jobs,Patent Attorney,"2 projects, 1 internships",Corporate Lawyer
Undergraduate,Science/B.Sc,"Python,Statistics,Data Analytics,Communication,Mathematics","Technology,Research,Business",Actuarial Analyst,"1 projects, 1 internships",Data Analyst
Undergraduate,Science/B.Sc,"Data Visualization,Mathematics,Statistics","Business,Technology",Financial Risk Analyst,"1 projects, 1 internships",Data Analyst
Undergraduate,Business/BBA,"Business Strategy,Public Speaking,Sales,Project Management,Marketing,Leadership","Media,Management,Business",Brand Strategist,"1 projects, 0 internships",Product Manager
Undergraduate,Business/BBA,"SEO,Project Management,Public Speaking",Media,Product Manager,"0 projects, 1 internships",Product Manager
Undergraduate,Business/BBA,"Public Speaking,Marketing,Product Management,Sales,Leadership,SEO","Business,Entrepreneurship,Management",Product Manager,"0 projects, 0 internships",Product Manager
Undergraduate,Business/BBA,"Business Strategy,Public Speaking,Communication,Sales","Management,Media,Entrepreneurship",Marketing Manager,"2 projects, 1 internships",Product Manager
Undergraduate,Science/B.Sc,"Pandas,Data Analytics,Data Visualization,SQL,Mathematics",Research,Financial Risk Analyst,"0 projects, 0 internships",Data Analyst
Undergraduate,Commerce/B.Com,"Taxation,Economics,Time Management",Government Jobs,Chartered Accountant,"2 projects, 0 internships",Chartered Accountant
Undergraduate,Business/BBA,"Business Strategy,Marketing,Leadership,Project Management,Sales,SEO","Media,Management,Entrepreneurship",Brand Strategist,"2 projects, 1 internships",Product Manager
Class 12,PCM Stream,"Physics Lab,Mathematics,Chemistry Lab","Defence,Research,Government Jobs",Civil Servant (IAS/IPS),"2 projects, 0 internships",Civil Servant (IAS/IPS)
Undergraduate,Electronics & Communication,"AWS,Data Structures,Mathematics,Python,C++","Technology,Research",IoT Systems Architect,"0 projects, 1 internships",Embedded Systems Engineer
Undergraduate,Business/BBA,"Marketing,Business Strategy,Project Management,Public Speaking,Communication","Business,Entrepreneurship",Product Manager,"2 projects, 1 internships",Product Manager
Class 12,PCM Stream,"Communication,Writing,Python","Government Jobs,Engineering",High School Physics Teacher,"1 projects, 1 internships",Civil Servant (IAS/IPS)
Undergraduate,Electronics & Communication,"Kubernetes,Python,Mathematics,Physics Lab,Docker",Engineering,Network Security Engineer,"0 projects, 0 internships",Embedded Systems Engineer
Undergraduate,Business/BBA,"SEO,Business Strategy,Leadership","Management,Media",Brand Strategist,"2 projects, 0 internships",Product Manager
Undergraduate,Law/LLB,"Negotiation,Legal Writing,Constitutional Law,Communication,Technical Writing,Leadership","Government Jobs,Law",Corporate Lawyer,"0 projects, 0 internships",Corporate Lawyer
Undergraduate,Science/B.Sc,"Pandas,Data Analytics,Statistics",Research,Data Scientist,"1 projects, 0 internships",Data Analyst
Undergraduate,Commerce/B.Com,"Time Management,Taxation,Financial Accounting","Government Jobs,Business,Finance",Chartered Accountant,"2 projects, 0 internships",Chartered Accountant
Undergraduate,Electronics & Communication,"Mathematics,Python,Physics Lab,Linear Algebra","Technology,Engineering,Research",IoT Systems Architect,"2 projects, 1 internships",Embedded Systems Engineer
Undergraduate,Computer Science,"JavaScript,CSS,C++,HTML,Java",Technology,Software Engineer,"1 projects, 1 internships",Software Engineer
Undergraduate,Commerce/B.Com,"Financial Accounting,Economics,Taxation,Time Management",Finance,Unknown Career,"2 projects, 0 internships",Chartered Accountant
Undergraduate,Computer Science,"Java,Git,HTML,Node.js,React,CSS",Business,Data Scientist,"2 projects, 0 internships",Software Engineer
Class 12,PCM Stream,"Python,Physics Lab,Mathematics,Communication,Problem Solving",Government Jobs,Research Scientist,"1 projects, 1 internships",Civil Servant (IAS/IPS)
Undergraduate,Electronics & Communication,"Linear Algebra,Figma,Kubernetes,Docker,C++,Data Structures","Research,Technology",IoT Systems Architect,"1 projects, 0 internships",Embedded Systems Engineer
Undergraduate,Computer Science,"SQL,Python,Node.js,Data Structures,Java,Algorithms","Business,AI/ML,Technology",Software Engineer,"1 projects, 0 internships",Software Engineer
Undergraduate,Computer Science,"Data Structures,C++,Git,Algorithms",AI/ML,DevOps Engineer,"1 projects, 0 internships",Software Engineer
Undergraduate,Law/LLB,"Legal Writing,Public Speaking,Law,Negotiation,Leadership,Constitutional Law",Government Jobs,Criminal Defense Lawyer,"2 projects, 1 internships",Corporate Lawyer
Undergraduate,Commerce/B.Com,"Financial Accounting,Taxation,Time Management,Economics",Business,Chartered Accountant,"0 projects, 1 internships",Chartered Accountant
Undergraduate,Computer Science,"HTML,Node.js,SQL","Business,AI/ML",Data Scientist,"1 projects, 1 internships",Software Engineer
Undergraduate,Computer Science,"HTML,Node.js,Git,Java,Data Structures,C++","Business,Technology,AI/ML",DevOps Engineer,"2 projects, 0 internships",Software Engineer
Undergraduate,Business/BBA,"Business Strategy,Sales,Public Speaking","Entrepreneurship,Business",Management Consultant,"1 projects, 0 internships",Product Manager
Undergraduate,Commerce/B.Com,"Communication,Scrum,SQL,Data Analytics","Government Jobs,Business",Financial Consultant,"1 projects, 1 internships",Chartered Accountant
Undergraduate,Science/B.Sc,"Data Visualization,Python,NumPy,Statistics,Communication,Pandas",Finance,Actuarial Analyst,"0 projects, 1 internships",Data Analyst
Undergraduate,Computer Science,"C++,React,Data Structures,Node.js,Java","Business,AI/ML",Cloud Architect,"0 projects, 1 internships",Software Engineer
Undergraduate,Computer Science,"Algorithms,HTML,Node.js,Data Structures,CSS","AI/ML,Business,Technology",Cloud Architect,"1 projects, 0 internships",Software Engineer
Undergraduate,Computer Science,"HTML,CSS,Python","AI/ML,Business",Software Engineer,"1 projects, 0 internships",Software Engineer
Undergraduate,Electronics & Communication,"Docker,Kubernetes,Physics Lab,Data Structures,AWS","Engineering,Technology",Embedded Systems Engineer,"2 projects, 0 internships",Embedded Systems Engineer
Undergraduate,Business/BBA,"SEO,Leadership,Public Speaking,Product Management,Business Strategy","Media,Entrepreneurship",Brand Strategist,"0 projects, 0 internships",Product Manager
Undergraduate,Law/LLB,"Communication,Public Speaking,Negotiation,Law","Law,Social Impact",Corporate Lawyer,"0 projects, 0 internships",Corporate Lawyer
Undergraduate,Science/B.Sc,"Mathematics,Data Analytics,Pandas,Communication","Research,Technology,Business",Actuarial Analyst,"0 projects, 0 internships",Data Analyst
Undergraduate,Science/B.Sc,"Data Visualization,Communication,NumPy,Pandas",Business,Actuarial Analyst,"1 projects, 0 internships",Data Analyst
Undergraduate,Electronics & Communication,"Kubernetes,Docker,AWS,Physics Lab,Data Structures","Engineering,Technology,Research",VLSI Design Engineer,"0 projects, 1 internships",Embedded Systems Engineer
Undergraduate,Law/LLB,"Technical Writing,Constitutional Law,Legal Writing,Communication","Law,Government Jobs,Social Impact",Patent Attorney,"0 projects, 1 internships",Corporate Lawyer
Undergraduate,Electronics & Communication,"C++,Linear Algebra,AWS,Docker,Figma",Technology,Embedded Systems Engineer,"1 projects, 0 internships",Embedded Systems Engineer
Undergraduate,Science/B.Sc,"Mathematics,Data Visualization,Python,Data Analytics,Pandas,NumPy",Finance,Data Analyst,"1 projects, 0 internships",Data Analyst
Class 12,PCM Stream,"Physics Lab,Writing,Problem Solving,Mathematics,Communication","Engineering,Research,Defence",Defense Officer (Army/Navy/Air Force),"2 projects, 1 internships",Civil Servant (IAS/IPS)
Class 12,PCM Stream,"Python,Communication,Problem Solving","Engineering,Government Jobs",Civil Servant (IAS/IPS),"0 projects, 1 internships",Civil Servant (IAS/IPS)
Undergraduate,Commerce/B.Com,"Problem Solving,Financial Accounting,Communication,Time Management,Scrum","Government Jobs,Finance",Chartered Accountant,"2 projects, 1 internships",Chartered Accountant
Undergraduate,Business/BBA,"Sales,Leadership,Product Management,SEO","Management,Business,Media",Brand Strategist,"2 projects, 1 internships",Product Manager
Undergraduate,Law/LLB,"Communication,Negotiation,Legal Writing,Constitutional Law,Public Speaking",Social Impact,Public Prosecutor,"0 projects, 0 internships",Corporate Lawyer
Undergraduate,Business/BBA,"SEO,Product Management,Sales,Project Management,Communication","Business,Management",Brand Strategist,"2 projects, 0 internships",Product Manager
Class 12,PCM Stream,"Problem Solving,Python,Physics Lab,Communication,Chemistry Lab","Engineering,Defence",Civil Servant (IAS/IPS),"1 projects, 0 internships",Civil Servant (IAS/IPS)
Undergraduate,Business/BBA,"Marketing,Project Management,Leadership,Business Strategy","Management,Media,Entrepreneurship",Marketing Manager,"0 projects, 1 internships",Product Manager
Undergraduate,Law/LLB,"Law,Constitutional Law,Technical Writing,Leadership",Government Jobs,Public Prosecutor,"0 projects, 1 internships",Corporate Lawyer
Undergraduate,Law/LLB,"Leadership,Technical Writing,Negotiation,Legal Writing,Communication,Constitutional Law","Government Jobs,Social Impact,Law",Criminal Defense Lawyer,"0 projects, 1 internships",Corporate Lawyer
Class 12,PCM Stream,"Mathematics,Physics Lab,Python,Chemistry Lab,Writing","Defence,Engineering,Government Jobs",Research Scientist,"2 projects, 1 internships",Civil Servant (IAS/IPS)
Undergraduate,Law/LLB,"Constitutional Law,Communication,Public Speaking,Negotiation,Law,Technical Writing","Law,Government Jobs,Social Impact",Public Prosecutor,"2 projects, 1 internships",Corporate Lawyer
Undergraduate,Electronics & Communication,"Mathematics,Figma,Physics Lab,Kubernetes,AWS","Engineering,Research,Technology",Network Security Engineer,"2 projects, 0 internships",Embedded Systems Engineer
Undergraduate,Law/LLB,"Negotiation,Legal Writing,Law,Constitutional Law,Public Speaking",Social Impact,Criminal Defense Lawyer,"2 projects, 0 internships",Corporate Lawyer
Undergraduate,Electronics & Communication,"Physics Lab,C++,Kubernetes,Docker,Data Structures,AWS",Technology,Network Security Engineer,"2 projects, 1 internships",Embedded Systems Engineer
Undergraduate,Computer Science,"Algorithms,React,Node.js","AI/ML,Technology,Business",Cloud Architect,"2 projects, 1 internships",Software Engineer
Undergraduate,Science/B.Sc,"Data Visualization,Mathematics,Pandas,Data Analytics","Research,Finance,Technology",Data Scientist,"2 projects, 0 internships",Data Analyst
Undergraduate,Computer Science,"Data Structures,Python,Git","AI/ML,Technology,Business",AI/ML Engineer,"0 projects, 1 internships",Software Engineer
Undergraduate,Law/LLB,"Legal Writing,Constitutional Law,Negotiation,Technical Writing",Government Jobs,Patent Attorney,"2 projects, 0 internships",Corporate Lawyer
Undergraduate,Electronics & Communication,"Physics Lab,Docker,Figma","Technology,Engineering",Embedded Systems Engineer,"1 projects, 0 internships",Embedded Systems Engineer
Undergraduate,Electronics & Communication,"C++,Docker,Linear Algebra,Kubernetes,Physics Lab",Technology,IoT Systems Architect,"1 projects, 0 internships",Embedded Systems Engineer
Undergraduate,Computer Science,"CSS,C++,React,Git","Technology,AI/ML",Software Engineer,"2 projects, 0 internships",Software Engineer
Undergraduate,Law/LLB,"Law,Technical Writing,Constitutional Law,Public Speaking,Communication,Legal Writing","Law,Social Impact,Government Jobs",Criminal Defense Lawyer,"0 projects, 1 internships",Corporate Lawyer
Undergraduate,Electronics & Communication,"C++,Physics Lab,Data Structures,Python,Mathematics",Research,VLSI Design Engineer,"1 projects, 1 internships",Embedded Systems Engineer
Undergraduate,Science/B.Sc,"Communication,Mathematics,Statistics,Data Analytics,Data Visualization","Research,Business",Data Scientist,"1 projects, 0 internships",Data Analyst
Class 12,PCM Stream,"Physics Lab,Problem Solving,Python","Research,Defence,Government Jobs",High School Physics Teacher,"1 projects, 0 internships",Civil Servant (IAS/IPS)
Undergraduate,Computer Science,"React,SQL,Python","Technology,AI/ML",Software Engineer,"0 projects, 1 internships",Software Engineer
Undergraduate,Computer Science,"C++,SQL,Node.js,JavaScript,Java,Algorithms","Technology,AI/ML,Business",AI/ML Engineer,"0 projects, 1 internships",Software Engineer
Undergraduate,Business/BBA,"Marketing,Sales,Project Management","Management,Media,Business",Brand Strategist,"2 projects, 1 internships",Product Manager
Undergraduate,Business/BBA,"Business Strategy,Marketing,Project Management,Leadership,SEO,Sales","Management,Entrepreneurship",Marketing Manager,"2 projects, 1 internships",Product Manager
Undergraduate,Science/B.Sc,"NumPy,Python,Data Analytics,SQL",Business,Financial Risk Analyst,"2 projects, 1 internships",Data Analyst
Undergraduate,Science/B.Sc,"NumPy,SQL,Mathematics,Pandas",Business,Data Scientist,"1 projects, 1 internships",Data Analyst
Undergraduate,Computer Science,"SQL,Node.js,Data Structures,Python","Technology,AI/ML",Software Engineer,"1 projects, 1 internships",Software Engineer
Undergraduate,Commerce/B.Com,"Financial Accounting,Taxation,Data Analytics",Business,Unknown Career,"1 projects, 1 internships",Chartered Accountant
Undergraduate,Law/LLB,"Communication,Constitutional Law,Law,Leadership,Technical Writing","Law,Social Impact,Government Jobs",Public Prosecutor,"0 projects, 1 internships",Corporate Lawyer
Undergraduate,Electronics & Communication,"C++,Docker,Figma,AWS","Engineering,Technology,Research",Network Security Engineer,"2 projects, 1 internships",Embedded Systems Engineer
Undergraduate,Business/BBA,"SEO,Marketing,Business Strategy,Public Speaking",Management,Product Manager,"0 projects, 0 internships",Product Manager
Undergraduate,Commerce/B.Com,"Time Management,Communication,Economics",Government Jobs,Financial Consultant,"1 projects, 0 internships",Chartered Accountant
Undergraduate,Computer Science,"CSS,Java,Node.js,Algorithms","AI/ML,Business,Technology",AI/ML Engineer,"2 projects, 1 internships",Software Engineer
Undergraduate,Science/B.Sc,"Python,Pandas,Communication,Data Visualization","Business,Technology,Research",Data Analyst,"0 projects, 0 internships",Data Analyst
Undergraduate,Commerce/B.Com,"SQL,Communication,Scrum,Taxation,Economics","Finance,Business,Government Jobs",Investment Banker,"2 projects, 1 internships",Chartered Accountant
Class 12,PCM Stream,"Mathematics,Python,Chemistry Lab,Writing","Government Jobs,Defence",Research Scientist,"0 projects, 0 internships",Civil Servant (IAS/IPS)
Undergraduate,Computer Science,"REST APIs,Algorithms,Git,Java,Node.js","Technology,AI/ML,Business",Software Engineer,"0 projects, 0 internships",Software Engineer
Undergraduate,Computer Science,"Python,Node.js,React","AI/ML,Technology,Business",Data Scientist,"0 projects, 0 internships",Software Engineer
Undergraduate,Electronics & Communication,"C++,Python,Figma,AWS,Physics Lab,Kubernetes",Engineering,Embedded Systems Engineer,"0 projects, 1 internships",Embedded Systems Engineer
Undergraduate,Science/B.Sc,"Data Analytics,Communication,NumPy","Research,Technology,Finance",Actuarial Analyst,"2 projects, 1 internships",Data Analyst
Undergraduate,Science/B.Sc,"SQL,Data Visualization,Data Analytics",Business,Actuarial Analyst,"1 projects, 0 internships",Data Analyst
Class 12,PCM Stream,"Mathematics,Chemistry Lab,Physics Lab,Problem Solving,Communication,Writing",Research,Defense Officer (Army/Navy/Air Force),"0 projects, 0 internships",Civil Servant (IAS/IPS)
Class 12,PCM Stream,"Writing,Communication,Problem Solving,Physics Lab",Engineering,Research Scientist,"2 projects, 1 internships",Civil Servant (IAS/IPS)
Undergraduate,Electronics & Communication,"Python,Data Structures,C++,Mathematics",Technology,Embedded Systems Engineer,"2 projects, 0 internships",Embedded Systems Engineer
Undergraduate,Commerce/B.Com,"Scrum,Time Management,Problem Solving,Communication,Data Analytics,Taxation","Finance,Business",Unknown Career,"1 projects, 1 internships",Chartered Accountant
Undergraduate,Law/LLB,"Legal Writing,Communication,Constitutional Law,Technical Writing","Social Impact,Law",Public Prosecutor,"2 projects, 1 internships",Corporate Lawyer
Undergraduate,Computer Science,"C++,Java,Python,CSS,HTML","AI/ML,Business,Technology",Cloud Architect,"0 projects, 0 internships",Software Engineer
Undergraduate,Business/BBA,"Product Management,Project Management,Marketing,Public Speaking,Leadership,Communication","Business,Media,Management",Marketing Manager,"1 projects, 0 internships",Product Manager
Undergraduate,Science/B.Sc,"Data Visualization,SQL,Mathematics,Data Analytics,Pandas","Finance,Technology",Actuarial Analyst,"0 projects, 1 internships",Data Analyst
Undergraduate,Electronics & Communication,"Data Structures,AWS,Linear Algebra,C++,Python,Figma","Technology,Research,Engineering",Network Security Engineer,"2 projects, 1 internships",Embedded Systems Engineer
Undergraduate,Business/BBA,"Business Strategy,Project Management,Communication,Sales,Product Management,Marketing",Entrepreneurship,Management Consultant,"2 projects, 1 internships",Product Manager
Undergraduate,Law/LLB,"Constitutional Law,Communication,Leadership","Government Jobs,Law",Public Prosecutor,"2 projects, 1 internships",Corporate Lawyer
Class 12,PCM Stream,"Physics Lab,Communication,Python,Chemistry Lab,Mathematics","Engineering,Government Jobs,Research",Civil Servant (IAS/IPS),"1 projects, 1 internships",Civil Servant (IAS/IPS)
Undergraduate,Law/LLB,"Negotiation,Technical Writing,Legal Writing",Social Impact,Patent Attorney,"0 projects, 1 internships",Corporate Lawyer
Undergraduate,Law/LLB,"Negotiation,Leadership,Constitutional Law",Law,Public Prosecutor,"1 projects, 0 internships",Corporate Lawyer
Class 12,PCM Stream,"Writing,Problem Solving,Communication","Research,Engineering",Civil Servant (IAS/IPS),"2 projects, 0 internships",Civil Servant (IAS/IPS)
Undergraduate,Science/B.Sc,"Data Visualization,SQL,Mathematics","Business,Technology,Research",Actuarial Analyst,"2 projects, 1 internships",Data Analyst
Undergraduate,Business/BBA,"Communication,Leadership,Public Speaking,Marketing","Business,Entrepreneurship",Management Consultant,"2 projects, 1 internships",Product Manager
Undergraduate,Electronics & Communication,"Python,Kubernetes,Physics Lab,Figma,C++",Technology,VLSI Design Engineer,"1 projects, 1 internships",Embedded Systems Engineer
Class 12,PCM Stream,"Mathematics,Physics Lab,Python,Chemistry Lab","Research,Government Jobs,Engineering",Civil Servant (IAS/IPS),"0 projects, 0 internships",Civil Servant (IAS/IPS)
Undergraduate,Computer Science,"Git,REST APIs,Node.js","Business,Technology,AI/ML",Cloud Architect,"2 projects, 1 internships",Software Engineer
Undergraduate,Science/B.Sc,"Statistics,NumPy,Communication,Data Visualization",Business,Data Scientist,"0 projects, 1 internships",Data Analyst
Undergraduate,Science/B.Sc,"Statistics,Mathematics,Data Analytics,Pandas","Technology,Research,Finance",Data Analyst,"2 projects, 0 internships",Data Analyst
Undergraduate,Commerce/B.Com,"Data Analytics,Problem Solving,Time Management,Scrum","Government Jobs,Finance,Business",Unknown Career,"2 projects, 1 internships",Chartered Accountant
Undergraduate,Electronics & Communication,"C++,Kubernetes,Docker,AWS","Research,Technology,Engineering",Network Security Engineer,"2 projects, 1 internships",Embedded Systems Engineer
Undergraduate,Law/LLB,"Communication,Leadership,Legal Writing,Constitutional Law,Public Speaking,Negotiation","Government Jobs,Law",Patent Attorney,"2 projects, 0 internships",Corporate Lawyer
Undergraduate,Business/BBA,"Communication,Project Management,SEO,Leadership,Sales",Media,Product Manager,"1 projects, 1 internships",Product Manager
Undergraduate,Business/BBA,"Product Management,Project Management,Business Strategy,SEO,Marketing","Entrepreneurship,Business",Management Consultant,"1 projects, 0 internships",Product Manager
Class 12,PCM Stream,"Communication,Physics Lab,Mathematics,Writing","Government Jobs,Engineering,Research",Defense Officer (Army/Navy/Air Force),"1 projects, 0 internships",Civil Servant (IAS/IPS)
Undergraduate,Law/LLB,"Law,Technical Writing,Communication,Legal Writing,Leadership,Public Speaking","Social Impact,Law,Government Jobs",Criminal Defense Lawyer,"1 projects, 0 internships",Corporate Lawyer
Undergraduate,Science/B.Sc,"SQL,NumPy,Communication,Data Visualization","Finance,Research",Financial Risk Analyst,"1 projects, 0 internships",Data Analyst
Class 12,PCM Stream,"Problem Solving,Writing,Python,Chemistry Lab,Physics Lab","Defence,Engineering",High School Physics Teacher,"1 projects, 1 internships",Civil Servant (IAS/IPS)
Undergraduate,Commerce/B.Com,"Problem Solving,Financial Accounting,Communication,Economics,SQL","Government Jobs,Business",Unknown Career,"0 projects, 0 internships",Chartered Accountant
Undergraduate,Commerce/B.Com,"Problem Solving,Scrum,Economics","Finance,Business",Chartered Accountant,"1 projects, 1 internships",Chartered Accountant
Undergraduate,Commerce/B.Com,"Time Management,SQL,Data Analytics",Finance,Investment Banker,"2 projects, 0 internships",Chartered Accountant
Undergraduate,Electronics & Communication,"Linear Algebra,Kubernetes,Figma",Research,Embedded Systems Engineer,"2 projects, 0 internships",Embedded Systems Engineer
Undergraduate,Law/LLB,"Public Speaking,Technical Writing,Communication",Law,Public Prosecutor,"2 projects, 1 internships",Corporate Lawyer
Undergraduate,Computer Science,"Node.js,REST APIs,Algorithms","AI/ML,Business",Software Engineer,"0 projects, 0 internships",Software Engineer
Class 12,PCM Stream,"Chemistry Lab,Physics Lab,Communication,Python","Defence,Government Jobs,Research",High School Physics Teacher,"0 projects, 0 internships",Civil Servant (IAS/IPS)
Undergraduate,Electronics & Communication,"C++,AWS,Mathematics,Docker,Linear Algebra,Kubernetes","Technology,Research,Engineering",VLSI Design Engineer,"1 projects, 1 internships",Embedded Systems Engineer
Undergraduate,Business/BBA,"Marketing,Sales,Public Speaking,Leadership,SEO",Media,Marketing Manager,"0 projects, 0 internships",Product Manager
Undergraduate,Electronics & Communication,"Data Structures,Physics Lab,Docker,Mathematics,Linear Algebra","Research,Engineering,Technology",VLSI Design Engineer,"0 projects, 0 internships",Embedded Systems Engineer
Class 12,PCM Stream,"Writing,Physics Lab,Chemistry Lab",Research,Civil Servant (IAS/IPS),"0 projects, 1 internships",Civil Servant (IAS/IPS)
Undergraduate,Business/BBA,"Product Management,Project Management,SEO,Marketing","Business,Media",Marketing Manager,"1 projects, 1 internships",Product Manager
Undergraduate,Computer Science,"Data Structures,JavaScript,Git,Node.js,C++,REST APIs","AI/ML,Business",Data Scientist,"2 projects, 0 internships",Software Engineer
Undergraduate,Commerce/B.Com,"SQL,Financial Accounting,Communication","Government Jobs,Business,Finance",Unknown Career,"1 projects, 0 internships",Chartered Accountant
Class 12,PCM Stream,"Writing,Communication,Chemistry Lab",Government Jobs,Research Scientist,"1 projects, 0 internships",Civil Servant (IAS/IPS)
Undergraduate,Business/BBA,"Business Strategy,Sales,Project Management,Product Management,SEO",Management,Management Consultant,"2 projects, 1 internships",Product Manager
Class 12,PCM Stream,"Problem Solving,Communication,Chemistry Lab,Python,Physics Lab",Research,Defense Officer (Army/Navy/Air Force),"1 projects, 0 internships",Civil Servant (IAS/IPS)
Undergraduate,Law/LLB,"Leadership,Constitutional Law,Negotiation,Public Speaking,Legal Writing,Law","Law,Government Jobs,Social Impact",Corporate Lawyer,"0 projects, 1 internships",Corporate Lawyer
Undergraduate,Electronics & Communication,"Kubernetes,Mathematics,Physics Lab,Linear Algebra,Docker,AWS","Technology,Research",VLSI Design Engineer,"0 projects, 1 internships",Embedded Systems Engineer
Undergraduate,Business/BBA,"SEO,Leadership,Project Management,Business Strategy",Management,Product Manager,"1 projects, 1 internships",Product Manager
Undergraduate,Electronics & Communication,"AWS,Python,Mathematics,Kubernetes","Research,Engineering",Network Security Engineer,"1 projects, 1 internships",Embedded Systems Engineer
Undergraduate,Computer Science,"CSS,SQL,C++,Python","AI/ML,Business,Technology",Cloud Architect,"1 projects, 1 internships",Software Engineer
Undergraduate,Business/BBA,"Leadership,Business Strategy,Marketing,Project Management,Sales,Public Speaking",Media,Management Consultant,"0 projects, 1 internships",Product Manager
Undergraduate,Computer Science,"SQL,React,JavaScript",AI/ML,DevOps Engineer,"0 projects, 0 internships",Software Engineer
Class 12,PCM Stream,"Mathematics,Chemistry Lab,Python,Writing","Defence,Engineering",High School Physics Teacher,"1 projects, 0 internships",Civil Servant (IAS/IPS)
Class 12,PCM Stream,"Chemistry Lab,Python,Mathematics,Writing,Physics Lab,Problem Solving","Engineering,Government Jobs,Research",Defense Officer (Army/Navy/Air Force),"0 projects, 1 internships",Civil Servant (IAS/IPS)
Undergraduate,Computer Science,"Data Structures,HTML,Algorithms,REST APIs,React",Business,Cloud Architect,"1 projects, 0 internships",Software Engineer
Undergraduate,Law/LLB,"Law,Constitutional Law,Communication,Legal Writing","Government Jobs,Social Impact,Law",Criminal Defense Lawyer,"2 projects, 0 internships",Corporate Lawyer
Undergraduate,Commerce/B.Com,"Problem Solving,Time Management,Scrum",Government Jobs,Unknown Career,"1 projects, 0 internships",Chartered Accountant
Undergraduate,Business/BBA,"SEO,Sales,Public Speaking,Communication,Product Management,Business Strategy","Media,Business",Product Manager,"2 projects, 1 internships",Product Manager
Undergraduate,Commerce/B.Com,"Economics,Scrum,Problem Solving,Communication,Data Analytics,Time Management",Business,Unknown Career,"0 projects, 0 internships",Chartered Accountant
Undergraduate,Computer Science,"Node.js,Java,Python,JavaScript,C++",AI/ML,Data Scientist,"2 projects, 1 internships",Software Engineer
Undergraduate,Business/BBA,"Communication,SEO,Project Management,Public Speaking,Business Strategy,Product Management","Media,Management",Product Manager,"1 projects, 1 internships",Product Manager
Class 12,PCM Stream,"Mathematics,Python,Physics Lab,Chemistry Lab,Problem Solving,Writing","Research,Defence",Research Scientist,"2 projects, 0 internships",Civil Servant (IAS/IPS)
Undergraduate,Law/LLB,"Law,Public Speaking,Negotiation,Constitutional Law,Communication",Law,Corporate Lawyer,"0 projects, 0 internships",Corporate Lawyer
Undergraduate,Computer Science,"REST APIs,Python,Java,JavaScript,SQL,Git","Technology,AI/ML",Cloud Architect,"0 projects, 0 internships",Software Engineer
Class 12,PCM Stream,"Python,Writing,Problem Solving,Communication","Defence,Research",Defense Officer (Army/Navy/Air Force),"1 projects, 0 internships",Civil Servant (IAS/IPS)
Undergraduate,Electronics & Communication,"C++,Physics Lab,AWS,Kubernetes,Python","Engineering,Research,Technology",Embedded Systems Engineer,"0 projects, 1 internships",Embedded Systems Engineer
Undergraduate,Electronics & Communication,"Linear Algebra,C++,Kubernetes,Physics Lab,AWS","Research,Technology",Embedded Systems Engineer,"2 projects, 0 internships",Embedded Systems Engineer
Undergraduate,Computer Science,"Java,Algorithms,React",Business,DevOps Engineer,"1 projects, 0 internships",Software Engineer
Undergraduate,Computer Science,"Data Structures,JavaScript,C++,React,Git","Business,AI/ML,Technology",AI/ML Engineer,"2 projects, 0 internships",Software Engineer
Undergraduate,Business/BBA,"Communication,Product Management,Public Speaking","Media,Business,Management",Brand Strategist,"1 projects, 1 internships",Product Manager
Undergraduate,Commerce/B.Com,"Taxation,Scrum,Data Analytics,Problem Solving,SQL","Finance,Government Jobs",Investment Banker,"0 projects, 1 internships",Chartered Accountant
Undergraduate,Law/LLB,"Public Speaking,Leadership,Negotiation,Legal Writing,Communication","Social Impact,Government Jobs",Patent Attorney,"2 projects, 1 internships",Corporate Lawyer
Undergraduate,Commerce/B.Com,"Economics,Taxation,Communication,Scrum,Problem Solving","Finance,Government Jobs",Investment Banker,"1 projects, 1 internships",Chartered Accountant
Undergraduate,Science/B.Sc,"Python,Mathematics,Statistics,Pandas,NumPy,Communication","Business,Technology",Data Analyst,"0 projects, 0 internships",Data Analyst
Class 12,PCM Stream,"Chemistry Lab,Problem Solving,Mathematics","Engineering,Defence,Research",Civil Servant (IAS/IPS),"2 projects, 0 internships",Civil Servant (IAS/IPS)
Undergraduate,Law/LLB,"Law,Negotiation,Leadership,Legal Writing",Government Jobs,Public Prosecutor,"1 projects, 1 internships",Corporate Lawyer
Undergraduate,Science/B.Sc,"SQL,Python,Data Analytics,Mathematics,Statistics",Finance,Data Scientist,"2 projects, 1 internships",Data Analyst
Undergraduate,Business/BBA,"Product Management,Public Speaking,Marketing,Sales",Management,Brand Strategist,"2 projects, 1 internships",Product Manager
Undergraduate,Electronics & Communication,"C++,Python,Mathematics",Engineering,IoT Systems Architect,"0 projects, 0 internships",Embedded Systems Engineer
Undergraduate,Commerce/B.Com,"Economics,SQL,Time Management,Scrum,Taxation",Finance,Investment Banker,"1 projects, 1 internships",Chartered Accountant
Undergraduate,Law/LLB,"Leadership,Communication,Technical Writing,Negotiation","Social Impact,Law",Corporate Lawyer,"2 projects, 1 internships",Corporate Lawyer
Class 12,PCM Stream,"Writing,Chemistry Lab,Physics Lab",Government Jobs,Civil Servant (IAS/IPS),"1 projects, 1 internships",Civil Servant (IAS/IPS)
Undergraduate,Commerce/B.Com,"Scrum,Problem Solving,Data Analytics,Taxation,Financial Accounting,Communication",Finance,Unknown Career,"1 projects, 1 internships",Chartered Accountant
Undergraduate,Commerce/B.Com,"Taxation,SQL,Problem Solving,Financial Accounting,Economics,Scrum","Finance,Business",Unknown Career,"0 projects, 0 internships",Chartered Accountant
Undergraduate,Science/B.Sc,"Data Analytics,SQL,Pandas",Finance,Actuarial Analyst,"2 projects, 1 internships",Data Analyst
Class 12,PCM Stream,"Communication,Writing,Chemistry Lab,Python","Government Jobs,Defence,Research",High School Physics Teacher,"2 projects, 0 internships",Civil Servant (IAS/IPS)
Undergraduate,Commerce/B.Com,"Data Analytics,Time Management,Problem Solving,Taxation,Scrum,Communication",Government Jobs,Financial Consultant,"2 projects, 0 internships",Chartered Accountant
Undergraduate,Electronics & Communication,"Docker,AWS,Figma,Physics Lab,Python","Technology,Engineering",Network Security Engineer,"0 projects, 0 internships",Embedded Systems Engineer
Undergraduate,Computer Science,"Node.js,Git,Python,HTML","Technology,AI/ML,Business",Software Engineer,"0 projects, 1 internships",Software Engineer
Undergraduate,Law/LLB,"Leadership,Negotiation,Public Speaking","Law,Social Impact",Criminal Defense Lawyer,"1 projects, 1 internships",Corporate Lawyer
Undergraduate,Business/BBA,"Leadership,Public Speaking,Product Management,Sales,Project Management,Marketing",Entrepreneurship,Marketing Manager,"0 projects, 0 internships",Product Manager
Class 12,PCM Stream,"Chemistry Lab,Problem Solving,Writing,Communication,Python,Physics Lab","Research,Engineering",High School Physics Teacher,"2 projects, 1 internships",Civil Servant (IAS/IPS)
Class 12,PCM Stream,"Mathematics,Problem Solving,Physics Lab,Python",Research,Research Scientist,"1 projects, 0 internships",Civil Servant (IAS/IPS)
Undergraduate,Commerce/B.Com,"SQL,Financial Accounting,Scrum",Government Jobs,Chartered Accountant,"1 projects, 0 internships",Chartered Accountant
Undergraduate,Business/BBA,"Sales,SEO,Leadership,Business Strategy,Project Management","Entrepreneurship,Management",Marketing Manager,"1 projects, 1 internships",Product Manager
Undergraduate,Business/BBA,"Leadership,Product Management,Marketing","Media,Management",Product Manager,"2 projects, 0 internships",Product Manager
Undergraduate,Commerce/B.Com,"Scrum,Problem Solving,Financial Accounting","Finance,Business",Financial Consultant,"0 projects, 1 internships",Chartered Accountant
Undergraduate,Computer Science,"Python,HTML,JavaScript,C++,Data Structures",Technology,AI/ML Engineer,"0 projects, 0 internships",Software Engineer
Undergraduate,Electronics & Communication,"Mathematics,AWS,Figma","Engineering,Research",Network Security Engineer,"0 projects, 0 internships",Embedded Systems Engineer
Undergraduate,Commerce/B.Com,"Financial Accounting,Data Analytics,Economics","Government Jobs,Finance,Business",Investment Banker,"1 projects, 0 internships",Chartered Accountant
Undergraduate,Computer Science,"CSS,Python,Algorithms,REST APIs","Technology,AI/ML",Cloud Architect,"0 projects, 0 internships",Software Engineer
Class 12,PCM Stream,"Physics Lab,Writing,Python,Mathematics,Communication,Problem Solving","Engineering,Defence,Research",Civil Servant (IAS/IPS),"2 projects, 0 internships",Civil Servant (IAS/IPS)
Undergraduate,Science/B.Sc,"Communication,Mathematics,Pandas,Python","Business,Research",Data Analyst,"0 projects, 1 internships",Data Analyst
Undergraduate,Law/LLB,"Constitutional Law,Technical Writing,Leadership",Government Jobs,Public Prosecutor,"2 projects, 1 internships",Corporate Lawyer
Undergraduate,Computer Science,"SQL,HTML,C++,React","AI/ML,Business,Technology",Data Scientist,"1 projects, 0 internships",Software Engineer
Class 12,PCM Stream,"Chemistry Lab,Communication,Mathematics,Problem Solving",Defence,Research Scientist,"1 projects, 0 internships",Civil Servant (IAS/IPS)
Undergraduate,Law/LLB,"Public Speaking,Technical Writing,Negotiation,Legal Writing",Social Impact,Public Prosecutor,"1 projects, 0 internships",Corporate Lawyer
Undergraduate,Science/B.Sc,"Data Visualization,Communication,Python,Pandas",Business,Financial Risk Analyst,"2 projects, 0 internships",Data Analyst
Undergraduate,Law/LLB,"Negotiation,Public Speaking,Legal Writing,Technical Writing,Communication,Constitutional Law",Law,Public Prosecutor,"0 projects, 0 internships",Corporate Lawyer
Undergraduate,Business/BBA,"Business Strategy,Project Management,Communication,SEO,Marketing","Business,Management",Marketing Manager,"0 projects, 0 internships",Product Manager
Undergraduate,Law/LLB,"Constitutional Law,Technical Writing,Communication","Law,Government Jobs,Social Impact",Patent Attorney,"2 projects, 0 internships",Corporate Lawyer
Undergraduate,Commerce/B.Com,"Problem Solving,Communication,Financial Accounting,Scrum,Data Analytics",Finance,Unknown Career,"0 projects, 0 internships",Chartered Accountant
Undergraduate,Business/BBA,"Project Management,Sales,Product Management,Leadership,Public Speaking","Entrepreneurship,Media",Management Consultant,"1 projects, 1 internships",Product Manager
Undergraduate,Business/BBA,"Product Management,Business Strategy,Communication,SEO",Entrepreneurship,Product Manager,"1 projects, 1 internships",Product Manager
Undergraduate,Commerce/B.Com,"Problem Solving,Data Analytics,Financial Accounting,SQL,Taxation","Business,Finance,Government Jobs",Financial Consultant,"2 projects, 0 internships",Chartered Accountant
Undergraduate,Electronics & Communication,"Kubernetes,Mathematics,Docker,Physics Lab,Linear Algebra,C++",Technology,VLSI Design Engineer,"0 projects, 1 internships",Embedded Systems Engineer
Undergraduate,Science/B.Sc,"Statistics,Data Visualization,Data Analytics,SQL,NumPy","Technology,Business",Actuarial Analyst,"1 projects, 0 internships",Data Analyst
Undergraduate,Science/B.Sc,"Data Analytics,Communication,Mathematics,Python","Finance,Technology",Data Scientist,"2 projects, 1 internships",Data Analyst
Undergraduate,Law/LLB,"Constitutional Law,Law,Communication,Negotiation,Legal Writing,Technical Writing","Social Impact,Law",Criminal Defense Lawyer,"2 projects, 0 internships",Corporate Lawyer
Class 12,PCM Stream,"Writing,Physics Lab,Python,Problem Solving,Mathematics","Research,Government Jobs",High School Physics Teacher,"2 projects, 0 internships",Civil Servant (IAS/IPS)
Undergraduate,Electronics & Communication,"Figma,Docker,C++","Engineering,Technology,Research",Embedded Systems Engineer,"2 projects, 1 internships",Embedded Systems Engineer
Class 12,PCM Stream,"Mathematics,Chemistry Lab,Python,Problem Solving","Research,Defence,Engineering",Civil Servant (IAS/IPS),"0 projects, 1 internships",Civil Servant (IAS/IPS)
Undergraduate,Business/BBA,"SEO,Project Management,Communication,Leadership,Public Speaking,Sales","Business,Media",Management Consultant,"0 projects, 1 internships",Product Manager
Undergraduate,Law/LLB,"Negotiation,Constitutional Law,Law,Legal Writing",Social Impact,Corporate Lawyer,"2 projects, 1 internships",Corporate Lawyer
Undergraduate,Law/LLB,"Legal Writing,Communication,Public Speaking,Constitutional Law,Law,Leadership",Law,Patent Attorney,"0 projects, 0 internships",Corporate Lawyer
Undergraduate,Business/BBA,"Product Management,Sales,Leadership,Business Strategy","Management,Entrepreneurship",Marketing Manager,"0 projects, 1 internships",Product Manager
Undergraduate,Law/LLB,"Legal Writing,Law,Technical Writing,Communication,Leadership",Government Jobs,Corporate Lawyer,"0 projects, 1 internships",Corporate Lawyer
Undergraduate,Computer Science,"Node.js,React,Data Structures,C++,Algorithms,Git",Technology,DevOps Engineer,"0 projects, 1 internships",Software Engineer
Undergraduate,Business/BBA,"Sales,Communication,Public Speaking,Business Strategy,Leadership",Business,Product Manager,"0 projects, 0 internships",Product Manager
Undergraduate,Electronics & Communication,"Python,Figma,Kubernetes,Linear Algebra","Engineering,Research",Network Security Engineer,"0 projects, 1 internships",Embedded Systems Engineer
Undergraduate,Commerce/B.Com,"Scrum,SQL,Time Management,Data Analytics,Economics","Finance,Business",Investment Banker,"0 projects, 1 internships",Chartered Accountant
Undergraduate,Science/B.Sc,"Statistics,SQL,Data Visualization,Communication,Python,NumPy",Business,Financial Risk Analyst,"0 projects, 1 internships",Data Analyst
Class 12,PCM Stream,"Writing,Problem Solving,Python,Communication","Research,Defence",High School Physics Teacher,"0 projects, 0 internships",Civil Servant (IAS/IPS)
Undergraduate,Law/LLB,"Technical Writing,Negotiation,Law,Leadership","Social Impact,Government Jobs,Law",Criminal Defense Lawyer,"1 projects, 0 internships",Corporate Lawyer
Class 12,PCM Stream,"Communication,Mathematics,Problem Solving",Defence,Defense Officer (Army/Navy/Air Force),"2 projects, 0 internships",Civil Servant (IAS/IPS)
Undergraduate,Commerce/B.Com,"Communication,Problem Solving,SQL,Financial Accounting,Data Analytics",Business,Unknown Career,"2 projects, 1 internships",Chartered Accountant
Undergraduate,Science/B.Sc,"SQL,Data Analytics,Python","Research,Technology,Finance",Financial Risk Analyst,"1 projects, 0 internships",Data Analyst
Undergraduate,Commerce/B.Com,"Scrum,Taxation,SQL",Finance,Investment Banker,"1 projects, 1 internships",Chartered Accountant
Undergraduate,Computer Science,"Git,Python,Data Structures,SQL",AI/ML,AI/ML Engineer,"1 projects, 1 internships",Software Engineer
Class 12,PCM Stream,"Mathematics,Communication,Python,Physics Lab","Research,Engineering",Civil Servant (IAS/IPS),"0 projects, 0 internships",Civil Servant (IAS/IPS)
Undergraduate,Commerce/B.Com,"SQL,Time Management,Communication,Taxation,Financial Accounting,Scrum",Business,Unknown Career,"2 projects, 1 internships",Chartered Accountant
Undergraduate,Electronics & Communication,"Python,Figma,AWS","Research,Engineering",Embedded Systems Engineer,"0 projects, 1 internships",Embedded Systems Engineer
Undergraduate,Electronics & Communication,"Mathematics,Figma,Data Structures,Linear Algebra,C++",Technology,Embedded Systems Engineer,"0 projects, 0 internships",Embedded Systems Engineer
Undergraduate,Electronics & Communication,"Python,AWS,Docker,Figma,Data Structures,Mathematics","Technology,Engineering",IoT Systems Architect,"0 projects, 0 internships",Embedded Systems Engineer
Class 12,PCM Stream,"Python,Mathematics,Communication,Chemistry Lab","Research,Government Jobs,Defence",Civil Servant (IAS/IPS),"1 projects, 1 internships",Civil Servant (IAS/IPS)
Undergraduate,Computer Science,"C++,SQL,JavaScript","Business,Technology",Cloud Architect,"1 projects, 0 internships",Software Engineer
Undergraduate,Commerce/B.Com,"Taxation,Financial Accounting,Time Management","Business,Government Jobs,Finance",Unknown Career,"0 projects, 0 internships",Chartered Accountant
Undergraduate,Law/LLB,"Leadership,Communication,Constitutional Law,Law,Technical Writing,Legal Writing",Law,Public Prosecutor,"0 projects, 1 internships",Corporate Lawyer
Undergraduate,Commerce/B.Com,"Financial Accounting,Scrum,Communication","Business,Finance,Government Jobs",Unknown Career,"0 projects, 1 internships",Chartered Accountant
Undergraduate,Business/BBA,"Project Management,Public Speaking,Marketing,Sales,Product Management","Management,Entrepreneurship,Media",Management Consultant,"1 projects, 0 internships",Product Manager
Undergraduate,Law/LLB,"Legal Writing,Communication,Constitutional Law,Technical Writing,Negotiation,Leadership","Law,Social Impact",Patent Attorney,"1 projects, 0 internships",Corporate Lawyer
Undergraduate,Law/LLB,"Law,Legal Writing,Communication","Government Jobs,Social Impact,Law",Public Prosecutor,"1 projects, 0 internships",Corporate Lawyer
Undergraduate,Law/LLB,"Legal Writing,Leadership,Technical Writing",Social Impact,Corporate Lawyer,"0 projects, 0 internships",Corporate Lawyer
Undergraduate,Electronics & Communication,"Figma,AWS,Physics Lab,Python",Engineering,IoT Systems Architect,"1 projects, 0 internships",Embedded Systems Engineer
Undergraduate,Science/B.Sc,"Mathematics,Data Visualization,NumPy","Business,Finance",Actuarial Analyst,"1 projects, 1 internships",Data Analyst
Undergraduate,Commerce/B.Com,"Time Management,Taxation,Problem Solving,Data Analytics,Financial Accounting,Communication",Business,Unknown Career,"2 projects, 0 internships",Chartered Accountant
Undergraduate,Science/B.Sc,"Statistics,Pandas,Python,Data Visualization,SQL,NumPy","Business,Research",Financial Risk Analyst,"0 projects, 0 internships",Data Analyst
Undergraduate,Electronics & Communication,"AWS,Docker,C++","Technology,Engineering,Research",IoT Systems Architect,"1 projects, 1 internships",Embedded Systems Engineer
Undergraduate,Science/B.Sc,"Communication,Mathematics,Pandas","Research,Technology,Finance",Data Analyst,"1 projects, 1 internships",Data Analyst
Undergraduate,Electronics & Communication,"Kubernetes,Python,Linear Algebra","Engineering,Technology,Research",Network Security Engineer,"2 projects, 1 internships",Embedded Systems Engineer
Undergraduate,Commerce/B.Com,"SQL,Scrum,Financial Accounting,Data Analytics,Time Management","Business,Finance,Government Jobs",Financial Consultant,"2 projects, 0 internships",Chartered Accountant
Class 12,PCM Stream,"Python,Mathematics,Chemistry Lab","Defence,Government Jobs",Research Scientist,"0 projects, 1 internships",Civil Servant (IAS/IPS)
Undergraduate,Law/LLB,"Public Speaking,Law,Negotiation","Law,Social Impact,Government Jobs",Public Prosecutor,"1 projects, 1 internships",Corporate Lawyer
Undergraduate,Business/BBA,"Project Management,Product Management,Marketing","Management,Media,Entrepreneurship",Management Consultant,"2 projects, 0 internships",Product Manager
Undergraduate,Science/B.Sc,"Data Visualization,Communication,Python,NumPy,Statistics",Research,Data Scientist,"2 projects, 0 internships",Data Analyst
Undergraduate,Computer Science,"C++,Algorithms,Java,SQL",Technology,Software Engineer,"2 projects, 1 internships",Software Engineer
Undergraduate,Computer Science,"CSS,C++,REST APIs,React,Node.js,HTML","Business,Technology",Cloud Architect,"0 projects, 1 internships",Software Engineer
Class 12,PCM Stream,"Physics Lab,Mathematics,Python,Communication,Writing,Problem Solving",Engineering,Civil Servant (IAS/IPS),"2 projects, 0 internships",Civil Servant (IAS/IPS)
Undergraduate,Computer Science,"Git,Data Structures,Node.js,Java,Python,C++","AI/ML,Technology,Business",DevOps Engineer,"0 projects, 1 internships",Software Engineer
Undergraduate,Commerce/B.Com,"Time Management,Economics,Data Analytics,Communication,Scrum,Taxation",Business,Chartered Accountant,"2 projects, 0 internships",Chartered Accountant
Undergraduate,Science/B.Sc,"NumPy,Statistics,Pandas,SQL,Data Visualization","Research,Business,Technology",Financial Risk Analyst,"1 projects, 1 internships",Data Analyst
Class 12,PCM Stream,"Communication,Writing,Python,Physics Lab,Chemistry Lab","Government Jobs,Engineering,Defence",Civil Servant (IAS/IPS),"2 projects, 1 internships",Civil Servant (IAS/IPS)
Undergraduate,Science/B.Sc,"Data Analytics,Data Visualization,Pandas,Python,NumPy","Finance,Research,Technology",Financial Risk Analyst,"0 projects, 0 internships",Data Analyst
Undergraduate,Business/BBA,"Product Management,Marketing,SEO","Management,Entrepreneurship,Business",Management Consultant,"2 projects, 1 internships",Product Manager
Undergraduate,Law/LLB,"Legal Writing,Communication,Law,Negotiation,Leadership",Social Impact,Public Prosecutor,"0 projects, 1 internships",Corporate Lawyer
Undergraduate,Computer Science,"Python,Git,Data Structures,REST APIs,React,Node.js","Business,Technology,AI/ML",DevOps Engineer,"2 projects, 1 internships",Software Engineer
Undergraduate,Science/B.Sc,"SQL,Pandas,Data Analytics","Research,Business",Data Analyst,"2 projects, 1 internships",Data Analyst
Undergraduate,Commerce/B.Com,"Problem Solving,Financial Accounting,SQL,Time Management,Economics","Government Jobs,Business",Investment Banker,"1 projects, 1 internships",Chartered Accountant
Undergraduate,Business/BBA,"Business Strategy,SEO,Public Speaking,Leadership","Media,Business",Brand Strategist,"0 projects, 0 internships",Product Manager
Undergraduate,Science/B.Sc,"Communication,Statistics,Data Analytics,Python,Pandas",Technology,Actuarial Analyst,"0 projects, 0 internships",Data Analyst
Undergraduate,Commerce/B.Com,"Communication,Economics,Problem Solving,Time Management",Finance,Chartered Accountant,"0 projects, 1 internships",Chartered Accountant
Undergraduate,Business/BBA,"Leadership,Sales,Project Management","Media,Entrepreneurship",Marketing Manager,"1 projects, 0 internships",Product Manager
Undergraduate,Law/LLB,"Communication,Law,Leadership,Public Speaking,Technical Writing","Social Impact,Government Jobs",Public Prosecutor,"1 projects, 1 internships",Corporate Lawyer
Undergraduate,Computer Science,"REST APIs,Data Structures,Git,Node.js","Business,AI/ML,Technology",AI/ML Engineer,"2 projects, 0 internships",Software Engineer
Undergraduate,Commerce/B.Com,"Data Analytics,SQL,Time Management,Scrum,Problem Solving",Government Jobs,Investment Banker,"2 projects, 0 internships",Chartered Accountant
Undergraduate,Law/LLB,"Technical Writing,Negotiation,Communication,Leadership","Government Jobs,Law",Corporate Lawyer,"0 projects, 0 internships",Corporate Lawyer
Undergraduate,Science/B.Sc,"Python,NumPy,Pandas","Finance,Research",Data Analyst,"1 projects, 1 internships",Data Analyst
Undergraduate,Business/BBA,"Project Management,SEO,Leadership","Media,Business",Management Consultant,"2 projects, 0 internships",Product Manager
Undergraduate,Commerce/B.Com,"Taxation,Time Management,SQL,Scrum","Finance,Business,Government Jobs",Investment Banker,"2 projects, 1 internships",Chartered Accountant
Undergraduate,Science/B.Sc,"Statistics,Mathematics,NumPy,SQL,Pandas,Data Analytics","Technology,Business",Data Scientist,"2 projects, 1 internships",Data Analyst
Undergraduate,Electronics & Communication,"Physics Lab,C++,Kubernetes,AWS,Python,Linear Algebra",Research,Embedded Systems Engineer,"2 projects, 0 internships",Embedded Systems Engineer
Undergraduate,Business/BBA,"Public Speaking,Business Strategy,Product Management,Sales",Business,Product Manager,"2 projects, 1 internships",Product Manager
Class 12,PCM Stream,"Problem Solving,Communication,Writing",Research,Research Scientist,"1 projects, 1 internships",Civil Servant (IAS/IPS)
Undergraduate,Computer Science,"Node.js,Git,JavaScript",Business,Software Engineer,"1 projects, 0 internships",Software Engineer
Class 12,PCM Stream,"Communication,Physics Lab,Chemistry Lab,Python,Mathematics,Problem Solving","Research,Government Jobs",Research Scientist,"1 projects, 0 internships",Civil Servant (IAS/IPS)
Undergraduate,Electronics & Communication,"Kubernetes,Python,Data Structures,Physics Lab","Technology,Research",VLSI Design Engineer,"1 projects, 1 internships",Embedded Systems Engineer
Undergraduate,Law/LLB,"Law,Communication,Leadership","Government Jobs,Law,Social Impact",Corporate Lawyer,"1 projects, 1 internships",Corporate Lawyer
Undergraduate,Computer Science,"Node.js,Git,CSS,Data Structures",AI/ML,Software Engineer,"2 projects, 1 internships",Software Engineer
Undergraduate,Science/B.Sc,"NumPy,Data Analytics,Mathematics,Data Visualization,Pandas","Business,Research",Data Scientist,"0 projects, 1 internships",Data Analyst
Undergraduate,Science/B.Sc,"Communication,Python,Statistics,SQL,Mathematics","Research,Technology,Finance",Data Scientist,"2 projects, 1 internships",Data Analyst
Class 12,PCM Stream,"Python,Communication,Writing",Engineering,Civil Servant (IAS/IPS),"1 projects, 1 internships",Civil Servant (IAS/IPS)
Undergraduate,Business/BBA,"Leadership,Product Management,Marketing,Sales,Communication,Public Speaking","Media,Entrepreneurship,Business",Management Consultant,"0 projects, 0 internships",Product Manager
Undergraduate,Science/B.Sc,"Python,Mathematics,Pandas,NumPy,SQL","Research,Business",Actuarial Analyst,"1 projects, 0 internships",Data Analyst
Class 12,PCM Stream,"Communication,Mathematics,Python",Engineering,Research Scientist,"0 projects, 1 internships",Civil Servant (IAS/IPS)
Undergraduate,Computer Science,"CSS,Data Structures,C++","Technology,AI/ML,Business",Software Engineer,"1 projects, 0 internships",Software Engineer
Class 12,PCM Stream,"Problem Solving,Mathematics,Writing","Government Jobs,Research",Defense Officer (Army/Navy/Air Force),"2 projects, 1 internships",Civil Servant (IAS/IPS)
Undergraduate,Science/B.Sc,"Communication,NumPy,SQL",Research,Actuarial Analyst,"2 projects, 1 internships",Data Analyst
Undergraduate,Computer Science,"HTML,React,Python","Business,Technology,AI/ML",DevOps Engineer,"0 projects, 1 internships",Software Engineer
Undergraduate,Commerce/B.Com,"Economics,Data Analytics,Communication,Problem Solving,Scrum",Finance,Investment Banker,"0 projects, 1 internships",Chartered Accountant
Undergraduate,Science/B.Sc,"Data Analytics,Pandas,Statistics","Research,Technology",Actuarial Analyst,"1 projects, 1 internships",Data Analyst
Undergraduate,Science/B.Sc,"Statistics,NumPy,Pandas","Business,Technology,Finance",Data Analyst,"2 projects, 1 internships",Data Analyst
Undergraduate,Law/LLB,"Public Speaking,Communication,Leadership",Law,Criminal Defense Lawyer,"0 projects, 0 internships",Corporate Lawyer
Undergraduate,Electronics & Communication,"Physics Lab,Figma,Kubernetes","Technology,Research,Engineering",VLSI Design Engineer,"1 projects, 1 internships",Embedded Systems Engineer
Undergraduate,Law/LLB,"Legal Writing,Negotiation,Communication,Public Speaking,Constitutional Law,Leadership","Government Jobs,Social Impact,Law",Patent Attorney,"0 projects, 0 internships",Corporate Lawyer
Undergraduate,Science/B.Sc,"Communication,SQL,Data Visualization,Mathematics,Pandas","Business,Finance,Technology",Data Scientist,"1 projects, 0 internships",Data Analyst
Class 12,PCM Stream,"Mathematics,Chemistry Lab,Problem Solving,Writing,Physics Lab",Defence,Defense Officer (Army/Navy/Air Force),"1 projects, 1 internships",Civil Servant (IAS/IPS)
Undergraduate,Electronics & Communication,"Mathematics,Data Structures,Physics Lab,Python",Research,Embedded Systems Engineer,"0 projects, 0 internships",Embedded Systems Engineer
Class 12,PCM Stream,"Python,Communication,Mathematics,Problem Solving,Chemistry Lab,Physics Lab",Research,Civil Servant (IAS/IPS),"0 projects, 1 internships",Civil Servant (IAS/IPS)
Class 12,PCM Stream,"Problem Solving,Chemistry Lab,Writing,Communication,Mathematics,Physics Lab",Defence,Civil Servant (IAS/IPS),"0 projects, 1 internships",Civil Servant (IAS/IPS)
Undergraduate,Law/LLB,"Public Speaking,Legal Writing,Leadership,Constitutional Law","Government Jobs,Law",Public Prosecutor,"0 projects, 1 internships",Corporate Lawyer
Undergraduate,Commerce/B.Com,"Problem Solving,Economics,Financial Accounting,SQL,Taxation","Government Jobs,Business",Financial Consultant,"2 projects, 1 internships",Chartered Accountant
Undergraduate,Electronics & Communication,"Figma,Data Structures,AWS","Engineering,Technology,Research",VLSI Design Engineer,"2 projects, 0 internships",Embedded Systems Engineer
Undergraduate,Commerce/B.Com,"Data Analytics,Communication,Taxation,Time Management,Problem Solving","Finance,Government Jobs",Chartered Accountant,"0 projects, 0 internships",Chartered Accountant
Undergraduate,Electronics & Communication,"Figma,Physics Lab,Linear Algebra",Technology,Network Security Engineer,"1 projects, 0 internships",Embedded Systems Engineer
Undergraduate,Commerce/B.Com,"Taxation,SQL,Problem Solving,Communication,Financial Accounting","Government Jobs,Business,Finance",Unknown Career,"0 projects, 0 internships",Chartered Accountant
Undergraduate,Computer Science,"SQL,REST APIs,JavaScript,Algorithms","AI/ML,Technology",Cloud Architect,"0 projects, 1 internships",Software Engineer
Undergraduate,Commerce/B.Com,"Time Management,Economics,Communication,Data Analytics,SQL,Taxation","Business,Finance,Government Jobs",Financial Consultant,"2 projects, 1 internships",Chartered Accountant
Undergraduate,Electronics & Communication,"Linear Algebra,Python,Docker,Data Structures,AWS","Research,Technology,Engineering",IoT Systems Architect,"0 projects, 0 internships",Embedded Systems Engineer
Undergraduate,Computer Science,"Java,JavaScript,Git,Python","Technology,Business,AI/ML",Cloud Architect,"2 projects, 1 internships",Software Engineer
Undergraduate,Computer Science,"CSS,SQL,Python,HTML,Java","Business,AI/ML",Cloud Architect,"0 projects, 0 internships",Software Engineer
Undergraduate,Computer Science,"C++,Data Structures,Java",Technology,Data Scientist,"2 projects, 1 internships",Software Engineer
Undergraduate,Computer Science,"Algorithms,CSS,HTML,Git","AI/ML,Business",Cloud Architect,"0 projects, 0 internships",Software Engineer
Undergraduate,Electronics & Communication,"Physics Lab,Data Structures,Figma",Engineering,Embedded Systems Engineer,"0 projects, 0 internships",Embedded Systems Engineer
Undergraduate,Science/B.Sc,"Data Visualization,Communication,Data Analytics",Research,Financial Risk Analyst,"1 projects, 1 internships",Data Analyst
Undergraduate,Commerce/B.Com,"SQL,Taxation,Time Management,Problem Solving,Data Analytics","Business,Finance",Investment Banker,"1 projects, 1 internships",Chartered Accountant
Undergraduate,Law/LLB,"Constitutional Law,Negotiation,Communication,Technical Writing,Legal Writing,Leadership","Government Jobs,Social Impact",Corporate Lawyer,"1 projects, 1 internships",Corporate Lawyer
Undergraduate,Business/BBA,"Project Management,Marketing,SEO,Business Strategy,Product Management,Public Speaking",Business,Marketing Manager,"2 projects, 0 internships",Product Manager
Undergraduate,Science/B.Sc,"Pandas,Python,Data Analytics,Mathematics,NumPy",Research,Data Scientist,"0 projects, 1 internships",Data Analyst
Undergraduate,Business/BBA,"Public Speaking,Business Strategy,Project Management","Media,Management,Business",Management Consultant,"1 projects, 1 internships",Product Manager
Class 12,PCM Stream,"Problem Solving,Writing,Python,Mathematics","Government Jobs,Engineering,Defence",High School Physics Teacher,"2 projects, 0 internships",Civil Servant (IAS/IPS)
Undergraduate,Electronics & Communication,"Figma,Physics Lab,Kubernetes",Technology,Network Security Engineer,"2 projects, 0 internships",Embedded Systems Engineer
Undergraduate,Electronics & Communication,"Kubernetes,Data Structures,AWS",Engineering,VLSI Design Engineer,"2 projects, 0 internships",Embedded Systems Engineer
Undergraduate,Electronics & Communication,"Linear Algebra,Kubernetes,Data Structures","Research,Technology,Engineering",VLSI Design Engineer,"1 projects, 0 internships",Embedded Systems Engineer
Undergraduate,Electronics & Communication,"Mathematics,AWS,Data Structures,Figma,C++","Technology,Research",Network Security Engineer,"2 projects, 1 internships",Embedded Systems Engineer
Class 12,PCM Stream,"Communication,Chemistry Lab,Physics Lab,Mathematics,Python","Research,Defence,Engineering",High School Physics Teacher,"2 projects, 0 internships",Civil Servant (IAS/IPS)
Class 12,PCM Stream,"Python,Physics Lab,Communication,Mathematics",Government Jobs,High School Physics Teacher,"1 projects, 1 internships",Civil Servant (IAS/IPS)
Undergraduate,Computer Science,"Algorithms,React,C++","Technology,AI/ML,Business",AI/ML Engineer,"2 projects, 1 internships",Software Engineer
Class 12,PCM Stream,"Chemistry Lab,Problem Solving,Physics Lab,Python,Mathematics,Communication","Engineering,Research,Defence",Civil Servant (IAS/IPS),"1 projects, 1 internships",Civil Servant (IAS/IPS)
Class 12,PCM Stream,"Physics Lab,Chemistry Lab,Communication,Problem Solving","Defence,Engineering,Research",Defense Officer (Army/Navy/Air Force),"0 projects, 0 internships",Civil Servant (IAS/IPS)
Undergraduate,Science/B.Sc,"Communication,Data Analytics,Data Visualization,Statistics,Python,SQL","Business,Technology",Data Scientist,"2 projects, 0 internships",Data Analyst
Undergraduate,Computer Science,"Data Structures,CSS,React,Algorithms,SQL,Node.js","Business,AI/ML,Technology",Data Scientist,"0 projects, 1 internships",Software Engineer
Undergraduate,Law/LLB,"Leadership,Communication,Public Speaking,Technical Writing,Law","Social Impact,Law",Criminal Defense Lawyer,"2 projects, 1 internships",Corporate Lawyer
Class 12,PCM Stream,"Python,Writing,Problem Solving,Mathematics,Communication","Research,Engineering,Government Jobs",Defense Officer (Army/Navy/Air Force),"2 projects, 0 internships",Civil Servant (IAS/IPS)
Undergraduate,Business/BBA,"Marketing,Sales,Communication,Public Speaking,Product Management",Management,Marketing Manager,"2 projects, 0 internships",Product Manager
Undergraduate,Computer Science,"Python,C++,SQL,Node.js","AI/ML,Technology,Business",AI/ML Engineer,"1 projects, 0 internships",Software Engineer
Class 12,PCM Stream,"Writing,Python,Physics Lab","Engineering,Government Jobs",High School Physics Teacher,"1 projects, 0 internships",Civil Servant (IAS/IPS)
Undergraduate,Business/BBA,"Project Management,Business Strategy,Public Speaking","Business,Management,Entrepreneurship",Management Consultant,"2 projects, 1 internships",Product Manager
Undergraduate,Business/BBA,"Project Management,Leadership,Public Speaking,Sales,Communication,SEO","Entrepreneurship,Business",Product Manager,"1 projects, 1 internships",Product Manager
Undergraduate,Electronics & Communication,"Python,Linear Algebra,C++,Kubernetes,Docker,AWS","Engineering,Research",Embedded Systems Engineer,"1 projects, 0 internships",Embedded Systems Engineer
Undergraduate,Computer Science,"Java,Git,Algorithms,Data Structures,HTML,SQL",Business,Data Scientist,"2 projects, 0 internships",Software Engineer
Undergraduate,Science/B.Sc,"SQL,Pandas,NumPy","Business,Technology",Actuarial Analyst,"2 projects, 0 internships",Data Analyst
Undergraduate,Science/B.Sc,"Data Visualization,SQL,Communication","Technology,Research,Finance",Data Scientist,"2 projects, 0 internships",Data Analyst
Undergraduate,Law/LLB,"Technical Writing,Law,Negotiation,Legal Writing,Leadership","Social Impact,Government Jobs",Criminal Defense Lawyer,"2 projects, 1 internships",Corporate Lawyer
Class 12,PCM Stream,"Problem Solving,Python,Mathematics,Physics Lab","Government Jobs,Research",Defense Officer (Army/Navy/Air Force),"2 projects, 0 internships",Civil Servant (IAS/IPS)
Undergraduate,Computer Science,"Data Structures,HTML,Java,C++,JavaScript","AI/ML,Business",Cloud Architect,"2 projects, 1 internships",Software Engineer
Undergraduate,Computer Science,"REST APIs,Python,Java","Technology,AI/ML",Cloud Architect,"2 projects, 0 internships",Software Engineer
Class 12,PCM Stream,"Mathematics,Communication,Python,Problem Solving","Defence,Engineering",High School Physics Teacher,"2 projects, 1 internships",Civil Servant (IAS/IPS)
Undergraduate,Science/B.Sc,"Data Analytics,Data Visualization,SQL,NumPy,Python","Business,Finance,Technology",Data Scientist,"1 projects, 1 internships",Data Analyst
Undergraduate,Science/B.Sc,"SQL,Pandas,Data Analytics,Python","Technology,Finance,Research",Data Scientist,"0 projects, 1 internships",Data Analyst
Undergraduate,Business/BBA,"SEO,Communication,Product Management,Leadership,Public Speaking,Project Management","Entrepreneurship,Business",Marketing Manager,"2 projects, 1 internships",Product Manager
Class 12,PCM Stream,"Communication,Mathematics,Chemistry Lab,Python,Writing","Engineering,Government Jobs",Research Scientist,"1 projects, 0 internships",Civil Servant (IAS/IPS)
Class 12,PCM Stream,"Python,Mathematics,Writing,Chemistry Lab,Problem Solving",Engineering,Defense Officer (Army/Navy/Air Force),"1 projects, 0 internships",Civil Servant (IAS/IPS)
Undergraduate,Science/B.Sc,"Python,Communication,Data Visualization,Data Analytics,Mathematics",Business,Data Analyst,"2 projects, 0 internships",Data Analyst
Undergraduate,Commerce/B.Com,"Financial Accounting,SQL,Data Analytics",Finance,Financial Consultant,"1 projects, 0 internships",Chartered Accountant
Undergraduate,Business/BBA,"Leadership,Public Speaking,Sales,Product Management,Marketing,SEO","Entrepreneurship,Media,Management",Product Manager,"0 projects, 0 internships",Product Manager
Undergraduate,Law/LLB,"Constitutional Law,Technical Writing,Negotiation,Communication,Law","Social Impact,Law",Patent Attorney,"1 projects, 1 internships",Corporate Lawyer
Undergraduate,Electronics & Communication,"Figma,Linear Algebra,AWS","Research,Engineering,Technology",IoT Systems Architect,"2 projects, 1 internships",Embedded Systems Engineer
Undergraduate,Computer Science,"Java,SQL,HTML,React","Technology,AI/ML,Business",DevOps Engineer,"2 projects, 0 internships",Software Engineer
Undergraduate,Science/B.Sc,"Python,Mathematics,NumPy,SQL,Pandas",Technology,Financial Risk Analyst,"2 projects, 0 internships",Data Analyst
Undergraduate,Business/BBA,"Product Management,SEO,Sales,Marketing","Media,Entrepreneurship,Management",Management Consultant,"0 projects, 0 internships",Product Manager
Undergraduate,Electronics & Communication,"Figma,Physics Lab,Linear Algebra,Kubernetes","Research,Technology",Network Security Engineer,"0 projects, 1 internships",Embedded Systems Engineer
Undergraduate,Computer Science,"C++,Python,React,JavaScript",Business,Cloud Architect,"0 projects, 1 internships",Software Engineer
Undergraduate,Law/LLB,"Public Speaking,Communication,Legal Writing,Leadership,Negotiation,Law","Law,Social Impact",Public Prosecutor,"2 projects, 0 internships",Corporate Lawyer
Undergraduate,Business/BBA,"Product Management,Project Management,Leadership,SEO","Entrepreneurship,Media,Business",Marketing Manager,"0 projects, 0 internships",Product Manager
Class 12,PCM Stream,"Python,Chemistry Lab,Mathematics,Communication,Physics Lab",Government Jobs,Civil Servant (IAS/IPS),"1 projects, 0 internships",Civil Servant (IAS/IPS)
Undergraduate,Computer Science,"React,Algorithms,HTML,SQL,REST APIs,Git","Business,AI/ML,Technology",AI/ML Engineer,"0 projects, 0 internships",Software Engineer
Class 12,PCM Stream,"Python,Problem Solving,Physics Lab","Engineering,Government Jobs",Civil Servant (IAS/IPS),"1 projects, 1 internships",Civil Servant (IAS/IPS)
Undergraduate,Science/B.Sc,"Communication,Data Analytics,SQL,Pandas",Business,Actuarial Analyst,"0 projects, 0 internships",Data Analyst
Undergraduate,Business/BBA,"SEO,Project Management,Leadership",Media,Marketing Manager,"0 projects, 1 internships",Product Manager
Class 12,PCM Stream,"Writing,Mathematics,Python,Physics Lab,Communication,Chemistry Lab","Defence,Government Jobs",High School Physics Teacher,"0 projects, 1 internships",Civil Servant (IAS/IPS)
Undergraduate,Computer Science,"SQL,C++,Node.js",Technology,Cloud Architect,"1 projects, 0 internships",Software Engineer
Undergraduate,Commerce/B.Com,"Taxation,SQL,Time Management,Data Analytics,Economics","Finance,Business,Government Jobs",Investment Banker,"1 projects, 0 internships",Chartered Accountant
Undergraduate,Law/LLB,"Public Speaking,Communication,Law,Constitutional Law,Technical Writing",Social Impact,Criminal Defense Lawyer,"1 projects, 0 internships",Corporate Lawyer
Undergraduate,Commerce/B.Com,"Problem Solving,Scrum,SQL",Business,Investment Banker,"2 projects, 0 internships",Chartered Accountant
Undergraduate,Law/LLB,"Law,Leadership,Technical Writing,Negotiation,Public Speaking,Communication",Government Jobs,Public Prosecutor,"2 projects, 0 internships",Corporate Lawyer
Undergraduate,Law/LLB,"Leadership,Negotiation,Legal Writing,Technical Writing,Constitutional Law",Government Jobs,Criminal Defense Lawyer,"1 projects, 0 internships",Corporate Lawyer
Undergraduate,Electronics & Communication,"Linear Algebra,AWS,Python,Physics Lab,Docker","Research,Technology,Engineering",VLSI Design Engineer,"2 projects, 1 internships",Embedded Systems Engineer
Undergraduate,Law/LLB,"Law,Technical Writing,Negotiation,Constitutional Law,Leadership,Legal Writing","Law,Social Impact,Government Jobs",Public Prosecutor,"2 projects, 0 internships",Corporate Lawyer
Undergraduate,Science/B.Sc,"Pandas,Communication,SQL,Python,Data Analytics","Business,Technology",Actuarial Analyst,"0 projects, 1 internships",Data Analyst
Undergraduate,Business/BBA,"Communication,Product Management,Marketing,Project Management,Public Speaking",Management,Product Manager,"2 projects, 0 internships",Product Manager
Class 12,PCM Stream,"Chemistry Lab,Python,Writing,Mathematics",Government Jobs,Defense Officer (Army/Navy/Air Force),"1 projects, 1 internships",Civil Servant (IAS/IPS)
Undergraduate,Law/LLB,"Constitutional Law,Negotiation,Communication,Public Speaking,Leadership,Legal Writing","Government Jobs,Social Impact",Criminal Defense Lawyer,"2 projects, 0 internships",Corporate Lawyer
Undergraduate,Business/BBA,"Public Speaking,Marketing,Business Strategy,Project Management,Product Management","Entrepreneurship,Management,Media",Marketing Manager,"0 projects, 0 internships",Product Manager
Undergraduate,Commerce/B.Com,"Scrum,Taxation,Financial Accounting,Problem Solving",Government Jobs,Investment Banker,"0 projects, 1 internships",Chartered Accountant
Undergraduate,Electronics & Communication,"C++,Mathematics,Figma,Physics Lab","Technology,Engineering",VLSI Design Engineer,"2 projects, 0 internships",Embedded Systems Engineer
Undergraduate,Commerce/B.Com,"Taxation,Time Management,Problem Solving,Communication,Financial Accounting,Scrum","Business,Finance",Financial Consultant,"0 projects, 1 internships",Chartered Accountant
Undergraduate,Computer Science,"React,REST APIs,C++,Python","AI/ML,Business,Technology",Data Scientist,"2 projects, 1 internships",Software Engineer
Class 12,PCM Stream,"Mathematics,Chemistry Lab,Physics Lab",Engineering,Defense Officer (Army/Navy/Air Force),"1 projects, 0 internships",Civil Servant (IAS/IPS)
Undergraduate,Electronics & Communication,"C++,Linear Algebra,Python,Kubernetes,Data Structures,AWS","Engineering,Research",Embedded Systems Engineer,"1 projects, 0 internships",Embedded Systems Engineer
Undergraduate,Commerce/B.Com,"Economics,Taxation,SQL,Time Management","Government Jobs,Business,Finance",Investment Banker,"2 projects, 0 internships",Chartered Accountant
Undergraduate,Business/BBA,"Sales,Leadership,Public Speaking,Business Strategy,Marketing,Communication",Entrepreneurship,Brand Strategist,"0 projects, 0 internships",Product Manager
Undergraduate,Computer Science,"CSS,React,JavaScript,SQL","Business,AI/ML,Technology",Data Scientist,"0 projects, 1 internships",Software Engineer
Undergraduate,Computer Science,"Java,JavaScript,React,C++",Technology,Cloud Architect,"1 projects, 1 internships",Software Engineer
Undergraduate,Science/B.Sc,"Mathematics,Statistics,Communication,Data Visualization,Pandas","Technology,Finance",Financial Risk Analyst,"0 projects, 0 internships",Data Analyst
Undergraduate,Science/B.Sc,"Mathematics,Data Analytics,Pandas,Data Visualization,SQL,Statistics","Research,Technology,Finance",Financial Risk Analyst,"1 projects, 0 internships",Data Analyst
Undergraduate,Business/BBA,"Sales,SEO,Public Speaking",Entrepreneurship,Management Consultant,"2 projects, 0 internships",Product Manager
Undergraduate,Commerce/B.Com,"Financial Accounting,Economics,Communication,Time Management,Scrum,Problem Solving","Government Jobs,Business",Investment Banker,"0 projects, 0 internships",Chartered Accountant
Class 12,PCM Stream,"Writing,Communication,Mathematics,Chemistry Lab,Physics Lab,Problem Solving","Defence,Research",Defense Officer (Army/Navy/Air Force),"2 projects, 1 internships",Civil Servant (IAS/IPS)
Undergraduate,Business/BBA,"Sales,Public Speaking,Marketing","Media,Business,Management",Marketing Manager,"0 projects, 0 internships",Product Manager
Undergraduate,Law/LLB,"Leadership,Constitutional Law,Law,Communication,Negotiation",Government Jobs,Corporate Lawyer,"2 projects, 1 internships",Corporate Lawyer
Undergraduate,Electronics & Communication,"C++,Data Structures,Python,Docker,AWS","Research,Engineering",VLSI Design Engineer,"1 projects, 0 internships",Embedded Systems Engineer
Class 12,PCM Stream,"Chemistry Lab,Mathematics,Writing,Physics Lab,Problem Solving,Python","Research,Defence",Research Scientist,"1 projects, 0 internships",Civil Servant (IAS/IPS)
Undergraduate,Business/BBA,"Public Speaking,Business Strategy,Sales,Leadership",Business,Brand Strategist,"0 projects, 0 internships",Product Manager
Undergraduate,Commerce/B.Com,"Communication,Economics,Data Analytics,SQL,Taxation,Time Management","Finance,Business",Chartered Accountant,"1 projects, 0 internships",Chartered Accountant
Undergraduate,Law/LLB,"Law,Technical Writing,Public Speaking,Legal Writing,Negotiation,Constitutional Law","Social Impact,Government Jobs",Public Prosecutor,"1 projects, 0 internships",Corporate Lawyer
Undergraduate,Electronics & Communication,"Physics Lab,Kubernetes,C++","Engineering,Research",VLSI Design Engineer,"1 projects, 0 internships",Embedded Systems Engineer
Undergraduate,Business/BBA,"Sales,Public Speaking,Business Strategy","Media,Management,Business",Product Manager,"1 projects, 1 internships",Product Manager
Undergraduate,Commerce/B.Com,"SQL,Problem Solving,Scrum,Taxation","Business,Government Jobs",Unknown Career,"0 projects, 1 internships",Chartered Accountant
Undergraduate,Science/B.Sc,"Python,Data Analytics,NumPy,Mathematics,Data Visualization,Communication","Technology,Business,Finance",Data Scientist,"0 projects, 1 internships",Data Analyst
Undergraduate,Electronics & Communication,"C++,Docker,Linear Algebra",Engineering,Network Security Engineer,"1 projects, 1 internships",Embedded Systems Engineer
Undergraduate,Science/B.Sc,"NumPy,Pandas,Data Visualization",Technology,Actuarial Analyst,"2 projects, 1 internships",Data Analyst
Undergraduate,Computer Science,"CSS,Data Structures,REST APIs",Technology,Data Scientist,"2 projects, 0 internships",Software Engineer
Undergraduate,Commerce/B.Com,"Data Analytics,Problem Solving,Economics,Time Management,Financial Accounting",Government Jobs,Financial Consultant,"1 projects, 1 internships",Chartered Accountant
Undergraduate,Electronics & Communication,"Linear Algebra,Figma,C++","Technology,Engineering",VLSI Design Engineer,"1 projects, 0 internships",Embedded Systems Engineer
Undergraduate,Law/LLB,"Communication,Legal Writing,Leadership","Social Impact,Law",Patent Attorney,"1 projects, 1 internships",Corporate Lawyer
Undergraduate,Business/BBA,"Public Speaking,Sales,SEO,Leadership","Media,Entrepreneurship",Management Consultant,"1 projects, 0 internships",Product Manager
Undergraduate,Law/LLB,"Law,Public Speaking,Technical Writing","Government Jobs,Social Impact",Patent Attorney,"0 projects, 1 internships",Corporate Lawyer
Undergraduate,Science/B.Sc,"SQL,Python,Communication,Mathematics","Finance,Research,Technology",Actuarial Analyst,"0 projects, 0 internships",Data Analyst
Class 12,PCM Stream,"Mathematics,Python,Writing,Chemistry Lab,Problem Solving","Defence,Government Jobs",Civil Servant (IAS/IPS),"1 projects, 1 internships",Civil Servant (IAS/IPS)
Undergraduate,Commerce/B.Com,"Scrum,Data Analytics,SQL,Time Management,Financial Accounting",Government Jobs,Unknown Career,"2 projects, 1 internships",Chartered Accountant
Undergraduate,Computer Science,"CSS,React,JavaScript","Technology,AI/ML,Business",DevOps Engineer,"2 projects, 1 internships",Software Engineer
Undergraduate,Business/BBA,"SEO,Business Strategy,Sales,Product Management",Entrepreneurship,Marketing Manager,"2 projects, 0 internships",Product Manager
Undergraduate,Science/B.Sc,"Data Analytics,Mathematics,Data Visualization","Technology,Research,Finance",Financial Risk Analyst,"1 projects, 1 internships",Data Analyst
Undergraduate,Computer Science,"Git,JavaScript,C++",AI/ML,Cloud Architect,"1 projects, 1 internships",Software Engineer
Undergraduate,Electronics & Communication,"Kubernetes,Mathematics,Data Structures,Physics Lab,Docker,AWS","Technology,Engineering,Research",VLSI Design Engineer,"1 projects, 1 internships",Embedded Systems Engineer
Undergraduate,Science/B.Sc,"Communication,Data Visualization,Data Analytics,Mathematics,Python","Finance,Research",Actuarial Analyst,"0 projects, 1 internships",Data Analyst
Undergraduate,Commerce/B.Com,"Time Management,Taxation,Scrum,Economics,Problem Solving","Government Jobs,Finance,Business",Investment Banker,"0 projects, 0 internships",Chartered Accountant
Undergraduate,Commerce/B.Com,"Problem Solving,Financial Accounting,Taxation,Scrum","Finance,Business,Government Jobs",Unknown Career,"2 projects, 0 internships",Chartered Accountant
Undergraduate,Electronics & Communication,"Figma,AWS,Data Structures",Engineering,VLSI Design Engineer,"1 projects, 1 internships",Embedded Systems Engineer
Undergraduate,Science/B.Sc,"Pandas,Communication,Data Analytics,Statistics,Data Visualization",Business,Financial Risk Analyst,"1 projects, 1 internships",Data Analyst
Undergraduate,Law/LLB,"Negotiation,Law,Technical Writing","Social Impact,Government Jobs,Law",Patent Attorney,"2 projects, 0 internships",Corporate Lawyer
Undergraduate,Electronics & Communication,"Kubernetes,C++,Linear Algebra,Figma,Physics Lab,Data Structures","Engineering,Research",VLSI Design Engineer,"2 projects, 0 internships",Embedded Systems Engineer
Undergraduate,Commerce/B.Com,"Time Management,Communication,Data Analytics,Economics",Finance,Financial Consultant,"1 projects, 1 internships",Chartered Accountant
Undergraduate,Computer Science,"C++,REST APIs,React,Python,Data Structures,Git",Business,AI/ML Engineer,"0 projects, 1 internships",Software Engineer
Undergraduate,Law/LLB,"Communication,Legal Writing,Public Speaking,Law,Constitutional Law,Technical Writing",Law,Criminal Defense Lawyer,"1 projects, 1 internships",Corporate Lawyer
Class 12,PCM Stream,"Mathematics,Writing,Problem Solving,Physics Lab","Engineering,Research",Research Scientist,"1 projects, 0 internships",Civil Servant (IAS/IPS)
Undergraduate,Science/B.Sc,"Pandas,Data Visualization,Communication",Research,Data Analyst,"2 projects, 0 internships",Data Analyst
Undergraduate,Law/LLB,"Leadership,Law,Communication","Government Jobs,Law",Criminal Defense Lawyer,"1 projects, 1 internships",Corporate Lawyer
Undergraduate,Business/BBA,"SEO,Product Management,Sales,Communication,Public Speaking","Media,Entrepreneurship,Management",Management Consultant,"2 projects, 0 internships",Product Manager
Undergraduate,Electronics & Communication,"Physics Lab,AWS,Linear Algebra,Kubernetes",Engineering,VLSI Design Engineer,"0 projects, 1 internships",Embedded Systems Engineer
Undergraduate,Business/BBA,"Communication,Public Speaking,SEO,Leadership,Sales","Management,Business,Entrepreneurship",Product Manager,"2 projects, 1 internships",Product Manager
Class 12,PCM Stream,"Communication,Python,Mathematics,Physics Lab","Government Jobs,Defence,Engineering",Defense Officer (Army/Navy/Air Force),"2 projects, 1 internships",Civil Servant (IAS/IPS)
Undergraduate,Science/B.Sc,"Data Analytics,Pandas,Python",Research,Financial Risk Analyst,"0 projects, 0 internships",Data Analyst
Class 12,PCM Stream,"Python,Communication,Writing,Chemistry Lab","Engineering,Government Jobs,Research",Civil Servant (IAS/IPS),"0 projects, 0 internships",Civil Servant (IAS/IPS)
Undergraduate,Business/BBA,"Project Management,Communication,Public Speaking,Sales,Leadership,SEO",Management,Product Manager,"2 projects, 1 internships",Product Manager
Undergraduate,Commerce/B.Com,"Economics,Problem Solving,Data Analytics","Finance,Business",Financial Consultant,"0 projects, 0 internships",Chartered Accountant
Undergraduate,Business/BBA,"Marketing,Communication,Sales",Business,Management Consultant,"0 projects, 1 internships",Product Manager
Undergraduate,Business/BBA,"Sales,Communication,Business Strategy","Business,Media,Management",Product Manager,"1 projects, 0 internships",Product Manager
Undergraduate,Science/B.Sc,"Pandas,Statistics,Data Visualization,NumPy","Research,Business",Actuarial Analyst,"1 projects, 0 internships",Data Analyst
Undergraduate,Electronics & Communication,"Mathematics,Physics Lab,Python,Docker,Data Structures,C++","Research,Engineering,Technology",IoT Systems Architect,"1 projects, 1 internships",Embedded Systems Engineer
Undergraduate,Law/LLB,"Legal Writing,Negotiation,Constitutional Law","Law,Government Jobs",Patent Attorney,"1 projects, 0 internships",Corporate Lawyer
Undergraduate,Electronics & Communication,"Docker,Linear Algebra,Mathematics,C++,Python","Engineering,Research",VLSI Design Engineer,"0 projects, 0 internships",Embedded Systems Engineer
Undergraduate,Electronics & Communication,"Data Structures,Figma,AWS,Linear Algebra","Engineering,Research",Embedded Systems Engineer,"2 projects, 1 internships",Embedded Systems Engineer
Undergraduate,Electronics & Communication,"Python,Mathematics,Figma,C++","Research,Engineering,Technology",IoT Systems Architect,"1 projects, 1 internships",Embedded Systems Engineer
Undergraduate,Science/B.Sc,"Mathematics,Communication,Statistics,NumPy,Pandas,Python","Research,Technology",Financial Risk Analyst,"0 projects, 0 internships",Data Analyst
Class 12,PCM Stream,"Problem Solving,Python,Communication,Mathematics","Research,Government Jobs",Defense Officer (Army/Navy/Air Force),"0 projects, 0 internships",Civil Servant (IAS/IPS)
Undergraduate,Computer Science,"C++,Java,React,Git,Python,Data Structures","AI/ML,Business",Data Scientist,"1 projects, 1 internships",Software Engineer
Undergraduate,Science/B.Sc,"Python,Communication,NumPy,Pandas",Business,Actuarial Analyst,"0 projects, 0 internships",Data Analyst
Undergraduate,Electronics & Communication,"Docker,Physics Lab,Python,Linear Algebra,Kubernetes,C++","Engineering,Technology,Research",Network Security Engineer,"0 projects, 1 internships",Embedded Systems Engineer
Undergraduate,Computer Science,"Git,Algorithms,Node.js,HTML",Technology,DevOps Engineer,"1 projects, 0 internships",Software Engineer
Undergraduate,Business/BBA,"Product Management,Project Management,Leadership,Marketing,Business Strategy","Entrepreneurship,Management,Business",Management Consultant,"2 projects, 1 internships",Product Manager
Undergraduate,Commerce/B.Com,"Communication,Time Management,SQL,Problem Solving","Business,Government Jobs,Finance",Unknown Career,"2 projects, 1 internships",Chartered Accountant
Undergraduate,Business/BBA,"Business Strategy,Sales,Product Management,Communication,Public Speaking","Business,Entrepreneurship,Management",Brand Strategist,"1 projects, 0 internships",Product Manager
Undergraduate,Science/B.Sc,"NumPy,Statistics,Python,Mathematics,SQL","Finance,Research,Business",Data Scientist,"1 projects, 1 internships",Data Analyst
Undergraduate,Commerce/B.Com,"Taxation,Financial Accounting,Time Management,Problem Solving,Communication,Data Analytics","Government Jobs,Finance,Business",Chartered Accountant,"1 projects, 1 internships",Chartered Accountant
Undergraduate,Computer Science,"Git,JavaScript,React,HTML,CSS,SQL","Business,AI/ML,Technology",DevOps Engineer,"2 projects, 0 internships",Software Engineer
Undergraduate,Science/B.Sc,"Mathematics,Python,Statistics",Technology,Financial Risk Analyst,"2 projects, 0 internships",Data Analyst
Undergraduate,Commerce/B.Com,"SQL,Problem Solving,Time Management,Taxation","Government Jobs,Finance",Investment Banker,"0 projects, 0 internships",Chartered Accountant
Undergraduate,Commerce/B.Com,"SQL,Financial Accounting,Data Analytics,Scrum","Government Jobs,Finance",Chartered Accountant,"2 projects, 0 internships",Chartered Accountant
Class 12,PCM Stream,"Mathematics,Chemistry Lab,Writing","Defence,Engineering",High School Physics Teacher,"2 projects, 0 internships",Civil Servant (IAS/IPS)
Undergraduate,Law/LLB,"Legal Writing,Leadership,Public Speaking",Social Impact,Criminal Defense Lawyer,"2 projects, 1 internships",Corporate Lawyer
Undergraduate,Electronics & Communication,"Linear Algebra,Python,Physics Lab","Engineering,Technology",Network Security Engineer,"2 projects, 1 internships",Embedded Systems Engineer
Undergraduate,Computer Science,"Python,HTML,C++,Git,React,Node.js","Technology,Business,AI/ML",DevOps Engineer,"2 projects, 1 internships",Software Engineer
Undergraduate,Business/BBA,"Sales,Product Management,Business Strategy,Communication","Business,Entrepreneurship",Management Consultant,"1 projects, 1 internships",Product Manager
Undergraduate,Science/B.Sc,"SQL,Data Visualization,NumPy,Data Analytics,Statistics,Python","Business,Research,Technology",Data Scientist,"1 projects, 1 internships",Data Analyst
Undergraduate,Computer Science,"C++,HTML,Node.js,React,Java",AI/ML,Cloud Architect,"1 projects, 0 internships",Software Engineer
Undergraduate,Business/BBA,"SEO,Public Speaking,Sales,Leadership,Marketing","Management,Business,Entrepreneurship",Brand Strategist,"0 projects, 0 internships",Product Manager
Undergraduate,Commerce/B.Com,"Financial Accounting,SQL,Scrum","Government Jobs,Business,Finance",Unknown Career,"0 projects, 1 internships",Chartered Accountant
Undergraduate,Commerce/B.Com,"Financial Accounting,Economics,Data Analytics","Finance,Business",Financial Consultant,"0 projects, 0 internships",Chartered Accountant
Undergraduate,Business/BBA,"Product Management,SEO,Project Management,Marketing","Media,Entrepreneurship,Business",Brand Strategist,"2 projects, 1 internships",Product Manager
Undergraduate,Science/B.Sc,"Statistics,Mathematics,NumPy,Python,SQL","Research,Technology,Finance",Financial Risk Analyst,"2 projects, 1 internships",Data Analyst
Undergraduate,Computer Science,"JavaScript,Python,Data Structures,Node.js,REST APIs","Technology,AI/ML,Business",Data Scientist,"1 projects, 1 internships",Software Engineer
Undergraduate,Science/B.Sc,"SQL,Data Visualization,Mathematics,Pandas,Statistics,NumPy","Technology,Finance",Data Scientist,"2 projects, 1 internships",Data Analyst
Undergraduate,Law/LLB,"Negotiation,Communication,Law,Technical Writing,Leadership,Constitutional Law","Government Jobs,Social Impact",Criminal Defense Lawyer,"1 projects, 0 internships",Corporate Lawyer
Undergraduate,Electronics & Communication,"Physics Lab,C++,Linear Algebra,AWS,Data Structures,Figma","Engineering,Research",IoT Systems Architect,"2 projects, 1 internships",Embedded Systems Engineer
Undergraduate,Commerce/B.Com,"Data Analytics,Taxation,Financial Accounting,SQL","Business,Finance",Chartered Accountant,"0 projects, 0 internships",Chartered Accountant
Undergraduate,Computer Science,"Java,HTML,JavaScript","Business,AI/ML,Technology",DevOps Engineer,"2 projects, 1 internships",Software Engineer
Undergraduate,Electronics & Communication,"Docker,Mathematics,Physics Lab,Linear Algebra,AWS,Kubernetes",Engineering,VLSI Design Engineer,"2 projects, 0 internships",Embedded Systems Engineer
Undergraduate,Computer Science,"HTML,CSS,Git,SQL,React","Technology,AI/ML",Data Scientist,"0 projects, 1 internships",Software Engineer
Undergraduate,Computer Science,"CSS,Git,Algorithms,HTML,SQL,C++","Technology,Business,AI/ML",DevOps Engineer,"1 projects, 0 internships",Software Engineer
Undergraduate,Business/BBA,"Leadership,Project Management,Communication,Marketing,Product Management","Management,Media,Entrepreneurship",Brand Strategist,"2 projects, 1 internships",Product Manager
Undergraduate,Business/BBA,"Public Speaking,Communication,SEO,Product Management,Project Management,Sales",Business,Management Consultant,"0 projects, 0 internships",Product Manager
Undergraduate,Commerce/B.Com,"Financial Accounting,Time Management,Communication,Taxation,Data Analytics",Finance,Unknown Career,"0 projects, 0 internships",Chartered Accountant
Undergraduate,Business/BBA,"Public Speaking,SEO,Marketing,Project Management","Management,Entrepreneurship,Business",Management Consultant,"0 projects, 0 internships",Product Manager
Undergraduate,Computer Science,"HTML,Python,React","Technology,Business",AI/ML Engineer,"0 projects, 0 internships",Software Engineer
Undergraduate,Law/LLB,"Legal Writing,Public Speaking,Technical Writing","Government Jobs,Law",Corporate Lawyer,"2 projects, 0 internships",Corporate Lawyer
Undergraduate,Electronics & Communication,"Linear Algebra,Docker,Data Structures,Figma",Technology,Embedded Systems Engineer,"0 projects, 1 internships",Embedded Systems Engineer
Undergraduate,Electronics & Communication,"Data Structures,Python,Kubernetes,Docker,Figma","Technology,Research",VLSI Design Engineer,"2 projects, 0 internships",Embedded Systems Engineer
Undergraduate,Business/BBA,"Project Management,Sales,SEO,Public Speaking,Communication",Entrepreneurship,Marketing Manager,"2 projects, 0 internships",Product Manager
Undergraduate,Electronics & Communication,"Physics Lab,Data Structures,Docker,Figma","Research,Technology,Engineering",VLSI Design Engineer,"1 projects, 0 internships",Embedded Systems Engineer
Undergraduate,Business/BBA,"Product Management,SEO,Project Management,Communication,Public Speaking,Leadership","Entrepreneurship,Management",Brand Strategist,"2 projects, 0 internships",Product Manager
Undergraduate,Business/BBA,"Business Strategy,Marketing,Public Speaking,Sales,Product Management,Project Management","Media,Entrepreneurship,Business",Brand Strategist,"0 projects, 1 internships",Product Manager
Undergraduate,Law/LLB,"Leadership,Negotiation,Constitutional Law",Law,Criminal Defense Lawyer,"0 projects, 1 internships",Corporate Lawyer
Undergraduate,Commerce/B.Com,"Economics,Time Management,Taxation","Finance,Business,Government Jobs",Financial Consultant,"1 projects, 0 internships",Chartered Accountant
Undergraduate,Electronics & Communication,"Physics Lab,Data Structures,Mathematics,Docker,Kubernetes,Figma","Technology,Research",Network Security Engineer,"0 projects, 0 internships",Embedded Systems Engineer
Undergraduate,Law/LLB,"Law,Leadership,Constitutional Law,Legal Writing,Public Speaking,Communication","Social Impact,Government Jobs",Patent Attorney,"0 projects, 0 internships",Corporate Lawyer
Undergraduate,Commerce/B.Com,"SQL,Taxation,Financial Accounting,Problem Solving,Scrum","Finance,Business,Government Jobs",Unknown Career,"1 projects, 0 internships",Chartered Accountant
Undergraduate,Business/BBA,"Communication,Marketing,Product Management,Sales,Business Strategy","Business,Management,Media",Management Consultant,"0 projects, 1 internships",Product Manager
Undergraduate,Law/LLB,"Negotiation,Technical Writing,Legal Writing,Public Speaking,Constitutional Law,Leadership","Law,Government Jobs",Corporate Lawyer,"2 projects, 0 internships",Corporate Lawyer
Undergraduate,Computer Science,"REST APIs,CSS,Java",Business,AI/ML Engineer,"2 projects, 0 internships",Software Engineer
Undergraduate,Law/LLB,"Law,Negotiation,Public Speaking,Legal Writing,Constitutional Law","Social Impact,Government Jobs",Criminal Defense Lawyer,"2 projects, 1 internships",Corporate Lawyer
Undergraduate,Business/BBA,"Product Management,Communication,Project Management,Sales,SEO,Marketing","Business,Management",Marketing Manager,"1 projects, 1 internships",Product Manager
Undergraduate,Law/LLB,"Technical Writing,Leadership,Legal Writing,Negotiation,Public Speaking,Communication","Government Jobs,Social Impact",Public Prosecutor,"0 projects, 0 internships",Corporate Lawyer
Class 12,PCM Stream,"Writing,Physics Lab,Mathematics",Engineering,Research Scientist,"2 projects, 1 internships",Civil Servant (IAS/IPS)
Undergraduate,Commerce/B.Com,"Taxation,Time Management,SQL","Finance,Government Jobs,Business",Unknown Career,"2 projects, 1 internships",Chartered Accountant
Class 12,PCM Stream,"Chemistry Lab,Physics Lab,Writing","Defence,Engineering",Research Scientist,"2 projects, 0 internships",Civil Servant (IAS/IPS)
Class 12,PCM Stream,"Mathematics,Communication,Writing,Problem Solving","Engineering,Research",High School Physics Teacher,"1 projects, 0 internships",Civil Servant (IAS/IPS)
Undergraduate,Electronics & Communication,"Docker,Mathematics,Figma,C++,Kubernetes,AWS","Research,Technology,Engineering",Network Security Engineer,"2 projects, 1 internships",Embedded Systems Engineer
Undergraduate,Business/BBA,"Project Management,Business Strategy,Leadership,Marketing,Public Speaking,Sales","Business,Entrepreneurship",Marketing Manager,"2 projects, 1 internships",Product Manager
Undergraduate,Science/B.Sc,"Statistics,Mathematics,SQL,Pandas","Technology,Business,Finance",Actuarial Analyst,"2 projects, 0 internships",Data Analyst
Undergraduate,Law/LLB,"Constitutional Law,Technical Writing,Public Speaking,Legal Writing,Communication","Government Jobs,Social Impact",Public Prosecutor,"2 projects, 1 internships",Corporate Lawyer
Undergraduate,Business/BBA,"Public Speaking,Business Strategy,Marketing","Management,Business,Media",Brand Strategist,"1 projects, 1 internships",Product Manager
Undergraduate,Science/B.Sc,"Statistics,Mathematics,Data Visualization,Pandas,Communication,Python",Technology,Actuarial Analyst,"1 projects, 0 internships",Data Analyst
Undergraduate,Electronics & Communication,"Kubernetes,Data Structures,Python,Docker,AWS,Mathematics",Technology,IoT Systems Architect,"0 projects, 1 internships",Embedded Systems Engineer
Undergraduate,Computer Science,"C++,Python,JavaScript,Data Structures",Technology,Data Scientist,"2 projects, 1 internships",Software Engineer
Undergraduate,Computer Science,"Git,Java,React,JavaScript,Node.js,HTML","AI/ML,Business,Technology",Software Engineer,"1 projects, 0 internships",Software Engineer
Class 12,PCM Stream,"Physics Lab,Writing,Problem Solving,Python",Defence,Research Scientist,"2 projects, 0 internships",Civil Servant (IAS/IPS)
Undergraduate,Computer Science,"HTML,Algorithms,CSS,Data Structures",Technology,Data Scientist,"2 projects, 0 internships",Software Engineer
Class 12,PCM Stream,"Physics Lab,Communication,Mathematics,Python",Research,Civil Servant (IAS/IPS),"2 projects, 0 internships",Civil Servant (IAS/IPS)
Undergraduate,Electronics & Communication,"Kubernetes,Data Structures,Physics Lab",Research,VLSI Design Engineer,"2 projects, 1 internships",Embedded Systems Engineer
Undergraduate,Commerce/B.Com,"Taxation,Time Management,Problem Solving,Communication,Data Analytics",Government Jobs,Investment Banker,"2 projects, 0 internships",Chartered Accountant
Undergraduate,Computer Science,"C++,Data Structures,Java","Business,AI/ML",Cloud Architect,"0 projects, 0 internships",Software Engineer
Undergraduate,Electronics & Communication,"C++,Mathematics,AWS,Linear Algebra,Data Structures","Engineering,Research,Technology",Embedded Systems Engineer,"0 projects, 0 internships",Embedded Systems Engineer
Class 12,PCM Stream,"Mathematics,Writing,Python","Engineering,Defence",Research Scientist,"1 projects, 1 internships",Civil Servant (IAS/IPS)
Undergraduate,Computer Science,"SQL,Java,Algorithms",AI/ML,Software Engineer,"2 projects, 0 internships",Software Engineer
Undergraduate,Law/LLB,"Technical Writing,Legal Writing,Constitutional Law,Negotiation","Social Impact,Government Jobs,Law",Corporate Lawyer,"0 projects, 0 internships",Corporate Lawyer
Undergraduate,Business/BBA,"Communication,Project Management,Sales,SEO,Product Management","Management,Entrepreneurship",Product Manager,"0 projects, 1 internships",Product Manager
Undergraduate,Law/LLB,"Negotiation,Law,Communication","Social Impact,Government Jobs",Patent Attorney,"1 projects, 0 internships",Corporate Lawyer
Class 12,PCM Stream,"Mathematics,Communication,Physics Lab","Government Jobs,Research,Engineering",Defense Officer (Army/Navy/Air Force),"2 projects, 0 internships",Civil Servant (IAS/IPS)
Undergraduate,Science/B.Sc,"Data Analytics,Mathematics,Communication,Python,Statistics","Business,Technology",Financial Risk Analyst,"0 projects, 1 internships",Data Analyst
Class 12,PCM Stream,"Problem Solving,Python,Communication,Mathematics,Chemistry Lab","Defence,Research",Civil Servant (IAS/IPS),"0 projects, 0 internships",Civil Servant (IAS/IPS)
Class 12,PCM Stream,"Python,Chemistry Lab,Communication,Physics Lab,Mathematics,Problem Solving","Engineering,Government Jobs",High School Physics Teacher,"1 projects, 1 internships",Civil Servant (IAS/IPS)
Undergraduate,Electronics & Communication,"Linear Algebra,AWS,Physics Lab,Mathematics,Docker,Python",Research,IoT Systems Architect,"1 projects, 0 internships",Embedded Systems Engineer
Undergraduate,Business/BBA,"Leadership,Product Management,SEO,Communication","Management,Business,Entrepreneurship",Product Manager,"0 projects, 0 internships",Product Manager
Undergraduate,Business/BBA,"Business Strategy,Public Speaking,Project Management,Communication,Marketing,Leadership","Management,Entrepreneurship,Business",Product Manager,"0 projects, 1 internships",Product Manager
Class 12,PCM Stream,"Communication,Problem Solving,Writing,Mathematics","Engineering,Defence",Civil Servant (IAS/IPS),"1 projects, 0 internships",Civil Servant (IAS/IPS)
Undergraduate,Science/B.Sc,"Data Analytics,Data Visualization,Python,Pandas","Research,Finance",Actuarial Analyst,"2 projects, 0 internships",Data Analyst
Undergraduate,Business/BBA,"Sales,Product Management,Marketing,SEO,Communication,Leadership","Management,Business",Marketing Manager,"0 projects, 1 internships",Product Manager
Undergraduate,Law/LLB,"Law,Public Speaking,Technical Writing,Communication,Negotiation","Social Impact,Law",Criminal Defense Lawyer,"2 projects, 1 internships",Corporate Lawyer
Class 12,PCM Stream,"Physics Lab,Chemistry Lab,Communication","Engineering,Defence,Government Jobs",Defense Officer (Army/Navy/Air Force),"0 projects, 0 internships",Civil Servant (IAS/IPS)
Undergraduate,Science/B.Sc,"Data Analytics,SQL,Statistics,Pandas",Research,Actuarial Analyst,"0 projects, 0 internships",Data Analyst
Undergraduate,Electronics & Communication,"Docker,Physics Lab,C++,Kubernetes,Data Structures,Figma","Engineering,Research,Technology",IoT Systems Architect,"1 projects, 0 internships",Embedded Systems Engineer
Class 12,PCM Stream,"Problem Solving,Python,Mathematics,Physics Lab","Government Jobs,Engineering,Research",Civil Servant (IAS/IPS),"0 projects, 1 internships",Civil Servant (IAS/IPS)
Undergraduate,Commerce/B.Com,"Problem Solving,Communication,Data Analytics,Economics,SQL,Taxation","Finance,Business",Chartered Accountant,"0 projects, 1 internships",Chartered Accountant
Undergraduate,Law/LLB,"Negotiation,Constitutional Law,Public Speaking,Law,Legal Writing,Communication","Social Impact,Government Jobs,Law",Criminal Defense Lawyer,"2 projects, 1 internships",Corporate Lawyer
Class 12,PCM Stream,"Python,Problem Solving,Physics Lab,Mathematics",Engineering,Defense Officer (Army/Navy/Air Force),"2 projects, 1 internships",Civil Servant (IAS/IPS)
Undergraduate,Commerce/B.Com,"Time Management,SQL,Scrum,Communication,Financial Accounting","Government Jobs,Business,Finance",Financial Consultant,"2 projects, 0 internships",Chartered Accountant
Undergraduate,Law/LLB,"Technical Writing,Leadership,Constitutional Law",Social Impact,Public Prosecutor,"2 projects, 0 internships",Corporate Lawyer
Undergraduate,Computer Science,"Node.js,REST APIs,Java,CSS,Python","AI/ML,Business",DevOps Engineer,"2 projects, 0 internships",Software Engineer
Undergraduate,Computer Science,"Algorithms,JavaScript,REST APIs,Data Structures","AI/ML,Business,Technology",Data Scientist,"0 projects, 0 internships",Software Engineer
Undergraduate,Electronics & Communication,"Data Structures,Python,Figma","Engineering,Research",VLSI Design Engineer,"0 projects, 1 internships",Embedded Systems Engineer
Undergraduate,Computer Science,"HTML,React,REST APIs,CSS","AI/ML,Business",Cloud Architect,"1 projects, 0 internships",Software Engineer
Undergraduate,Science/B.Sc,"Communication,Python,NumPy,Data Analytics,Data Visualization,Pandas","Finance,Research,Business",Data Analyst,"1 projects, 1 internships",Data Analyst
Undergraduate,Business/BBA,"Leadership,SEO,Marketing","Entrepreneurship,Management",Product Manager,"1 projects, 0 internships",Product Manager
Undergraduate,Business/BBA,"Project Management,Public Speaking,Product Management",Media,Product Manager,"1 projects, 0 internships",Product Manager
Class 12,PCM Stream,"Writing,Chemistry Lab,Physics Lab,Problem Solving,Python","Defence,Engineering",Research Scientist,"1 projects, 1 internships",Civil Servant (IAS/IPS)
Class 12,PCM Stream,"Communication,Chemistry Lab,Python",Research,Defense Officer (Army/Navy/Air Force),"0 projects, 1 internships",Civil Servant (IAS/IPS)
Undergraduate,Commerce/B.Com,"Data Analytics,SQL,Taxation,Problem Solving,Scrum,Time Management","Business,Government Jobs",Chartered Accountant,"1 projects, 0 internships",Chartered Accountant
Undergraduate,Law/LLB,"Negotiation,Public Speaking,Leadership,Constitutional Law","Government Jobs,Law",Corporate Lawyer,"1 projects, 1 internships",Corporate Lawyer
Undergraduate,Science/B.Sc,"Communication,Python,Mathematics,Statistics",Research,Financial Risk Analyst,"0 projects, 0 internships",Data Analyst
Undergraduate,Science/B.Sc,"SQL,Pandas,Mathematics,NumPy,Data Visualization","Finance,Business,Technology",Data Analyst,"1 projects, 0 internships",Data Analyst
Undergraduate,Commerce/B.Com,"Taxation,SQL,Problem Solving,Scrum,Economics,Financial Accounting","Finance,Government Jobs",Investment Banker,"0 projects, 1 internships",Chartered Accountant
Undergraduate,Commerce/B.Com,"Time Management,Scrum,SQL",Finance,Unknown Career,"0 projects, 0 internships",Chartered Accountant
Undergraduate,Electronics & Communication,"Python,Kubernetes,Mathematics","Research,Engineering",IoT Systems Architect,"1 projects, 1 internships",Embedded Systems Engineer
Undergraduate,Electronics & Communication,"AWS,Physics Lab,Docker,Data Structures,Mathematics,Linear Algebra",Technology,VLSI Design Engineer,"0 projects, 0 internships",Embedded Systems Engineer
Undergraduate,Law/LLB,"Law,Technical Writing,Leadership,Constitutional Law,Negotiation,Public Speaking","Law,Social Impact,Government Jobs",Patent Attorney,"2 projects, 1 internships",Corporate Lawyer
Undergraduate,Law/LLB,"Public Speaking,Technical Writing,Leadership","Law,Government Jobs,Social Impact",Criminal Defense Lawyer,"0 projects, 1 internships",Corporate Lawyer
Undergraduate,Computer Science,"Python,Java,Data Structures",Technology,DevOps Engineer,"1 projects, 1 internships",Software Engineer
Undergraduate,Science/B.Sc,"Communication,Mathematics,Statistics,Data Visualization","Technology,Business,Research",Actuarial Analyst,"0 projects, 1 internships",Data Analyst
Undergraduate,Electronics & Communication,"Docker,Data Structures,Kubernetes,Physics Lab,AWS",Research,Network Security Engineer,"0 projects, 0 internships",Embedded Systems Engineer
Undergraduate,Computer Science,"HTML,Python,Data Structures","AI/ML,Business",Software Engineer,"2 projects, 0 internships",Software Engineer
Undergraduate,Commerce/B.Com,"Financial Accounting,Economics,Communication",Government Jobs,Investment Banker,"1 projects, 0 internships",Chartered Accountant
Undergraduate,Electronics & Communication,"Physics Lab,Linear Algebra,C++,Python,Kubernetes,Mathematics","Research,Engineering,Technology",Network Security Engineer,"2 projects, 1 internships",Embedded Systems Engineer
Undergraduate,Computer Science,"C++,Algorithms,React,CSS,Node.js,SQL","Business,Technology",Software Engineer,"2 projects, 1 internships",Software Engineer
Class 12,PCM Stream,"Mathematics,Problem Solving,Writing,Python,Chemistry Lab,Physics Lab","Defence,Government Jobs,Engineering",Defense Officer (Army/Navy/Air Force),"1 projects, 1 internships",Civil Servant (IAS/IPS)
Undergraduate,Electronics & Communication,"AWS,Linear Algebra,Docker","Research,Technology,Engineering",VLSI Design Engineer,"1 projects, 0 internships",Embedded Systems Engineer
Undergraduate,Electronics & Communication,"AWS,C++,Linear Algebra","Research,Engineering,Technology",Embedded Systems Engineer,"1 projects, 0 internships",Embedded Systems Engineer
Undergraduate,Law/LLB,"Public Speaking,Leadership,Law,Legal Writing,Technical Writing,Negotiation","Law,Government Jobs,Social Impact",Criminal Defense Lawyer,"1 projects, 0 internships",Corporate Lawyer
Undergraduate,Electronics & Communication,"Figma,Linear Algebra,Physics Lab,AWS,Docker,Mathematics","Engineering,Research,Technology",VLSI Design Engineer,"2 projects, 0 internships",Embedded Systems Engineer
Undergraduate,Business/BBA,"Project Management,Public Speaking,Product Management,Sales",Entrepreneurship,Marketing Manager,"2 projects, 1 internships",Product Manager
Undergraduate,Commerce/B.Com,"Taxation,Data Analytics,Time Management,SQL","Finance,Business",Financial Consultant,"0 projects, 0 internships",Chartered Accountant
Undergraduate,Business/BBA,"Communication,Sales,Business Strategy,Marketing","Media,Business",Brand Strategist,"0 projects, 0 internships",Product Manager
Undergraduate,Law/LLB,"Public Speaking,Communication,Technical Writing,Constitutional Law",Social Impact,Corporate Lawyer,"1 projects, 0 internships",Corporate Lawyer
Undergraduate,Electronics & Communication,"Kubernetes,Data Structures,Mathematics,AWS",Technology,VLSI Design Engineer,"0 projects, 0 internships",Embedded Systems Engineer
Undergraduate,Business/BBA,"Marketing,Communication,Product Management","Media,Management,Business",Marketing Manager,"1 projects, 0 internships",Product Manager
Undergraduate,Electronics & Communication,"Docker,Mathematics,C++",Research,VLSI Design Engineer,"0 projects, 1 internships",Embedded Systems Engineer
Undergraduate,Computer Science,"JavaScript,Node.js,HTML","Business,Technology",AI/ML Engineer,"0 projects, 1 internships",Software Engineer
Undergraduate,Law/LLB,"Leadership,Negotiation,Constitutional Law,Law,Technical Writing,Legal Writing","Social Impact,Law,Government Jobs",Corporate Lawyer,"1 projects, 0 internships",Corporate Lawyer
Undergraduate,Commerce/B.Com,"Financial Accounting,Problem Solving,Taxation,Scrum",Business,Chartered Accountant,"0 projects, 1 internships",Chartered Accountant
Undergraduate,Business/BBA,"Business Strategy,Sales,SEO,Public Speaking,Product Management",Media,Management Consultant,"1 projects, 0 internships",Product Manager
Undergraduate,Computer Science,"REST APIs,Data Structures,CSS,JavaScript,Git","AI/ML,Technology",Data Scientist,"2 projects, 0 internships",Software Engineer
Undergraduate,Business/BBA,"Communication,Project Management,Business Strategy","Entrepreneurship,Business",Management Consultant,"1 projects, 1 internships",Product Manager
Undergraduate,Computer Science,"Git,HTML,SQL","Technology,Business,AI/ML",Cloud Architect,"1 projects, 1 internships",Software Engineer
Undergraduate,Law/LLB,"Communication,Leadership,Technical Writing,Negotiation,Legal Writing","Law,Government Jobs,Social Impact",Corporate Lawyer,"0 projects, 1 internships",Corporate Lawyer
Class 12,PCM Stream,"Mathematics,Problem Solving,Communication,Python,Writing,Chemistry Lab","Engineering,Defence",Defense Officer (Army/Navy/Air Force),"2 projects, 0 internships",Civil Servant (IAS/IPS)
Class 12,PCM Stream,"Writing,Communication,Python,Physics Lab,Chemistry Lab,Problem Solving",Research,Defense Officer (Army/Navy/Air Force),"1 projects, 0 internships",Civil Servant (IAS/IPS)
Class 12,PCM Stream,"Chemistry Lab,Mathematics,Writing","Engineering,Government Jobs",High School Physics Teacher,"1 projects, 1 internships",Civil Servant (IAS/IPS)
Class 12,PCM Stream,"Writing,Communication,Physics Lab",Engineering,Defense Officer (Army/Navy/Air Force),"0 projects, 0 internships",Civil Servant (IAS/IPS)
Undergraduate,Science/B.Sc,"SQL,Statistics,Mathematics,Python,NumPy",Research,Financial Risk Analyst,"1 projects, 1 internships",Data Analyst
Undergraduate,Science/B.Sc,"Communication,NumPy,Statistics,Pandas","Technology,Business",Data Scientist,"0 projects, 0 internships",Data Analyst
Undergraduate,Business/BBA,"Leadership,Communication,SEO",Media,Marketing Manager,"2 projects, 0 internships",Product Manager
Undergraduate,Business/BBA,"Marketing,SEO,Product Management,Leadership",Entrepreneurship,Brand Strategist,"2 projects, 0 internships",Product Manager
Undergraduate,Science/B.Sc,"Python,Pandas,SQL,NumPy,Communication,Mathematics","Technology,Business,Research",Data Scientist,"2 projects, 1 internships",Data Analyst
Undergraduate,Commerce/B.Com,"Communication,Problem Solving,SQL",Finance,Investment Banker,"0 projects, 1 internships",Chartered Accountant
Undergraduate,Business/BBA,"Public Speaking,Leadership,Product Management,Business Strategy,SEO",Entrepreneurship,Brand Strategist,"1 projects, 1 internships",Product Manager
Undergraduate,Law/LLB,"Leadership,Legal Writing,Public Speaking,Communication,Negotiation,Constitutional Law",Law,Patent Attorney,"1 projects, 0 internships",Corporate Lawyer
Class 12,PCM Stream,"Writing,Communication,Chemistry Lab,Mathematics","Engineering,Research,Government Jobs",Civil Servant (IAS/IPS),"2 projects, 1 internships",Civil Servant (IAS/IPS)
Undergraduate,Business/BBA,"Marketing,SEO,Public Speaking","Media,Management,Entrepreneurship",Marketing Manager,"1 projects, 0 internships",Product Manager
Undergraduate,Law/LLB,"Public Speaking,Leadership,Technical Writing,Negotiation","Government Jobs,Social Impact",Corporate Lawyer,"0 projects, 1 internships",Corporate Lawyer
Class 12,PCM Stream,"Communication,Python,Chemistry Lab,Problem Solving,Mathematics","Engineering,Government Jobs,Defence",High School Physics Teacher,"2 projects, 0 internships",Civil Servant (IAS/IPS)
Undergraduate,Science/B.Sc,"NumPy,Communication,SQL,Pandas","Finance,Business,Research",Data Analyst,"2 projects, 0 internships",Data Analyst
Undergraduate,Business/BBA,"Project Management,SEO,Marketing,Product Management","Media,Management",Marketing Manager,"2 projects, 1 internships",Product Manager
Undergraduate,Business/BBA,"SEO,Marketing,Product Management","Business,Management,Entrepreneurship",Marketing Manager,"1 projects, 1 internships",Product Manager
Undergraduate,Business/BBA,"Marketing,Product Management,Communication","Entrepreneurship,Business",Brand Strategist,"0 projects, 0 internships",Product Manager
Undergraduate,Electronics & Communication,"Physics Lab,Kubernetes,Linear Algebra,Mathematics","Engineering,Technology,Research",Embedded Systems Engineer,"2 projects, 1 internships",Embedded Systems Engineer
Undergraduate,Electronics & Communication,"Mathematics,Python,Physics Lab",Research,Network Security Engineer,"2 projects, 1 internships",Embedded Systems Engineer
Undergraduate,Science/B.Sc,"Statistics,Communication,Mathematics,Data Visualization,SQL,Python",Research,Financial Risk Analyst,"2 projects, 1 internships",Data Analyst
Undergraduate,Commerce/B.Com,"Communication,Problem Solving,Data Analytics,Economics",Government Jobs,Unknown Career,"1 projects, 1 internships",Chartered Accountant
Undergraduate,Business/BBA,"SEO,Project Management,Leadership,Communication,Product Management","Media,Business,Management",Management Consultant,"1 projects, 1 internships",Product Manager
Undergraduate,Law/LLB,"Communication,Legal Writing,Public Speaking,Constitutional Law","Law,Government Jobs,Social Impact",Patent Attorney,"1 projects, 1 internships",Corporate Lawyer
Undergraduate,Business/BBA,"Project Management,Leadership,Business Strategy","Media,Business,Entrepreneurship",Marketing Manager,"1 projects, 0 internships",Product Manager
Class 12,PCM Stream,"Physics Lab,Communication,Python,Problem Solving,Writing,Mathematics","Research,Defence",Research Scientist,"2 projects, 0 internships",Civil Servant (IAS/IPS)
Undergraduate,Science/B.Sc,"Statistics,SQL,Communication,Data Analytics,Data Visualization,Mathematics","Business,Finance",Data Scientist,"0 projects, 0 internships",Data Analyst
Undergraduate,Computer Science,"CSS,Data Structures,SQL,Node.js,Git,Java","Business,AI/ML",Cloud Architect,"2 projects, 0 internships",Software Engineer
Class 12,PCM Stream,"Chemistry Lab,Problem Solving,Physics Lab,Communication,Python,Writing","Engineering,Government Jobs,Defence",Research Scientist,"1 projects, 0 internships",Civil Servant (IAS/IPS)
Undergraduate,Commerce/B.Com,"Scrum,Taxation,SQL,Economics",Finance,Investment Banker,"1 projects, 0 internships",Chartered Accountant
Undergraduate,Law/LLB,"Public Speaking,Constitutional Law,Technical Writing,Leadership",Law,Public Prosecutor,"0 projects, 0 internships",Corporate Lawyer
Undergraduate,Business/BBA,"Business Strategy,Marketing,SEO","Management,Business,Entrepreneurship",Management Consultant,"1 projects, 0 internships",Product Manager
Undergraduate,Law/LLB,"Public Speaking,Negotiation,Leadership","Law,Social Impact",Patent Attorney,"2 projects, 0 internships",Corporate Lawyer
Undergraduate,Science/B.Sc,"Pandas,Data Visualization,Python","Research,Finance,Technology",Financial Risk Analyst,"2 projects, 0 internships",Data Analyst
Class 12,PCM Stream,"Problem Solving,Physics Lab,Mathematics,Python,Communication","Government Jobs,Research",Civil Servant (IAS/IPS),"1 projects, 0 internships",Civil Servant (IAS/IPS)
Undergraduate,Commerce/B.Com,"Communication,Problem Solving,Financial Accounting,Taxation,Scrum","Government Jobs,Business",Investment Banker,"2 projects, 0 internships",Chartered Accountant
Class 12,PCM Stream,"Mathematics,Physics Lab,Problem Solving,Chemistry Lab","Research,Defence,Government Jobs",Defense Officer (Army/Navy/Air Force),"1 projects, 0 internships",Civil Servant (IAS/IPS)
Undergraduate,Science/B.Sc,"Python,Mathematics,NumPy,Statistics,Data Analytics","Business,Technology,Finance",Actuarial Analyst,"1 projects, 1 internships",Data Analyst
Class 12,PCM Stream,"Communication,Problem Solving,Physics Lab",Engineering,High School Physics Teacher,"1 projects, 1 internships",Civil Servant (IAS/IPS)
Undergraduate,Law/LLB,"Constitutional Law,Negotiation,Public Speaking,Leadership",Government Jobs,Corporate Lawyer,"1 projects, 1 internships",Corporate Lawyer
Undergraduate,Computer Science,"JavaScript,Git,CSS,REST APIs,Data Structures,HTML",Business,Cloud Architect,"0 projects, 0 internships",Software Engineer
Undergraduate,Business/BBA,"Leadership,Business Strategy,Sales,Communication,SEO","Media,Management",Marketing Manager,"1 projects, 0 internships",Product Manager
Undergraduate,Science/B.Sc,"Pandas,Data Analytics,Statistics,Mathematics","Technology,Finance,Research",Financial Risk Analyst,"0 projects, 1 internships",Data Analyst
Undergraduate,Science/B.Sc,"Statistics,Pandas,Communication","Research,Finance,Business",Actuarial Analyst,"1 projects, 0 internships",Data Analyst
Undergraduate,Law/LLB,"Technical Writing,Law,Communication","Law,Social Impact,Government Jobs",Public Prosecutor,"1 projects, 0 internships",Corporate Lawyer
Undergraduate,Science/B.Sc,"Pandas,Data Analytics,Python,SQL","Technology,Finance,Business",Financial Risk Analyst,"1 projects, 1 internships",Data Analyst
Undergraduate,Science/B.Sc,"Data Visualization,NumPy,Mathematics,Statistics","Business,Finance,Research",Data Analyst,"0 projects, 0 internships",Data Analyst
Undergraduate,Law/LLB,"Leadership,Technical Writing,Legal Writing,Communication,Constitutional Law","Law,Government Jobs,Social Impact",Patent Attorney,"0 projects, 0 internships",Corporate Lawyer
Undergraduate,Commerce/B.Com,"Time Management,SQL,Economics,Data Analytics",Business,Chartered Accountant,"0 projects, 1 internships",Chartered Accountant
Undergraduate,Business/BBA,"Business Strategy,SEO,Public Speaking,Leadership","Business,Management",Management Consultant,"2 projects, 1 internships",Product Manager
Undergraduate,Electronics & Communication,"Linear Algebra,Docker,Physics Lab","Research,Technology",IoT Systems Architect,"1 projects, 1 internships",Embedded Systems Engineer
Undergraduate,Business/BBA,"Public Speaking,Communication,Marketing",Media,Marketing Manager,"1 projects, 0 internships",Product Manager
Class 12,PCM Stream,"Python,Mathematics,Chemistry Lab,Problem Solving",Research,Research Scientist,"2 projects, 1 internships",Civil Servant (IAS/IPS)
Undergraduate,Business/BBA,"Project Management,Product Management,Marketing",Business,Management Consultant,"1 projects, 1 internships",Product Manager
Undergraduate,Commerce/B.Com,"Communication,Taxation,Scrum",Business,Investment Banker,"1 projects, 1 internships",Chartered Accountant
Class 12,PCM Stream,"Physics Lab,Chemistry Lab,Mathematics,Problem Solving",Government Jobs,Research Scientist,"2 projects, 0 internships",Civil Servant (IAS/IPS)
Undergraduate,Electronics & Communication,"Physics Lab,Python,Docker,Mathematics","Research,Technology,Engineering",Embedded Systems Engineer,"1 projects, 1 internships",Embedded Systems Engineer
Undergraduate,Law/LLB,"Constitutional Law,Leadership,Communication",Law,Criminal Defense Lawyer,"2 projects, 0 internships",Corporate Lawyer
Class 12,PCM Stream,"Mathematics,Chemistry Lab,Communication",Research,Research Scientist,"0 projects, 1 internships",Civil Servant (IAS/IPS)
Undergraduate,Law/LLB,"Law,Leadership,Communication","Law,Social Impact,Government Jobs",Corporate Lawyer,"1 projects, 0 internships",Corporate Lawyer
Undergraduate,Law/LLB,"Negotiation,Public Speaking,Technical Writing,Communication,Leadership,Constitutional Law",Government Jobs,Corporate Lawyer,"2 projects, 0 internships",Corporate Lawyer
Undergraduate,Law/LLB,"Legal Writing,Leadership,Law,Communication,Negotiation,Technical Writing","Law,Social Impact",Public Prosecutor,"2 projects, 0 internships",Corporate Lawyer
Undergraduate,Computer Science,"React,Java,C++,HTML,CSS,JavaScript","Technology,AI/ML,Business",DevOps Engineer,"1 projects, 1 internships",Software Engineer
Undergraduate,Electronics & Communication,"Docker,Figma,Mathematics,Data Structures,Physics Lab,Kubernetes","Technology,Engineering",Embedded Systems Engineer,"2 projects, 0 internships",Embedded Systems Engineer
Undergraduate,Science/B.Sc,"SQL,Statistics,Communication",Technology,Data Analyst,"0 projects, 0 internships",Data Analyst
Undergraduate,Business/BBA,"Communication,Business Strategy,Public Speaking,Product Management,Leadership",Entrepreneurship,Product Manager,"0 projects, 0 internships",Product Manager
Undergraduate,Science/B.Sc,"Statistics,Data Visualization,SQL,NumPy,Python,Mathematics",Finance,Financial Risk Analyst,"0 projects, 1 internships",Data Analyst
Undergraduate,Commerce/B.Com,"Data Analytics,Time Management,Communication,Financial Accounting,SQL","Government Jobs,Business,Finance",Financial Consultant,"2 projects, 0 internships",Chartered Accountant
Undergraduate,Commerce/B.Com,"Financial Accounting,Problem Solving,Time Management,Communication","Government Jobs,Business",Chartered Accountant,"1 projects, 1 internships",Chartered Accountant
Class 12,PCM Stream,"Python,Physics Lab,Writing","Defence,Government Jobs",Civil Servant (IAS/IPS),"2 projects, 1 internships",Civil Servant (IAS/IPS)
Undergraduate,Business/BBA,"Sales,Marketing,SEO,Product Management","Entrepreneurship,Management",Management Consultant,"2 projects, 0 internships",Product Manager
Undergraduate,Commerce/B.Com,"Economics,Time Management,Problem Solving,Communication,Data Analytics,Scrum",Business,Financial Consultant,"2 projects, 1 internships",Chartered Accountant
Undergraduate,Electronics & Communication,"C++,Mathematics,AWS,Python","Technology,Research",Embedded Systems Engineer,"2 projects, 0 internships",Embedded Systems Engineer
Undergraduate,Electronics & Communication,"Kubernetes,AWS,Python,C++,Figma,Mathematics",Engineering,VLSI Design Engineer,"0 projects, 0 internships",Embedded Systems Engineer
Undergraduate,Law/LLB,"Leadership,Public Speaking,Negotiation,Communication",Law,Corporate Lawyer,"2 projects, 1 internships",Corporate Lawyer
Undergraduate,Electronics & Communication,"Figma,Linear Algebra,Data Structures,C++,Docker",Research,VLSI Design Engineer,"1 projects, 0 internships",Embedded Systems Engineer
Undergraduate,Law/LLB,"Communication,Technical Writing,Negotiation",Social Impact,Patent Attorney,"2 projects, 1 internships",Corporate Lawyer
Undergraduate,Science/B.Sc,"Data Visualization,SQL,Data Analytics,NumPy",Research,Financial Risk Analyst,"1 projects, 0 internships",Data Analyst
Undergraduate,Law/LLB,"Leadership,Legal Writing,Public Speaking","Law,Government Jobs",Patent Attorney,"2 projects, 1 internships",Corporate Lawyer
Undergraduate,Law/LLB,"Law,Legal Writing,Technical Writing,Constitutional Law",Social Impact,Corporate Lawyer,"1 projects, 1 internships",Corporate Lawyer
Undergraduate,Law/LLB,"Leadership,Technical Writing,Constitutional Law,Negotiation,Communication",Law,Patent Attorney,"1 projects, 1 internships",Corporate Lawyer
Undergraduate,Electronics & Communication,"Physics Lab,Kubernetes,Python","Engineering,Technology",Network Security Engineer,"2 projects, 0 internships",Embedded Systems Engineer
Undergraduate,Electronics & Communication,"Python,Mathematics,AWS,C++,Linear Algebra","Research,Engineering",Embedded Systems Engineer,"2 projects, 0 internships",Embedded Systems Engineer
Undergraduate,Commerce/B.Com,"Financial Accounting,Data Analytics,Scrum,Problem Solving","Business,Government Jobs,Finance",Chartered Accountant,"1 projects, 0 internships",Chartered Accountant
Undergraduate,Science/B.Sc,"SQL,Data Analytics,Python,Data Visualization,Pandas","Research,Finance,Business",Data Analyst,"2 projects, 0 internships",Data Analyst
Class 12,PCM Stream,"Python,Writing,Physics Lab,Chemistry Lab,Mathematics","Research,Government Jobs",Research Scientist,"0 projects, 0 internships",Civil Servant (IAS/IPS)
Undergraduate,Science/B.Sc,"Data Analytics,NumPy,SQL,Mathematics,Python",Finance,Actuarial Analyst,"0 projects, 0 internships",Data Analyst
Undergraduate,Commerce/B.Com,"Scrum,Time Management,Economics,SQL",Business,Financial Consultant,"2 projects, 0 internships",Chartered Accountant
Undergraduate,Commerce/B.Com,"Taxation,Financial Accounting,Scrum,Communication,SQL","Government Jobs,Finance",Investment Banker,"2 projects, 0 internships",Chartered Accountant
Undergraduate,Science/B.Sc,"Pandas,Data Analytics,SQL",Finance,Financial Risk Analyst,"1 projects, 0 internships",Data Analyst
Undergraduate,Science/B.Sc,"Mathematics,Data Visualization,Python,NumPy",Finance,Financial Risk Analyst,"2 projects, 1 internships",Data Analyst
Class 12,PCM Stream,"Mathematics,Chemistry Lab,Writing,Physics Lab,Communication,Python","Defence,Government Jobs,Research",Research Scientist,"0 projects, 0 internships",Civil Servant (IAS/IPS)
Undergraduate,Electronics & Communication,"Physics Lab,Linear Algebra,Mathematics,Figma",Technology,Network Security Engineer,"1 projects, 1 internships",Embedded Systems Engineer
Undergraduate,Computer Science,"CSS,SQL,React,Node.js",Business,AI/ML Engineer,"2 projects, 0 internships",Software Engineer
Class 12,PCM Stream,"Physics Lab,Python,Writing,Problem Solving","Government Jobs,Defence,Engineering",Defense Officer (Army/Navy/Air Force),"2 projects, 0 internships",Civil Servant (IAS/IPS)
Undergraduate,Science/B.Sc,"SQL,NumPy,Data Visualization,Python,Pandas,Data Analytics",Technology,Data Scientist,"0 projects, 1 internships",Data Analyst
Undergraduate,Electronics & Communication,"Linear Algebra,Mathematics,Figma","Research,Technology",IoT Systems Architect,"1 projects, 0 internships",Embedded Systems Engineer
Undergraduate,Science/B.Sc,"Statistics,Pandas,Communication,Mathematics,SQL",Business,Data Analyst,"2 projects, 0 internships",Data Analyst
Undergraduate,Science/B.Sc,"Pandas,Communication,Statistics,NumPy",Finance,Financial Risk Analyst,"2 projects, 1 internships",Data Analyst
Undergraduate,Business/BBA,"SEO,Public Speaking,Business Strategy,Sales,Leadership",Entrepreneurship,Brand Strategist,"0 projects, 1 internships",Product Manager
Undergraduate,Computer Science,"Algorithms,Java,React,Node.js","Business,AI/ML,Technology",Software Engineer,"1 projects, 1 internships",Software Engineer
Undergraduate,Commerce/B.Com,"Communication,Taxation,Financial Accounting","Business,Finance",Unknown Career,"2 projects, 0 internships",Chartered Accountant
Undergraduate,Electronics & Communication,"Physics Lab,Linear Algebra,Python,AWS","Research,Technology,Engineering",Network Security Engineer,"0 projects, 0 internships",Embedded Systems Engineer
Undergraduate,Computer Science,"HTML,SQL,React,Node.js","AI/ML,Technology",DevOps Engineer,"2 projects, 0 internships",Software Engineer
Undergraduate,Business/BBA,"Marketing,Communication,Public Speaking,Sales,Leadership,Business Strategy","Management,Entrepreneurship,Media",Product Manager,"2 projects, 0 internships",Product Manager
Undergraduate,Science/B.Sc,"Data Visualization,Mathematics,Python,Pandas,NumPy","Research,Business,Technology",Data Analyst,"2 projects, 0 internships",Data Analyst
Undergraduate,Business/BBA,"Sales,Project Management,Business Strategy","Media,Entrepreneurship,Management",Marketing Manager,"0 projects, 0 internships",Product Manager
Undergraduate,Commerce/B.Com,"Taxation,Data Analytics,Economics",Finance,Investment Banker,"2 projects, 1 internships",Chartered Accountant
Undergraduate,Commerce/B.Com,"Problem Solving,Communication,Taxation",Finance,Financial Consultant,"2 projects, 0 internships",Chartered Accountant
Undergraduate,Electronics & Communication,"Linear Algebra,Figma,C++",Research,Network Security Engineer,"0 projects, 1 internships",Embedded Systems Engineer
Undergraduate,Computer Science,"JavaScript,REST APIs,Node.js,Algorithms,Java","Technology,Business,AI/ML",Cloud Architect,"2 projects, 0 internships",Software Engineer
Undergraduate,Law/LLB,"Technical Writing,Leadership,Legal Writing,Constitutional Law,Communication","Law,Social Impact",Public Prosecutor,"1 projects, 0 internships",Corporate Lawyer
Undergraduate,Science/B.Sc,"Data Visualization,NumPy,Python","Finance,Technology",Financial Risk Analyst,"1 projects, 1 internships",Data Analyst
Undergraduate,Commerce/B.Com,"Problem Solving,Data Analytics,Scrum,Taxation,Economics",Finance,Financial Consultant,"0 projects, 1 internships",Chartered Accountant
Undergraduate,Computer Science,"Node.js,REST APIs,Algorithms,C++,Python","Technology,AI/ML",Cloud Architect,"2 projects, 0 internships",Software Engineer
Class 12,PCM Stream,"Chemistry Lab,Writing,Python,Physics Lab,Mathematics,Problem Solving","Government Jobs,Research",High School Physics Teacher,"1 projects, 1 internships",Civil Servant (IAS/IPS)
Undergraduate,Commerce/B.Com,"Financial Accounting,SQL,Taxation",Finance,Unknown Career,"1 projects, 1 internships",Chartered Accountant
Undergraduate,Electronics & Communication,"Figma,Linear Algebra,Kubernetes,Physics Lab,Docker","Research,Technology",IoT Systems Architect,"2 projects, 0 internships",Embedded Systems Engineer
Undergraduate,Business/BBA,"Communication,Project Management,Marketing,Leadership,SEO","Media,Management",Product Manager,"1 projects, 1 internships",Product Manager
Undergraduate,Computer Science,"JavaScript,Python,Git","Technology,Business,AI/ML",DevOps Engineer,"0 projects, 0 internships",Software Engineer
Undergraduate,Electronics & Communication,"Data Structures,AWS,Linear Algebra,Docker,Mathematics,Physics Lab",Research,Embedded Systems Engineer,"2 projects, 0 internships",Embedded Systems Engineer
Undergraduate,Business/BBA,"Marketing,SEO,Business Strategy,Product Management,Public Speaking,Leadership","Business,Management",Management Consultant,"2 projects, 1 internships",Product Manager
Undergraduate,Law/LLB,"Legal Writing,Negotiation,Communication,Technical Writing,Public Speaking","Social Impact,Government Jobs",Public Prosecutor,"0 projects, 1 internships",Corporate Lawyer
Undergraduate,Computer Science,"HTML,REST APIs,Node.js,Python,Git,SQL","Business,Technology,AI/ML",AI/ML Engineer,"1 projects, 0 internships",Software Engineer
Class 12,PCM Stream,"Python,Mathematics,Physics Lab,Chemistry Lab,Problem Solving,Communication","Government Jobs,Engineering,Defence",Defense Officer (Army/Navy/Air Force),"1 projects, 0 internships",Civil Servant (IAS/IPS)
Undergraduate,Science/B.Sc,"Mathematics,SQL,Data Visualization,NumPy","Finance,Business,Research",Actuarial Analyst,"1 projects, 0 internships",Data Analyst
Undergraduate,Science/B.Sc,"Data Analytics,SQL,Communication,Statistics",Finance,Data Analyst,"0 projects, 0 internships",Data Analyst
Undergraduate,Electronics & Communication,"Linear Algebra,Physics Lab,Docker","Technology,Research",IoT Systems Architect,"2 projects, 0 internships",Embedded Systems Engineer
Undergraduate,Business/BBA,"Project Management,Leadership,Marketing,Business Strategy",Management,Management Consultant,"1 projects, 1 internships",Product Manager
Undergraduate,Electronics & Communication,"Kubernetes,AWS,Data Structures,Linear Algebra,Figma,Docker","Research,Technology,Engineering",Embedded Systems Engineer,"2 projects, 0 internships",Embedded Systems Engineer
Class 12,PCM Stream,"Mathematics,Python,Physics Lab,Writing,Chemistry Lab,Communication","Government Jobs,Defence",Research Scientist,"0 projects, 1 internships",Civil Servant (IAS/IPS)
Undergraduate,Law/LLB,"Negotiation,Technical Writing,Leadership,Legal Writing,Public Speaking,Law",Social Impact,Criminal Defense Lawyer,"1 projects, 1 internships",Corporate Lawyer
Class 12,PCM Stream,"Mathematics,Writing,Communication,Problem Solving","Government Jobs,Defence,Engineering",Civil Servant (IAS/IPS),"2 projects, 1 internships",Civil Servant (IAS/IPS)
Undergraduate,Law/LLB,"Public Speaking,Technical Writing,Constitutional Law","Government Jobs,Social Impact",Corporate Lawyer,"2 projects, 0 internships",Corporate Lawyer
Undergraduate,Business/BBA,"Project Management,Business Strategy,Communication,Product Management,Leadership,Marketing",Media,Management Consultant,"2 projects, 0 internships",Product Manager
Undergraduate,Business/BBA,"Product Management,SEO,Marketing,Communication","Management,Business,Entrepreneurship",Product Manager,"0 projects, 0 internships",Product Manager
Undergraduate,Computer Science,"Algorithms,REST APIs,Data Structures,SQL,Java,CSS","AI/ML,Business",Data Scientist,"0 projects, 0 internships",Software Engineer
Undergraduate,Commerce/B.Com,"Time Management,Data Analytics,Economics,Financial Accounting","Government Jobs,Finance,Business",Chartered Accountant,"0 projects, 0 internships",Chartered Accountant
Class 12,PCM Stream,"Communication,Python,Chemistry Lab,Problem Solving,Physics Lab","Defence,Research,Engineering",Civil Servant (IAS/IPS),"0 projects, 1 internships",Civil Servant (IAS/IPS)
Undergraduate,Law/LLB,"Law,Leadership,Public Speaking","Social Impact,Law",Corporate Lawyer,"2 projects, 1 internships",Corporate Lawyer
Undergraduate,Law/LLB,"Negotiation,Communication,Public Speaking,Law,Technical Writing,Leadership",Government Jobs,Criminal Defense Lawyer,"0 projects, 1 internships",Corporate Lawyer
Undergraduate,Computer Science,"Node.js,Python,React","Business,Technology,AI/ML",Data Scientist,"0 projects, 1 internships",Software Engineer
Class 12,PCM Stream,"Mathematics,Chemistry Lab,Problem Solving","Engineering,Defence,Research",Research Scientist,"2 projects, 1 internships",Civil Servant (IAS/IPS)
Undergraduate,Business/BBA,"Communication,Project Management,Public Speaking,SEO,Business Strategy","Management,Media,Entrepreneurship",Marketing Manager,"1 projects, 1 internships",Product Manager
Undergraduate,Electronics & Communication,"C++,Mathematics,Figma,Kubernetes,Python",Technology,IoT Systems Architect,"0 projects, 0 internships",Embedded Systems Engineer
Undergraduate,Electronics & Communication,"C++,Python,Data Structures,Linear Algebra,AWS","Technology,Engineering",Embedded Systems Engineer,"2 projects, 1 internships",Embedded Systems Engineer
Undergraduate,Business/BBA,"Public Speaking,Product Management,Marketing,Communication","Management,Media,Business",Management Consultant,"2 projects, 1 internships",Product Manager
Class 12,PCM Stream,"Communication,Physics Lab,Problem Solving,Writing,Chemistry Lab,Mathematics","Government Jobs,Defence,Engineering",Civil Servant (IAS/IPS),"2 projects, 0 internships",Civil Servant (IAS/IPS)
Undergraduate,Business/BBA,"Business Strategy,Public Speaking,Project Management,Sales,Product Management,Communication",Management,Brand Strategist,"2 projects, 0 internships",Product Manager
Undergraduate,Business/BBA,"SEO,Marketing,Leadership,Sales",Business,Brand Strategist,"0 projects, 1 internships",Product Manager
Undergraduate,Science/B.Sc,"NumPy,Communication,Python","Research,Business",Actuarial Analyst,"2 projects, 0 internships",Data Analyst
Undergraduate,Business/BBA,"Public Speaking,Business Strategy,Project Management,Communication,Sales,Marketing","Business,Management",Brand Strategist,"2 projects, 0 internships",Product Manager
Class 12,PCM Stream,"Problem Solving,Writing,Mathematics","Engineering,Government Jobs,Research",High School Physics Teacher,"0 projects, 0 internships",Civil Servant (IAS/IPS)
Undergraduate,Commerce/B.Com,"Time Management,SQL,Communication,Problem Solving,Scrum","Government Jobs,Finance,Business",Chartered Accountant,"2 projects, 0 internships",Chartered Accountant
Undergraduate,Law/LLB,"Communication,Public Speaking,Legal Writing","Social Impact,Government Jobs",Criminal Defense Lawyer,"1 projects, 0 internships",Corporate Lawyer
Undergraduate,Commerce/B.Com,"Taxation,Financial Accounting,Data Analytics,Economics,Communication",Business,Investment Banker,"1 projects, 0 internships",Chartered Accountant
Undergraduate,Commerce/B.Com,"Economics,Time Management,Data Analytics,Communication,Financial Accounting",Finance,Investment Banker,"2 projects, 1 internships",Chartered Accountant
Undergraduate,Computer Science,"React,JavaScript,Java,CSS,Git","Business,AI/ML,Technology",Software Engineer,"2 projects, 1 internships",Software Engineer
Undergraduate,Business/BBA,"Public Speaking,Sales,Communication,Product Management,Leadership","Media,Management",Brand Strategist,"2 projects, 1 internships",Product Manager
Undergraduate,Electronics & Communication,"Docker,Figma,Linear Algebra",Research,IoT Systems Architect,"2 projects, 1 internships",Embedded Systems Engineer
Class 12,PCM Stream,"Chemistry Lab,Mathematics,Physics Lab","Government Jobs,Defence,Research",Research Scientist,"1 projects, 1 internships",Civil Servant (IAS/IPS)
Undergraduate,Business/BBA,"SEO,Project Management,Business Strategy",Entrepreneurship,Brand Strategist,"1 projects, 0 internships",Product Manager
Undergraduate,Commerce/B.Com,"Problem Solving,Communication,SQL,Data Analytics,Time Management",Finance,Unknown Career,"0 projects, 0 internships",Chartered Accountant
Undergraduate,Business/BBA,"Leadership,Public Speaking,Business Strategy,Marketing,Sales,SEO",Entrepreneurship,Management Consultant,"0 projects, 0 internships",Product Manager
Undergraduate,Electronics & Communication,"Kubernetes,Data Structures,Linear Algebra,Docker,Mathematics",Engineering,IoT Systems Architect,"1 projects, 1 internships",Embedded Systems Engineer
Undergraduate,Commerce/B.Com,"Economics,Taxation,Problem Solving,Scrum",Government Jobs,Unknown Career,"0 projects, 0 internships",Chartered Accountant
Class 12,PCM Stream,"Mathematics,Python,Problem Solving,Communication,Chemistry Lab","Engineering,Defence,Research",Defense Officer (Army/Navy/Air Force),"0 projects, 1 internships",Civil Servant (IAS/IPS)
Undergraduate,Business/BBA,"Product Management,Communication,Business Strategy,Public Speaking,Project Management,Marketing","Business,Management,Entrepreneurship",Marketing Manager,"0 projects, 1 internships",Product Manager
Undergraduate,Science/B.Sc,"Data Analytics,NumPy,Data Visualization","Technology,Business,Finance",Financial Risk Analyst,"0 projects, 0 internships",Data Analyst
Undergraduate,Law/LLB,"Constitutional Law,Negotiation,Public Speaking,Communication,Law,Technical Writing","Law,Social Impact,Government Jobs",Public Prosecutor,"1 projects, 0 internships",Corporate Lawyer
Undergraduate,Electronics & Communication,"Figma,Mathematics,Docker,AWS,Kubernetes,Data Structures",Engineering,IoT Systems Architect,"2 projects, 0 internships",Embedded Systems Engineer
Class 12,PCM Stream,"Python,Physics Lab,Problem Solving,Chemistry Lab","Government Jobs,Engineering",High School Physics Teacher,"0 projects, 0 internships",Civil Servant (IAS/IPS)
Undergraduate,Business/BBA,"Product Management,Marketing,Public Speaking,Leadership",Management,Marketing Manager,"2 projects, 0 internships",Product Manager
Undergraduate,Business/BBA,"Project Management,Business Strategy,Communication,Product Management",Management,Brand Strategist,"1 projects, 0 internships",Product Manager
Undergraduate,Electronics & Communication,"C++,Docker,Mathematics,Figma","Technology,Research",Network Security Engineer,"0 projects, 0 internships",Embedded Systems Engineer
Undergraduate,Law/LLB,"Constitutional Law,Law,Negotiation",Government Jobs,Public Prosecutor,"1 projects, 1 internships",Corporate Lawyer
Undergraduate,Law/LLB,"Communication,Technical Writing,Law","Law,Social Impact,Government Jobs",Corporate Lawyer,"2 projects, 1 internships",Corporate Lawyer
Undergraduate,Electronics & Communication,"Linear Algebra,AWS,C++",Technology,IoT Systems Architect,"2 projects, 0 internships",Embedded Systems Engineer
Undergraduate,Electronics & Communication,"Mathematics,Python,Data Structures","Engineering,Research,Technology",Network Security Engineer,"0 projects, 1 internships",Embedded Systems Engineer
Undergraduate,Commerce/B.Com,"Communication,Data Analytics,Financial Accounting,Taxation","Business,Finance",Financial Consultant,"2 projects, 0 internships",Chartered Accountant
Class 12,PCM Stream,"Problem Solving,Physics Lab,Python",Research,High School Physics Teacher,"1 projects, 0 internships",Civil Servant (IAS/IPS)
Undergraduate,Electronics & Communication,"C++,Docker,Python",Research,Network Security Engineer,"1 projects, 0 internships",Embedded Systems Engineer
Undergraduate,Science/B.Sc,"Data Visualization,Communication,SQL,Python,Pandas,Mathematics","Technology,Finance",Data Scientist,"1 projects, 1 internships",Data Analyst
Class 12,PCM Stream,"Writing,Python,Communication","Research,Government Jobs",High School Physics Teacher,"1 projects, 0 internships",Civil Servant (IAS/IPS)
Undergraduate,Business/BBA,"Marketing,Communication,Leadership,Sales,Product Management","Entrepreneurship,Media",Management Consultant,"2 projects, 0 internships",Product Manager
Undergraduate,Business/BBA,"Business Strategy,Product Management,Sales,Leadership,Marketing,SEO","Business,Management",Management Consultant,"0 projects, 1 internships",Product Manager
Undergraduate,Electronics & Communication,"Data Structures,C++,Kubernetes,Figma,Docker","Research,Technology,Engineering",IoT Systems Architect,"2 projects, 1 internships",Embedded Systems Engineer
Undergraduate,Science/B.Sc,"Data Analytics,Data Visualization,Communication","Research,Technology",Financial Risk Analyst,"2 projects, 1 internships",Data Analyst
Undergraduate,Commerce/B.Com,"SQL,Problem Solving,Time Management","Government Jobs,Finance",Investment Banker,"2 projects, 1 internships",Chartered Accountant
Undergraduate,Science/B.Sc,"Mathematics,Pandas,Python,Data Visualization,Data Analytics","Business,Technology,Research",Data Analyst,"2 projects, 0 internships",Data Analyst
Undergraduate,Electronics & Communication,"C++,Linear Algebra,Figma","Engineering,Research,Technology",Embedded Systems Engineer,"2 projects, 1 internships",Embedded Systems Engineer
Undergraduate,Law/LLB,"Public Speaking,Legal Writing,Technical Writing,Communication","Law,Social Impact,Government Jobs",Corporate Lawyer,"1 projects, 1 internships",Corporate Lawyer
Undergraduate,Commerce/B.Com,"Economics,Problem Solving,Taxation,SQL,Data Analytics","Finance,Government Jobs,Business",Financial Consultant,"2 projects, 0 internships",Chartered Accountant
Undergraduate,Electronics & Communication,"Linear Algebra,Figma,Docker,AWS,Kubernetes,Physics Lab","Technology,Engineering,Research",Network Security Engineer,"0 projects, 1 internships",Embedded Systems Engineer
Undergraduate,Law/LLB,"Constitutional Law,Negotiation,Leadership,Legal Writing,Law,Technical Writing","Law,Government Jobs",Corporate Lawyer,"1 projects, 1 internships",Corporate Lawyer
Class 12,PCM Stream,"Writing,Problem Solving,Communication,Chemistry Lab",Engineering,Defense Officer (Army/Navy/Air Force),"0 projects, 0 internships",Civil Servant (IAS/IPS)
Undergraduate,Science/B.Sc,"Python,SQL,Data Visualization",Business,Actuarial Analyst,"0 projects, 0 internships",Data Analyst
Undergraduate,Law/LLB,"Negotiation,Constitutional Law,Law,Public Speaking,Legal Writing,Communication","Social Impact,Law,Government Jobs",Public Prosecutor,"2 projects, 1 internships",Corporate Lawyer
Undergraduate,Electronics & Communication,"Kubernetes,Docker,Data Structures","Research,Technology",IoT Systems Architect,"2 projects, 1 internships",Embedded Systems Engineer
Undergraduate,Computer Science,"JavaScript,C++,React,Algorithms,Python,Data Structures","AI/ML,Business",AI/ML Engineer,"1 projects, 0 internships",Software Engineer
Undergraduate,Law/LLB,"Legal Writing,Communication,Negotiation,Public Speaking,Constitutional Law,Technical Writing","Government Jobs,Law,Social Impact",Public Prosecutor,"2 projects, 1 internships",Corporate Lawyer
Class 12,PCM Stream,"Physics Lab,Python,Chemistry Lab,Mathematics,Communication",Defence,High School Physics Teacher,"1 projects, 0 internships",Civil Servant (IAS/IPS)
Undergraduate,Business/BBA,"Marketing,Communication,Project Management","Entrepreneurship,Management",Management Consultant,"2 projects, 1 internships",Product Manager
Undergraduate,Computer Science,"Python,CSS,React,Node.js,C++,Data Structures",Business,Data Scientist,"1 projects, 1 internships",Software Engineer
Undergraduate,Electronics & Communication,"AWS,Linear Algebra,C++,Python",Technology,Embedded Systems Engineer,"2 projects, 1 internships",Embedded Systems Engineer
Undergraduate,Commerce/B.Com,"Scrum,Economics,Time Management,Taxation,Communication,Problem Solving","Business,Finance,Government Jobs",Chartered Accountant,"1 projects, 0 internships",Chartered Accountant
Undergraduate,Business/BBA,"Project Management,SEO,Public Speaking,Product Management",Media,Product Manager,"1 projects, 1 internships",Product Manager
Undergraduate,Commerce/B.Com,"Financial Accounting,Taxation,Scrum,Communication,Data Analytics",Business,Investment Banker,"2 projects, 0 internships",Chartered Accountant
Undergraduate,Computer Science,"CSS,Algorithms,Git",AI/ML,Software Engineer,"1 projects, 1 internships",Software Engineer
Undergraduate,Science/B.Sc,"Python,Statistics,Pandas,Data Analytics","Finance,Research,Business",Data Scientist,"1 projects, 0 internships",Data Analyst
Undergraduate,Business/BBA,"Public Speaking,Business Strategy,Sales,Product Management,Marketing,SEO",Management,Marketing Manager,"2 projects, 1 internships",Product Manager
Undergraduate,Electronics & Communication,"Mathematics,Linear Algebra,Figma","Engineering,Technology,Research",VLSI Design Engineer,"0 projects, 0 internships",Embedded Systems Engineer
Undergraduate,Electronics & Communication,"Python,Physics Lab,Kubernetes,C++,Docker","Technology,Engineering",Embedded Systems Engineer,"0 projects, 1 internships",Embedded Systems Engineer
Undergraduate,Commerce/B.Com,"Time Management,Financial Accounting,Economics,Data Analytics,Communication","Business,Finance",Financial Consultant,"2 projects, 0 internships",Chartered Accountant
Undergraduate,Electronics & Communication,"Physics Lab,Docker,Python,AWS,Data Structures,Linear Algebra",Engineering,Network Security Engineer,"0 projects, 0 internships",Embedded Systems Engineer
Undergraduate,Computer Science,"React,Node.js,SQL,CSS","Technology,AI/ML,Business",Software Engineer,"0 projects, 0 internships",Software Engineer
Class 12,PCM Stream,"Mathematics,Chemistry Lab,Communication,Problem Solving,Python,Physics Lab",Defence,Defense Officer (Army/Navy/Air Force),"0 projects, 0 internships",Civil Servant (IAS/IPS)
Undergraduate,Computer Science,"Git,React,Data Structures,JavaScript,CSS","Business,Technology",DevOps Engineer,"1 projects, 0 internships",Software Engineer
Undergraduate,Commerce/B.Com,"Data Analytics,SQL,Scrum,Problem Solving,Financial Accounting",Finance,Unknown Career,"1 projects, 1 internships",Chartered Accountant
Class 12,PCM Stream,"Python,Communication,Physics Lab,Problem Solving","Government Jobs,Defence",Defense Officer (Army/Navy/Air Force),"1 projects, 1 internships",Civil Servant (IAS/IPS)
Class 12,PCM Stream,"Chemistry Lab,Communication,Writing,Mathematics,Python,Problem Solving","Government Jobs,Engineering",High School Physics Teacher,"0 projects, 1 internships",Civil Servant (IAS/IPS)
Undergraduate,Computer Science,"C++,CSS,HTML,Algorithms,Node.js","AI/ML,Business",AI/ML Engineer,"0 projects, 1 internships",Software Engineer
Class 12,PCM Stream,"Python,Physics Lab,Mathematics","Engineering,Government Jobs,Research",High School Physics Teacher,"0 projects, 1 internships",Civil Servant (IAS/IPS)
Undergraduate,Electronics & Communication,"Python,AWS,Linear Algebra,Physics Lab",Research,IoT Systems Architect,"0 projects, 1 internships",Embedded Systems Engineer
Undergraduate,Commerce/B.Com,"Problem Solving,Data Analytics,Economics,Financial Accounting","Business,Finance",Unknown Career,"0 projects, 1 internships",Chartered Accountant
Undergraduate,Science/B.Sc,"Communication,Pandas,Data Analytics,Data Visualization","Research,Technology,Business",Data Scientist,"1 projects, 0 internships",Data Analyst
Undergraduate,Science/B.Sc,"Statistics,Python,Pandas","Technology,Finance",Data Scientist,"0 projects, 0 internships",Data Analyst
Undergraduate,Business/BBA,"Communication,Sales,SEO,Leadership,Business Strategy","Management,Business",Brand Strategist,"1 projects, 1 internships",Product Manager
Class 12,PCM Stream,"Chemistry Lab,Problem Solving,Communication,Mathematics,Writing,Physics Lab","Defence,Government Jobs",Civil Servant (IAS/IPS),"0 projects, 1 internships",Civil Servant (IAS/IPS)
Undergraduate,Electronics & Communication,"Python,Physics Lab,Linear Algebra,C++,Kubernetes",Engineering,VLSI Design Engineer,"1 projects, 0 internships",Embedded Systems Engineer
Undergraduate,Computer Science,"React,JavaScript,Algorithms","Technology,Business,AI/ML",AI/ML Engineer,"0 projects, 0 internships",Software Engineer
Undergraduate,Science/B.Sc,"NumPy,Pandas,Mathematics,Data Analytics,Communication,Data Visualization","Technology,Finance,Research",Data Scientist,"1 projects, 0 internships",Data Analyst
Undergraduate,Science/B.Sc,"Data Analytics,SQL,Data Visualization,Statistics","Technology,Finance,Business",Actuarial Analyst,"1 projects, 0 internships",Data Analyst
Undergraduate,Commerce/B.Com,"Problem Solving,Time Management,Data Analytics,Communication,Taxation,SQL",Government Jobs,Unknown Career,"1 projects, 0 internships",Chartered Accountant
Undergraduate,Computer Science,"CSS,Python,React,Git,JavaScript","Business,AI/ML,Technology",DevOps Engineer,"2 projects, 0 internships",Software Engineer
Undergraduate,Law/LLB,"Constitutional Law,Technical Writing,Negotiation,Public Speaking","Law,Social Impact,Government Jobs",Public Prosecutor,"2 projects, 0 internships",Corporate Lawyer
Class 12,PCM Stream,"Communication,Mathematics,Chemistry Lab,Physics Lab",Engineering,Defense Officer (Army/Navy/Air Force),"2 projects, 0 internships",Civil Servant (IAS/IPS)
Undergraduate,Science/B.Sc,"Data Analytics,Pandas,Communication,Mathematics,NumPy",Technology,Financial Risk Analyst,"0 projects, 0 internships",Data Analyst
Undergraduate,Commerce/B.Com,"Communication,Problem Solving,Data Analytics,SQL,Time Management","Business,Government Jobs,Finance",Financial Consultant,"0 projects, 0 internships",Chartered Accountant
Undergraduate,Law/LLB,"Negotiation,Technical Writing,Communication,Public Speaking,Constitutional Law","Government Jobs,Social Impact,Law",Criminal Defense Lawyer,"2 projects, 0 internships",Corporate Lawyer
Undergraduate,Business/BBA,"Public Speaking,Sales,Product Management,Marketing","Media,Management,Business",Management Consultant,"1 projects, 0 internships",Product Manager
Undergraduate,Business/BBA,"SEO,Product Management,Sales,Communication","Media,Management,Entrepreneurship",Product Manager,"2 projects, 0 internships",Product Manager
Undergraduate,Business/BBA,"Communication,Project Management,SEO,Business Strategy,Product Management,Public Speaking","Business,Media",Product Manager,"0 projects, 0 internships",Product Manager
Undergraduate,Business/BBA,"SEO,Sales,Public Speaking,Project Management,Business Strategy,Communication","Entrepreneurship,Media",Management Consultant,"1 projects, 1 internships",Product Manager
Undergraduate,Electronics & Communication,"Docker,AWS,Figma,Kubernetes,Data Structures","Research,Technology,Engineering",VLSI Design Engineer,"2 projects, 0 internships",Embedded Systems Engineer
Undergraduate,Computer Science,"React,SQL,HTML,Git,Java","Business,Technology,AI/ML",AI/ML Engineer,"0 projects, 0 internships",Software Engineer
Undergraduate,Business/BBA,"Communication,SEO,Business Strategy",Management,Management Consultant,"1 projects, 0 internships",Product Manager
Undergraduate,Electronics & Communication,"Python,Figma,C++,Mathematics,AWS","Technology,Engineering",Network Security Engineer,"1 projects, 1 internships",Embedded Systems Engineer
Class 12,PCM Stream,"Chemistry Lab,Problem Solving,Writing,Communication",Research,Defense Officer (Army/Navy/Air Force),"2 projects, 0 internships",Civil Servant (IAS/IPS)
Undergraduate,Law/LLB,"Technical Writing,Negotiation,Leadership,Law,Legal Writing",Law,Patent Attorney,"0 projects, 0 internships",Corporate Lawyer
Undergraduate,Law/LLB,"Negotiation,Constitutional Law,Leadership,Communication",Social Impact,Public Prosecutor,"1 projects, 1 internships",Corporate Lawyer
Class 12,PCM Stream,"Communication,Physics Lab,Problem Solving,Mathematics,Chemistry Lab",Government Jobs,Civil Servant (IAS/IPS),"2 projects, 1 internships",Civil Servant (IAS/IPS)
Class 12,PCM Stream,"Problem Solving,Physics Lab,Mathematics",Engineering,Civil Servant (IAS/IPS),"0 projects, 1 internships",Civil Servant (IAS/IPS)
Undergraduate,Electronics & Communication,"Physics Lab,AWS,Figma","Technology,Engineering,Research",Embedded Systems Engineer,"1 projects, 0 internships",Embedded Systems Engineer
Undergraduate,Business/BBA,"SEO,Product Management,Leadership","Media,Entrepreneurship",Marketing Manager,"1 projects, 1 internships",Product Manager
Undergraduate,Commerce/B.Com,"Taxation,Financial Accounting,Economics,Communication,SQL",Government Jobs,Chartered Accountant,"1 projects, 0 internships",Chartered Accountant
Class 12,PCM Stream,"Writing,Python,Physics Lab,Chemistry Lab","Engineering,Government Jobs,Defence",Research Scientist,"1 projects, 0 internships",Civil Servant (IAS/IPS)
Undergraduate,Business/BBA,"Marketing,Sales,Product Management","Management,Entrepreneurship,Media",Product Manager,"2 projects, 0 internships",Product Manager
Undergraduate,Science/B.Sc,"Communication,Python,Data Visualization,Mathematics,Data Analytics","Technology,Research",Actuarial Analyst,"1 projects, 0 internships",Data Analyst
Undergraduate,Commerce/B.Com,"Scrum,Economics,Data Analytics,Taxation,Time Management,Financial Accounting","Finance,Government Jobs,Business",Financial Consultant,"1 projects, 1 internships",Chartered Accountant
Class 12,PCM Stream,"Chemistry Lab,Mathematics,Python,Physics Lab","Government Jobs,Engineering,Research",Defense Officer (Army/Navy/Air Force),"0 projects, 1 internships",Civil Servant (IAS/IPS)
Undergraduate,Business/BBA,"Communication,Public Speaking,Business Strategy",Business,Marketing Manager,"0 projects, 1 internships",Product Manager
Undergraduate,Electronics & Communication,"Figma,Linear Algebra,AWS,Kubernetes","Technology,Engineering,Research",Embedded Systems Engineer,"2 projects, 0 internships",Embedded Systems Engineer
Undergraduate,Electronics & Communication,"AWS,Physics Lab,Figma,Python,Kubernetes,C++",Engineering,IoT Systems Architect,"2 projects, 1 internships",Embedded Systems Engineer
Class 12,PCM Stream,"Writing,Physics Lab,Mathematics,Communication,Chemistry Lab,Python",Defence,High School Physics Teacher,"2 projects, 0 internships",Civil Servant (IAS/IPS)
Undergraduate,Business/BBA,"Marketing,Public Speaking,Project Management,Leadership,Business Strategy,Product Management","Business,Management,Media",Brand Strategist,"0 projects, 1 internships",Product Manager
Undergraduate,Business/BBA,"Communication,SEO,Project Management,Public Speaking,Leadership",Media,Brand Strategist,"2 projects, 0 internships",Product Manager
Undergraduate,Science/B.Sc,"Statistics,Mathematics,Python,Pandas","Finance,Technology,Research",Financial Risk Analyst,"0 projects, 1 internships",Data Analyst
Undergraduate,Computer Science,"CSS,C++,Node.js,HTML,SQL",AI/ML,Software Engineer,"1 projects, 0 internships",Software Engineer
Undergraduate,Commerce/B.Com,"Communication,Taxation,SQL",Government Jobs,Investment Banker,"2 projects, 1 internships",Chartered Accountant
Undergraduate,Law/LLB,"Constitutional Law,Legal Writing,Law",Social Impact,Corporate Lawyer,"0 projects, 0 internships",Corporate Lawyer
Class 12,PCM Stream,"Mathematics,Physics Lab,Chemistry Lab,Problem Solving,Writing,Python",Engineering,Research Scientist,"0 projects, 1 internships",Civil Servant (IAS/IPS)
Undergraduate,Science/B.Sc,"Communication,Pandas,Mathematics,Data Analytics,Data Visualization,NumPy","Technology,Finance,Research",Data Analyst,"2 projects, 1 internships",Data Analyst
Undergraduate,Law/LLB,"Negotiation,Constitutional Law,Communication","Government Jobs,Law",Corporate Lawyer,"1 projects, 0 internships",Corporate Lawyer
Undergraduate,Computer Science,"Algorithms,Data Structures,HTML,Java","Technology,AI/ML,Business",Cloud Architect,"1 projects, 1 internships",Software Engineer
Undergraduate,Law/LLB,"Legal Writing,Law,Leadership,Negotiation,Constitutional Law","Law,Social Impact,Government Jobs",Patent Attorney,"2 projects, 0 internships",Corporate Lawyer
Class 12,PCM Stream,"Mathematics,Chemistry Lab,Physics Lab,Writing,Communication","Defence,Research",Research Scientist,"1 projects, 1 internships",Civil Servant (IAS/IPS)
Undergraduate,Science/B.Sc,"Data Visualization,Python,Data Analytics,Statistics","Research,Finance,Technology",Data Scientist,"0 projects, 1 internships",Data Analyst
Undergraduate,Commerce/B.Com,"Problem Solving,Communication,SQL,Taxation",Business,Investment Banker,"1 projects, 0 internships",Chartered Accountant
Undergraduate,Business/BBA,"Product Management,Leadership,Sales","Media,Management,Business",Marketing Manager,"2 projects, 1 internships",Product Manager
Undergraduate,Law/LLB,"Negotiation,Technical Writing,Law,Public Speaking","Law,Government Jobs,Social Impact",Patent Attorney,"1 projects, 0 internships",Corporate Lawyer
Undergraduate,Commerce/B.Com,"Scrum,SQL,Data Analytics,Financial Accounting","Finance,Business,Government Jobs",Investment Banker,"2 projects, 0 internships",Chartered Accountant
Undergraduate,Law/LLB,"Technical Writing,Communication,Legal Writing,Negotiation,Leadership","Law,Social Impact",Patent Attorney,"2 projects, 0 internships",Corporate Lawyer
Undergraduate,Law/LLB,"Constitutional Law,Leadership,Public Speaking",Social Impact,Corporate Lawyer,"0 projects, 1 internships",Corporate Lawyer
Undergraduate,Commerce/B.Com,"SQL,Problem Solving,Economics","Finance,Business",Unknown Career,"1 projects, 0 internships",Chartered Accountant
Class 12,PCM Stream,"Chemistry Lab,Writing,Communication,Mathematics,Problem Solving","Research,Engineering,Government Jobs",Defense Officer (Army/Navy/Air Force),"1 projects, 0 internships",Civil Servant (IAS/IPS)
Class 12,PCM Stream,"Mathematics,Writing,Chemistry Lab",Defence,Research Scientist,"2 projects, 0 internships",Civil Servant (IAS/IPS)
Undergraduate,Science/B.Sc,"NumPy,SQL,Pandas,Data Visualization,Communication",Technology,Financial Risk Analyst,"1 projects, 1 internships",Data Analyst
Undergraduate,Commerce/B.Com,"Problem Solving,Time Management,Scrum,Financial Accounting",Government Jobs,Investment Banker,"0 projects, 0 internships",Chartered Accountant
Undergraduate,Science/B.Sc,"Pandas,NumPy,Python",Technology,Financial Risk Analyst,"0 projects, 0 internships",Data Analyst
Undergraduate,Law/LLB,"Technical Writing,Negotiation,Public Speaking,Law","Social Impact,Government Jobs",Criminal Defense Lawyer,"1 projects, 1 internships",Corporate Lawyer
Undergraduate,Business/BBA,"Marketing,Business Strategy,Communication,SEO,Sales",Business,Brand Strategist,"1 projects, 0 internships",Product Manager
Undergraduate,Law/LLB,"Law,Negotiation,Public Speaking,Constitutional Law,Technical Writing","Social Impact,Government Jobs,Law",Public Prosecutor,"0 projects, 1 internships",Corporate Lawyer
Undergraduate,Electronics & Communication,"Docker,Linear Algebra,Python,Data Structures,Physics Lab,Mathematics","Research,Technology",Embedded Systems Engineer,"2 projects, 0 internships",Embedded Systems Engineer
Undergraduate,Science/B.Sc,"Statistics,Pandas,NumPy,Mathematics,Data Analytics,Communication",Research,Data Analyst,"1 projects, 0 internships",Data Analyst
Class 12,PCM Stream,"Chemistry Lab,Writing,Mathematics,Physics Lab,Communication,Problem Solving","Research,Engineering,Government Jobs",High School Physics Teacher,"0 projects, 0 internships",Civil Servant (IAS/IPS)
Undergraduate,Business/BBA,"Sales,Project Management,Marketing",Entrepreneurship,Product Manager,"1 projects, 0 internships",Product Manager
Undergraduate,Science/B.Sc,"Python,Communication,Mathematics,Data Analytics,Statistics,Pandas","Business,Technology",Actuarial Analyst,"1 projects, 0 internships",Data Analyst
Undergraduate,Business/BBA,"Communication,Marketing,Business Strategy,Sales","Business,Entrepreneurship,Media",Product Manager,"2 projects, 1 internships",Product Manager
Undergraduate,Electronics & Communication,"AWS,Docker,Mathematics",Technology,VLSI Design Engineer,"1 projects, 0 internships",Embedded Systems Engineer
Class 12,PCM Stream,"Problem Solving,Chemistry Lab,Physics Lab,Communication,Writing,Mathematics",Government Jobs,Defense Officer (Army/Navy/Air Force),"2 projects, 1 internships",Civil Servant (IAS/IPS)
Undergraduate,Law/LLB,"Law,Communication,Technical Writing,Leadership,Public Speaking","Government Jobs,Law",Criminal Defense Lawyer,"1 projects, 0 internships",Corporate Lawyer
Undergraduate,Business/BBA,"Product Management,Marketing,Leadership,Business Strategy","Business,Entrepreneurship",Brand Strategist,"0 projects, 1 internships",Product Manager
Undergraduate,Computer Science,"Python,Data Structures,Git,Node.js",Business,DevOps Engineer,"1 projects, 1 internships",Software Engineer
Class 12,PCM Stream,"Mathematics,Python,Writing,Physics Lab","Research,Government Jobs,Engineering",Civil Servant (IAS/IPS),"0 projects, 1 internships",Civil Servant (IAS/IPS)
Undergraduate,Computer Science,"Python,Java,Data Structures","Technology,Business,AI/ML",AI/ML Engineer,"0 projects, 0 internships",Software Engineer
Undergraduate,Business/BBA,"Marketing,Communication,Sales,Leadership","Business,Management,Entrepreneurship",Product Manager,"2 projects, 1 internships",Product Manager
Undergraduate,Electronics & Communication,"Data Structures,Figma,Docker",Engineering,IoT Systems Architect,"1 projects, 0 internships",Embedded Systems Engineer
Undergraduate,Commerce/B.Com,"SQL,Taxation,Time Management,Financial Accounting,Scrum,Problem Solving",Government Jobs,Financial Consultant,"1 projects, 0 internships",Chartered Accountant
Undergraduate,Business/BBA,"Sales,Communication,Leadership",Management,Management Consultant,"1 projects, 0 internships",Product Manager
Undergraduate,Electronics & Communication,"Kubernetes,Mathematics,AWS,Data Structures,C++,Docker","Engineering,Research,Technology",IoT Systems Architect,"0 projects, 0 internships",Embedded Systems Engineer
Undergraduate,Commerce/B.Com,"Problem Solving,SQL,Taxation","Government Jobs,Business",Financial Consultant,"1 projects, 1 internships",Chartered Accountant
Undergraduate,Electronics & Communication,"Mathematics,Kubernetes,Physics Lab","Technology,Engineering",Embedded Systems Engineer,"1 projects, 1 internships",Embedded Systems Engineer
Class 12,PCM Stream,"Chemistry Lab,Python,Writing",Defence,Defense Officer (Army/Navy/Air Force),"0 projects, 1 internships",Civil Servant (IAS/IPS)
Class 12,PCM Stream,"Physics Lab,Mathematics,Communication,Chemistry Lab,Python,Problem Solving","Government Jobs,Engineering",Defense Officer (Army/Navy/Air Force),"2 projects, 1 internships",Civil Servant (IAS/IPS)
Undergraduate,Business/BBA,"Communication,Marketing,Public Speaking,SEO,Business Strategy","Management,Business,Media",Product Manager,"1 projects, 1 internships",Product Manager
Undergraduate,Business/BBA,"Public Speaking,Leadership,Project Management,Communication,SEO","Entrepreneurship,Media",Marketing Manager,"0 projects, 0 internships",Product Manager
Undergraduate,Computer Science,"CSS,HTML,Node.js,Algorithms","Business,AI/ML,Technology",AI/ML Engineer,"2 projects, 0 internships",Software Engineer
Class 12,PCM Stream,"Writing,Chemistry Lab,Python,Communication","Engineering,Defence,Research",Civil Servant (IAS/IPS),"1 projects, 1 internships",Civil Servant (IAS/IPS)
Undergraduate,Electronics & Communication,"Figma,C++,Mathematics","Research,Technology,Engineering",VLSI Design Engineer,"0 projects, 0 internships",Embedded Systems Engineer
Undergraduate,Law/LLB,"Legal Writing,Technical Writing,Communication,Public Speaking",Government Jobs,Patent Attorney,"1 projects, 0 internships",Corporate Lawyer
Class 12,PCM Stream,"Python,Communication,Mathematics,Problem Solving,Writing,Physics Lab",Defence,Research Scientist,"2 projects, 0 internships",Civil Servant (IAS/IPS)
Undergraduate,Electronics & Communication,"Physics Lab,Data Structures,C++,Linear Algebra","Technology,Research,Engineering",Network Security Engineer,"1 projects, 1 internships",Embedded Systems Engineer
Class 12,PCM Stream,"Writing,Chemistry Lab,Problem Solving","Government Jobs,Defence",High School Physics Teacher,"1 projects, 0 internships",Civil Servant (IAS/IPS)
Undergraduate,Commerce/B.Com,"Taxation,Communication,Economics,Scrum","Finance,Business,Government Jobs",Investment Banker,"1 projects, 1 internships",Chartered Accountant
Undergraduate,Business/BBA,"Project Management,Business Strategy,Marketing,Product Management,Public Speaking,Leadership","Media,Business",Brand Strategist,"2 projects, 1 internships",Product Manager
Undergraduate,Business/BBA,"SEO,Leadership,Public Speaking,Project Management",Entrepreneurship,Marketing Manager,"2 projects, 0 internships",Product Manager
Undergraduate,Business/BBA,"Business Strategy,SEO,Leadership,Communication,Product Management,Sales","Management,Business",Brand Strategist,"2 projects, 1 internships",Product Manager
Undergraduate,Computer Science,"REST APIs,Python,Git,Node.js,C++,Data Structures",Technology,Data Scientist,"1 projects, 1 internships",Software Engineer
Undergraduate,Science/B.Sc,"Data Visualization,Pandas,Data Analytics,SQL,NumPy,Python","Finance,Technology,Research",Data Scientist,"1 projects, 0 internships",Data Analyst
Undergraduate,Science/B.Sc,"Python,SQL,Communication,Pandas",Technology,Actuarial Analyst,"2 projects, 1 internships",Data Analyst
Undergraduate,Computer Science,"C++,Algorithms,React,REST APIs,Node.js,Python","AI/ML,Business",Software Engineer,"2 projects, 0 internships",Software Engineer
Undergraduate,Commerce/B.Com,"Economics,Financial Accounting,Communication,Scrum,Time Management",Finance,Unknown Career,"0 projects, 1 internships",Chartered Accountant
Undergraduate,Law/LLB,"Public Speaking,Constitutional Law,Legal Writing","Law,Social Impact",Criminal Defense Lawyer,"2 projects, 1 internships",Corporate Lawyer
Undergraduate,Computer Science,"Data Structures,REST APIs,C++,Algorithms,React,JavaScript",Business,DevOps Engineer,"2 projects, 0 internships",Software Engineer
Undergraduate,Science/B.Sc,"Data Analytics,Pandas,Mathematics",Technology,Financial Risk Analyst,"2 projects, 0 internships",Data Analyst
Undergraduate,Business/BBA,"Product Management,Business Strategy,SEO,Communication","Media,Management,Entrepreneurship",Product Manager,"2 projects, 1 internships",Product Manager
Undergraduate,Business/BBA,"Product Management,Public Speaking,Business Strategy,Sales,Communication,SEO","Business,Entrepreneurship,Media",Marketing Manager,"1 projects, 0 internships",Product Manager
Class 12,PCM Stream,"Chemistry Lab,Python,Problem Solving,Communication,Physics Lab,Writing","Research,Engineering,Government Jobs",Research Scientist,"0 projects, 1 internships",Civil Servant (IAS/IPS)
Undergraduate,Law/LLB,"Communication,Negotiation,Law,Legal Writing,Leadership,Technical Writing","Government Jobs,Law",Corporate Lawyer,"1 projects, 0 internships",Corporate Lawyer
Undergraduate,Business/BBA,"Marketing,Project Management,SEO,Business Strategy,Product Management,Public Speaking","Business,Media,Management",Brand Strategist,"2 projects, 0 internships",Product Manager
Undergraduate,Commerce/B.Com,"Time Management,Problem Solving,Communication,SQL,Economics",Government Jobs,Financial Consultant,"2 projects, 1 internships",Chartered Accountant
Undergraduate,Computer Science,"Node.js,REST APIs,Git,Java,React",AI/ML,DevOps Engineer,"2 projects, 1 internships",Software Engineer
Undergraduate,Law/LLB,"Negotiation,Communication,Leadership,Constitutional Law,Law","Law,Government Jobs",Public Prosecutor,"2 projects, 1 internships",Corporate Lawyer
Class 12,PCM Stream,"Communication,Mathematics,Writing,Chemistry Lab,Python,Physics Lab","Government Jobs,Engineering,Defence",High School Physics Teacher,"0 projects, 0 internships",Civil Servant (IAS/IPS)
Class 12,PCM Stream,"Problem Solving,Writing,Chemistry Lab,Physics Lab","Defence,Engineering",High School Physics Teacher,"2 projects, 0 internships",Civil Servant (IAS/IPS)
Undergraduate,Science/B.Sc,"Communication,Data Analytics,NumPy,Mathematics",Technology,Data Analyst,"0 projects, 0 internships",Data Analyst
Class 12,PCM Stream,"Mathematics,Writing,Problem Solving,Chemistry Lab,Python","Government Jobs,Engineering,Research",Civil Servant (IAS/IPS),"2 projects, 0 internships",Civil Servant (IAS/IPS)
Class 12,PCM Stream,"Communication,Problem Solving,Writing,Mathematics,Python,Physics Lab","Defence,Research",Research Scientist,"1 projects, 0 internships",Civil Servant (IAS/IPS)
Undergraduate,Computer Science,"CSS,Data Structures,React,Git","AI/ML,Technology",Data Scientist,"1 projects, 1 internships",Software Engineer
Undergraduate,Law/LLB,"Law,Technical Writing,Leadership,Negotiation,Constitutional Law,Communication","Government Jobs,Social Impact,Law",Criminal Defense Lawyer,"2 projects, 1 internships",Corporate Lawyer
Class 12,PCM Stream,"Writing,Physics Lab,Communication","Engineering,Defence",High School Physics Teacher,"0 projects, 0 internships",Civil Servant (IAS/IPS)
Undergraduate,Commerce/B.Com,"Taxation,SQL,Time Management,Communication,Data Analytics,Problem Solving","Business,Finance,Government Jobs",Investment Banker,"2 projects, 0 internships",Chartered Accountant
Undergraduate,Business/BBA,"Project Management,Sales,SEO",Management,Product Manager,"1 projects, 1 internships",Product Manager
Undergraduate,Law/LLB,"Law,Negotiation,Legal Writing,Leadership,Public Speaking",Social Impact,Public Prosecutor,"2 projects, 0 internships",Corporate Lawyer
Undergraduate,Computer Science,"React,JavaScript,Data Structures,Node.js,Git,REST APIs","Business,AI/ML",AI/ML Engineer,"0 projects, 0 internships",Software Engineer
Undergraduate,Commerce/B.Com,"Time Management,Problem Solving,Financial Accounting,Communication,Scrum,Economics","Government Jobs,Finance,Business",Chartered Accountant,"0 projects, 1 internships",Chartered Accountant
Undergraduate,Electronics & Communication,"Data Structures,Figma,Kubernetes,Physics Lab,Mathematics","Technology,Engineering",Embedded Systems Engineer,"0 projects, 0 internships",Embedded Systems Engineer
Class 12,PCM Stream,"Mathematics,Problem Solving,Python,Chemistry Lab,Physics Lab,Communication","Research,Government Jobs,Defence",High School Physics Teacher,"0 projects, 1 internships",Civil Servant (IAS/IPS)
Undergraduate,Commerce/B.Com,"Problem Solving,Scrum,SQL,Taxation,Communication,Data Analytics","Business,Government Jobs",Unknown Career,"0 projects, 0 internships",Chartered Accountant
Undergraduate,Electronics & Communication,"Python,Linear Algebra,Docker,C++,AWS","Technology,Research",IoT Systems Architect,"1 projects, 1 internships",Embedded Systems Engineer
Undergraduate,Commerce/B.Com,"Time Management,Scrum,Financial Accounting,SQL",Government Jobs,Investment Banker,"1 projects, 1 internships",Chartered Accountant
Undergraduate,Science/B.Sc,"Communication,Data Visualization,SQL,Data Analytics,Mathematics","Research,Business",Financial Risk Analyst,"2 projects, 1 internships",Data Analyst
Undergraduate,Computer Science,"JavaScript,React,REST APIs,Git,Python,Data Structures","Technology,AI/ML",Cloud Architect,"1 projects, 0 internships",Software Engineer
Undergraduate,Law/LLB,"Constitutional Law,Public Speaking,Communication,Legal Writing,Leadership,Law",Government Jobs,Corporate Lawyer,"0 projects, 0 internships",Corporate Lawyer
Class 12,PCM Stream,"Communication,Writing,Problem Solving,Physics Lab","Engineering,Defence",Research Scientist,"0 projects, 0 internships",Civil Servant (IAS/IPS)
Undergraduate,Computer Science,"Node.js,Java,CSS",AI/ML,Data Scientist,"2 projects, 0 internships",Software Engineer
Undergraduate,Computer Science,"CSS,C++,HTML,Java,Data Structures","Business,AI/ML,Technology",Data Scientist,"1 projects, 1 internships",Software Engineer
Undergraduate,Computer Science,"CSS,Node.js,SQL",Technology,Data Scientist,"0 projects, 0 internships",Software Engineer
Undergraduate,Business/BBA,"Business Strategy,Public Speaking,Communication","Management,Business",Marketing Manager,"0 projects, 0 internships",Product Manager
Undergraduate,Commerce/B.Com,"Scrum,Data Analytics,SQL",Finance,Unknown Career,"1 projects, 0 internships",Chartered Accountant
Undergraduate,Law/LLB,"Constitutional Law,Negotiation,Communication,Law,Legal Writing","Social Impact,Law",Patent Attorney,"1 projects, 1 internships",Corporate Lawyer
Undergraduate,Law/LLB,"Public Speaking,Leadership,Negotiation,Legal Writing",Law,Patent Attorney,"2 projects, 1 internships",Corporate Lawyer
Undergraduate,Commerce/B.Com,"Time Management,Communication,Financial Accounting,Problem Solving,SQL,Taxation","Business,Finance",Chartered Accountant,"1 projects, 0 internships",Chartered Accountant
Undergraduate,Science/B.Sc,"NumPy,Python,Mathematics,Data Analytics,Statistics,Pandas",Business,Actuarial Analyst,"0 projects, 0 internships",Data Analyst
Undergraduate,Electronics & Communication,"Figma,Linear Algebra,Data Structures",Research,Network Security Engineer,"2 projects, 0 internships",Embedded Systems Engineer
Undergraduate,Business/BBA,"Project Management,Communication,Leadership,Product Management","Media,Management,Business",Brand Strategist,"1 projects, 1 internships",Product Manager
Undergraduate,Computer Science,"JavaScript,HTML,Python,Java,CSS","AI/ML,Technology",AI/ML Engineer,"1 projects, 1 internships",Software Engineer
Undergraduate,Commerce/B.Com,"Communication,Data Analytics,Financial Accounting,Economics","Business,Finance,Government Jobs",Unknown Career,"0 projects, 0 internships",Chartered Accountant
Undergraduate,Electronics & Communication,"Python,Data Structures,Docker,Linear Algebra,Physics Lab",Research,Embedded Systems Engineer,"2 projects, 0 internships",Embedded Systems Engineer
Undergraduate,Commerce/B.Com,"Economics,Data Analytics,Scrum,Problem Solving","Finance,Government Jobs",Unknown Career,"2 projects, 0 internships",Chartered Accountant
Undergraduate,Science/B.Sc,"Data Analytics,NumPy,SQL","Technology,Finance,Research",Actuarial Analyst,"2 projects, 0 internships",Data Analyst
Undergraduate,Electronics & Communication,"AWS,C++,Python,Linear Algebra",Engineering,VLSI Design Engineer,"2 projects, 1 internships",Embedded Systems Engineer
Undergraduate,Business/BBA,"Public Speaking,Communication,SEO,Project Management,Product Management,Business Strategy",Entrepreneurship,Marketing Manager,"2 projects, 0 internships",Product Manager
Class 12,PCM Stream,"Communication,Python,Chemistry Lab,Mathematics,Physics Lab,Writing","Research,Engineering,Defence",Civil Servant (IAS/IPS),"2 projects, 0 internships",Civil Servant (IAS/IPS)
Undergraduate,Law/LLB,"Negotiation,Legal Writing,Constitutional Law,Law","Government Jobs,Social Impact",Public Prosecutor,"2 projects, 0 internships",Corporate Lawyer
Undergraduate,Electronics & Communication,"Linear Algebra,AWS,C++","Engineering,Research,Technology",Network Security Engineer,"1 projects, 0 internships",Embedded Systems Engineer
Undergraduate,Law/LLB,"Technical Writing,Constitutional Law,Legal Writing,Leadership,Communication","Law,Social Impact,Government Jobs",Criminal Defense Lawyer,"1 projects, 0 internships",Corporate Lawyer
Undergraduate,Law/LLB,"Law,Legal Writing,Public Speaking,Leadership,Communication,Negotiation",Government Jobs,Public Prosecutor,"2 projects, 1 internships",Corporate Lawyer
Undergraduate,Commerce/B.Com,"Communication,Time Management,Economics,Scrum,Taxation","Government Jobs,Finance,Business",Chartered Accountant,"0 projects, 0 internships",Chartered Accountant
Class 12,PCM Stream,"Chemistry Lab,Mathematics,Physics Lab","Research,Defence",Research Scientist,"1 projects, 0 internships",Civil Servant (IAS/IPS)
Undergraduate,Commerce/B.Com,"Taxation,Scrum,Financial Accounting,SQL,Problem Solving,Data Analytics","Government Jobs,Finance",Chartered Accountant,"1 projects, 1 internships",Chartered Accountant
Undergraduate,Business/BBA,"Communication,Project Management,Product Management,SEO",Media,Product Manager,"0 projects, 1 internships",Product Manager
Undergraduate,Electronics & Communication,"Python,Figma,AWS,Data Structures,C++,Linear Algebra",Engineering,IoT Systems Architect,"2 projects, 0 internships",Embedded Systems Engineer
Undergraduate,Law/LLB,"Public Speaking,Technical Writing,Legal Writing,Constitutional Law,Law,Negotiation",Social Impact,Public Prosecutor,"0 projects, 0 internships",Corporate Lawyer
Undergraduate,Commerce/B.Com,"Problem Solving,Time Management,Communication,Data Analytics,SQL","Finance,Business",Chartered Accountant,"0 projects, 1 internships",Chartered Accountant
Undergraduate,Commerce/B.Com,"Scrum,Communication,Economics,Taxation,Time Management,Financial Accounting","Finance,Business,Government Jobs",Unknown Career,"0 projects, 1 internships",Chartered Accountant
Undergraduate,Commerce/B.Com,"Financial Accounting,Problem Solving,Time Management,Scrum,Communication,Taxation","Finance,Government Jobs",Investment Banker,"1 projects, 0 internships",Chartered Accountant
Undergraduate,Computer Science,"Python,Data Structures,SQL","Business,AI/ML",Cloud Architect,"2 projects, 1 internships",Software Engineer
Undergraduate,Business/BBA,"Sales,Business Strategy,Communication,SEO,Leadership,Project Management",Media,Marketing Manager,"0 projects, 0 internships",Product Manager
Undergraduate,Computer Science,"REST APIs,CSS,Java,Data Structures",AI/ML,AI/ML Engineer,"1 projects, 1 internships",Software Engineer
Undergraduate,Business/BBA,"Product Management,SEO,Business Strategy","Media,Management,Entrepreneurship",Brand Strategist,"0 projects, 0 internships",Product Manager
Class 12,PCM Stream,"Physics Lab,Writing,Communication,Chemistry Lab","Government Jobs,Defence,Engineering",Civil Servant (IAS/IPS),"0 projects, 1 internships",Civil Servant (IAS/IPS)
Undergraduate,Electronics & Communication,"Figma,Linear Algebra,Data Structures,Docker,Kubernetes","Research,Technology,Engineering",Network Security Engineer,"2 projects, 0 internships",Embedded Systems Engineer
Undergraduate,Electronics & Communication,"Mathematics,Docker,Data Structures,C++,Linear Algebra,Figma",Technology,Network Security Engineer,"0 projects, 1 internships",Embedded Systems Engineer
Undergraduate,Science/B.Sc,"NumPy,Mathematics,Communication,Python,Data Visualization,SQL",Business,Data Scientist,"2 projects, 0 internships",Data Analyst
Class 12,PCM Stream,"Physics Lab,Communication,Chemistry Lab,Mathematics","Research,Government Jobs,Defence",Civil Servant (IAS/IPS),"2 projects, 0 internships",Civil Servant (IAS/IPS)
Undergraduate,Electronics & Communication,"Figma,Mathematics,Data Structures",Technology,VLSI Design Engineer,"2 projects, 0 internships",Embedded Systems Engineer
Class 12,PCM Stream,"Mathematics,Physics Lab,Chemistry Lab,Problem Solving","Defence,Research,Government Jobs",High School Physics Teacher,"2 projects, 0 internships",Civil Servant (IAS/IPS)
Undergraduate,Commerce/B.Com,"Data Analytics,Communication,Time Management,Scrum",Business,Chartered Accountant,"0 projects, 1 internships",Chartered Accountant
Class 12,PCM Stream,"Python,Problem Solving,Writing,Chemistry Lab","Engineering,Defence",High School Physics Teacher,"2 projects, 0 internships",Civil Servant (IAS/IPS)
Undergraduate,Computer Science,"REST APIs,Java,Algorithms,HTML,SQL","Business,AI/ML,Technology",Software Engineer,"2 projects, 1 internships",Software Engineer
Undergraduate,Law/LLB,"Technical Writing,Law,Constitutional Law,Legal Writing",Law,Criminal Defense Lawyer,"2 projects, 1 internships",Corporate Lawyer
Class 12,PCM Stream,"Python,Physics Lab,Mathematics,Chemistry Lab","Defence,Research",Research Scientist,"2 projects, 0 internships",Civil Servant (IAS/IPS)
Undergraduate,Electronics & Communication,"Kubernetes,Python,Mathematics","Research,Technology,Engineering",VLSI Design Engineer,"2 projects, 1 internships",Embedded Systems Engineer
Undergraduate,Commerce/B.Com,"Financial Accounting,Data Analytics,Scrum,Time Management,Communication,Taxation",Government Jobs,Investment Banker,"1 projects, 1 internships",Chartered Accountant
Undergraduate,Electronics & Communication,"Kubernetes,C++,Figma,Python,Physics Lab","Technology,Engineering,Research",VLSI Design Engineer,"1 projects, 1 internships",Embedded Systems Engineer
Undergraduate,Computer Science,"JavaScript,C++,Algorithms,Python,Git","Technology,Business,AI/ML",DevOps Engineer,"1 projects, 1 internships",Software Engineer
Class 12,PCM Stream,"Chemistry Lab,Writing,Communication,Python","Research,Defence,Engineering",Civil Servant (IAS/IPS),"1 projects, 0 internships",Civil Servant (IAS/IPS)
Undergraduate,Commerce/B.Com,"Financial Accounting,SQL,Economics,Time Management,Scrum","Finance,Business",Chartered Accountant,"2 projects, 0 internships",Chartered Accountant
Undergraduate,Business/BBA,"Leadership,Communication,Business Strategy",Media,Marketing Manager,"0 projects, 1 internships",Product Manager
Undergraduate,Law/LLB,"Communication,Law,Constitutional Law,Public Speaking,Leadership","Social Impact,Law,Government Jobs",Criminal Defense Lawyer,"1 projects, 1 internships",Corporate Lawyer
Undergraduate,Computer Science,"Git,Algorithms,Node.js,REST APIs,Python,Java",Technology,DevOps Engineer,"1 projects, 0 internships",Software Engineer
Undergraduate,Computer Science,"Algorithms,React,Git,REST APIs,C++,SQL","AI/ML,Technology",AI/ML Engineer,"0 projects, 0 internships",Software Engineer
Undergraduate,Electronics & Communication,"C++,Python,AWS,Physics Lab",Technology,VLSI Design Engineer,"1 projects, 1 internships",Embedded Systems Engineer
Class 12,PCM Stream,"Writing,Python,Chemistry Lab,Problem Solving","Research,Defence,Engineering",Civil Servant (IAS/IPS),"2 projects, 1 internships",Civil Servant (IAS/IPS)
Undergraduate,Law/LLB,"Law,Constitutional Law,Legal Writing,Technical Writing,Leadership,Communication","Law,Government Jobs,Social Impact",Criminal Defense Lawyer,"1 projects, 0 internships",Corporate Lawyer
Class 12,PCM Stream,"Physics Lab,Communication,Writing,Mathematics","Research,Engineering,Government Jobs",Research Scientist,"2 projects, 0 internships",Civil Servant (IAS/IPS)
Undergraduate,Science/B.Sc,"Mathematics,Communication,NumPy,Pandas,Python","Business,Research,Finance",Data Scientist,"1 projects, 1 internships",Data Analyst
Undergraduate,Business/BBA,"Marketing,Leadership,Public Speaking","Management,Media",Marketing Manager,"0 projects, 0 internships",Product Manager
Undergraduate,Science/B.Sc,"NumPy,Statistics,Python","Finance,Research",Data Scientist,"0 projects, 1 internships",Data Analyst
Class 12,PCM Stream,"Communication,Problem Solving,Python,Writing","Government Jobs,Research,Defence",Defense Officer (Army/Navy/Air Force),"2 projects, 0 internships",Civil Servant (IAS/IPS)
Undergraduate,Business/BBA,"Sales,SEO,Project Management","Management,Business",Brand Strategist,"2 projects, 0 internships",Product Manager
Undergraduate,Science/B.Sc,"Data Analytics,NumPy,SQL,Pandas,Statistics","Business,Technology",Actuarial Analyst,"0 projects, 1 internships",Data Analyst
Undergraduate,Electronics & Communication,"Data Structures,Docker,Mathematics",Engineering,VLSI Design Engineer,"0 projects, 1 internships",Embedded Systems Engineer
Undergraduate,Computer Science,"Python,Node.js,Data Structures,CSS,SQL,Algorithms","Business,Technology",Software Engineer,"2 projects, 0 internships",Software Engineer
Undergraduate,Law/LLB,"Technical Writing,Law,Leadership,Negotiation","Social Impact,Law,Government Jobs",Public Prosecutor,"1 projects, 0 internships",Corporate Lawyer
Undergraduate,Science/B.Sc,"Mathematics,Data Analytics,Statistics","Research,Business,Finance",Data Scientist,"2 projects, 1 internships",Data Analyst
Undergraduate,Science/B.Sc,"Communication,SQL,Mathematics",Research,Financial Risk Analyst,"2 projects, 1 internships",Data Analyst
Undergraduate,Commerce/B.Com,"Data Analytics,SQL,Taxation,Scrum,Financial Accounting","Finance,Government Jobs,Business",Financial Consultant,"2 projects, 1 internships",Chartered Accountant
Undergraduate,Law/LLB,"Legal Writing,Law,Constitutional Law","Law,Social Impact,Government Jobs",Criminal Defense Lawyer,"1 projects, 1 internships",Corporate Lawyer
Class 12,PCM Stream,"Problem Solving,Chemistry Lab,Python,Mathematics","Engineering,Government Jobs,Research",Defense Officer (Army/Navy/Air Force),"0 projects, 0 internships",Civil Servant (IAS/IPS)
Undergraduate,Computer Science,"HTML,Git,CSS,React,Algorithms","Technology,Business",Cloud Architect,"1 projects, 1 internships",Software Engineer
Undergraduate,Electronics & Communication,"Figma,C++,Physics Lab","Engineering,Technology,Research",Network Security Engineer,"0 projects, 0 internships",Embedded Systems Engineer
Undergraduate,Law/LLB,"Constitutional Law,Communication,Legal Writing,Law,Public Speaking","Government Jobs,Social Impact",Patent Attorney,"0 projects, 0 internships",Corporate Lawyer
Undergraduate,Law/LLB,"Leadership,Public Speaking,Technical Writing","Government Jobs,Social Impact,Law",Public Prosecutor,"2 projects, 0 internships",Corporate Lawyer
Undergraduate,Business/BBA,"Product Management,SEO,Sales,Business Strategy,Leadership,Public Speaking","Media,Management,Entrepreneurship",Management Consultant,"2 projects, 0 internships",Product Manager
Undergraduate,Science/B.Sc,"Communication,Python,NumPy,Statistics,Pandas","Finance,Technology",Data Analyst,"2 projects, 0 internships",Data Analyst
Class 12,PCM Stream,"Communication,Mathematics,Chemistry Lab,Python,Writing","Government Jobs,Research",Civil Servant (IAS/IPS),"2 projects, 1 internships",Civil Servant (IAS/IPS)
Undergraduate,Computer Science,"React,HTML,SQL,C++,CSS",Technology,Data Scientist,"2 projects, 1 internships",Software Engineer
Undergraduate,Computer Science,"Java,Data Structures,REST APIs","AI/ML,Technology,Business",Data Scientist,"2 projects, 1 internships",Software Engineer
Undergraduate,Science/B.Sc,"Communication,Python,Data Analytics,SQL,Pandas","Technology,Finance,Business",Financial Risk Analyst,"2 projects, 0 internships",Data Analyst
Undergraduate,Commerce/B.Com,"Taxation,Data Analytics,SQL,Scrum,Economics",Business,Investment Banker,"1 projects, 0 internships",Chartered Accountant
Undergraduate,Commerce/B.Com,"Data Analytics,Time Management,Economics,SQL,Taxation","Business,Government Jobs",Chartered Accountant,"1 projects, 0 internships",Chartered Accountant
Undergraduate,Business/BBA,"Sales,Public Speaking,Business Strategy,Leadership,Product Management","Media,Business",Management Consultant,"2 projects, 1 internships",Product Manager
Undergraduate,Law/LLB,"Negotiation,Communication,Technical Writing",Social Impact,Public Prosecutor,"0 projects, 0 internships",Corporate Lawyer
Class 12,PCM Stream,"Communication,Writing,Chemistry Lab",Research,Civil Servant (IAS/IPS),"2 projects, 0 internships",Civil Servant (IAS/IPS)
Undergraduate,Commerce/B.Com,"Time Management,Economics,Data Analytics,Financial Accounting,Scrum,Taxation","Finance,Business,Government Jobs",Chartered Accountant,"0 projects, 1 internships",Chartered Accountant
Undergraduate,Science/B.Sc,"Data Analytics,Communication,SQL,Python","Research,Business",Actuarial Analyst,"1 projects, 0 internships",Data Analyst
Undergraduate,Electronics & Communication,"Python,Mathematics,C++,Kubernetes,Physics Lab",Research,Network Security Engineer,"1 projects, 1 internships",Embedded Systems Engineer
Undergraduate,Electronics & Communication,"AWS,Physics Lab,C++","Research,Engineering,Technology",VLSI Design Engineer,"2 projects, 0 internships",Embedded Systems Engineer
Undergraduate,Computer Science,"Algorithms,Data Structures,React,C++",Technology,Cloud Architect,"1 projects, 1 internships",Software Engineer
Undergraduate,Commerce/B.Com,"Time Management,Taxation,Data Analytics,Problem Solving,Scrum","Finance,Government Jobs",Investment Banker,"1 projects, 0 internships",Chartered Accountant
Undergraduate,Science/B.Sc,"Pandas,Communication,Statistics,Python,Data Analytics","Research,Business,Finance",Data Analyst,"1 projects, 1 internships",Data Analyst
Class 12,PCM Stream,"Python,Physics Lab,Mathematics,Problem Solving,Chemistry Lab",Defence,High School Physics Teacher,"0 projects, 0 internships",Civil Servant (IAS/IPS)
Undergraduate,Commerce/B.Com,"Taxation,Communication,SQL",Government Jobs,Chartered Accountant,"0 projects, 0 internships",Chartered Accountant
Class 12,PCM Stream,"Chemistry Lab,Mathematics,Python,Physics Lab","Defence,Engineering",High School Physics Teacher,"0 projects, 0 internships",Civil Servant (IAS/IPS)
Undergraduate,Law/LLB,"Public Speaking,Negotiation,Technical Writing,Constitutional Law,Leadership,Legal Writing","Social Impact,Government Jobs",Criminal Defense Lawyer,"0 projects, 0 internships",Corporate Lawyer
Undergraduate,Law/LLB,"Technical Writing,Public Speaking,Legal Writing,Law,Constitutional Law,Negotiation",Law,Public Prosecutor,"0 projects, 1 internships",Corporate Lawyer
Undergraduate,Business/BBA,"SEO,Sales,Marketing,Leadership,Communication,Product Management",Management,Product Manager,"1 projects, 1 internships",Product Manager
Undergraduate,Law/LLB,"Leadership,Public Speaking,Law,Legal Writing,Negotiation","Government Jobs,Law",Patent Attorney,"0 projects, 0 internships",Corporate Lawyer
Undergraduate,Electronics & Communication,"Physics Lab,Data Structures,Figma,Linear Algebra",Research,Embedded Systems Engineer,"1 projects, 0 internships",Embedded Systems Engineer
Undergraduate,Computer Science,"CSS,Git,Data Structures,SQL",Technology,AI/ML Engineer,"2 projects, 1 internships",Software Engineer
Undergraduate,Commerce/B.Com,"Time Management,SQL,Scrum","Government Jobs,Business",Financial Consultant,"2 projects, 0 internships",Chartered Accountant
Class 12,PCM Stream,"Mathematics,Physics Lab,Problem Solving,Chemistry Lab,Writing",Defence,Civil Servant (IAS/IPS),"2 projects, 1 internships",Civil Servant (IAS/IPS)
Undergraduate,Commerce/B.Com,"Financial Accounting,Economics,Communication,Problem Solving,Data Analytics","Finance,Government Jobs",Investment Banker,"1 projects, 0 internships",Chartered Accountant
Undergraduate,Business/BBA,"Leadership,Marketing,Product Management,SEO,Project Management","Management,Media,Business",Management Consultant,"0 projects, 0 internships",Product Manager
Undergraduate,Business/BBA,"Business Strategy,Product Management,Leadership,Marketing,SEO,Sales","Business,Entrepreneurship,Media",Product Manager,"2 projects, 1 internships",Product Manager
Undergraduate,Science/B.Sc,"SQL,Mathematics,Pandas",Research,Financial Risk Analyst,"1 projects, 1 internships",Data Analyst
Undergraduate,Computer Science,"React,Data Structures,Git,SQL,REST APIs,Python","Technology,Business",DevOps Engineer,"2 projects, 1 internships",Software Engineer
Undergraduate,Commerce/B.Com,"Data Analytics,Taxation,SQL,Financial Accounting,Economics",Government Jobs,Chartered Accountant,"1 projects, 1 internships",Chartered Accountant
Undergraduate,Law/LLB,"Communication,Constitutional Law,Public Speaking,Law,Technical Writing,Leadership","Social Impact,Government Jobs,Law",Criminal Defense Lawyer,"1 projects, 0 internships",Corporate Lawyer
Undergraduate,Computer Science,"SQL,Git,REST APIs,Data Structures,React","Technology,AI/ML",DevOps Engineer,"1 projects, 1 internships",Software Engineer
Undergraduate,Science/B.Sc,"Statistics,Data Analytics,Mathematics,NumPy","Research,Business",Financial Risk Analyst,"0 projects, 0 internships",Data Analyst
Undergraduate,Science/B.Sc,"Statistics,Python,Communication,Data Analytics,NumPy,Data Visualization",Technology,Actuarial Analyst,"2 projects, 1 internships",Data Analyst
Undergraduate,Commerce/B.Com,"Economics,Scrum,Time Management,SQL,Communication",Government Jobs,Financial Consultant,"2 projects, 0 internships",Chartered Accountant
Undergraduate,Business/BBA,"Product Management,Public Speaking,Business Strategy","Management,Media,Entrepreneurship",Product Manager,"0 projects, 0 internships",Product Manager
Undergraduate,Electronics & Communication,"Figma,Linear Algebra,C++","Engineering,Technology",Network Security Engineer,"1 projects, 1 internships",Embedded Systems Engineer
Undergraduate,Commerce/B.Com,"Financial Accounting,SQL,Data Analytics,Problem Solving,Time Management","Business,Finance,Government Jobs",Investment Banker,"0 projects, 0 internships",Chartered Accountant
Undergraduate,Law/LLB,"Leadership,Public Speaking,Legal Writing,Negotiation,Constitutional Law,Law","Social Impact,Law",Patent Attorney,"2 projects, 0 internships",Corporate Lawyer
Undergraduate,Business/BBA,"Communication,Public Speaking,Project Management,Leadership","Business,Management",Marketing Manager,"2 projects, 1 internships",Product Manager
Undergraduate,Law/LLB,"Negotiation,Public Speaking,Constitutional Law,Law",Government Jobs,Criminal Defense Lawyer,"2 projects, 0 internships",Corporate Lawyer
Class 12,PCM Stream,"Mathematics,Problem Solving,Python","Engineering,Research",High School Physics Teacher,"2 projects, 0 internships",Civil Servant (IAS/IPS)
Undergraduate,Business/BBA,"Leadership,Public Speaking,Sales,Product Management,Communication,SEO",Business,Management Consultant,"1 projects, 0 internships",Product Manager
Undergraduate,Electronics & Communication,"Physics Lab,AWS,Mathematics,Data Structures,C++","Technology,Research",IoT Systems Architect,"2 projects, 1 internships",Embedded Systems Engineer
Class 12,PCM Stream,"Python,Communication,Physics Lab,Problem Solving,Chemistry Lab","Government Jobs,Research,Engineering",Civil Servant (IAS/IPS),"1 projects, 0 internships",Civil Servant (IAS/IPS)
Undergraduate,Commerce/B.Com,"Financial Accounting,Economics,SQL,Communication,Taxation,Time Management","Government Jobs,Business,Finance",Chartered Accountant,"2 projects, 0 internships",Chartered Accountant
Undergraduate,Science/B.Sc,"NumPy,Pandas,Data Analytics,Data Visualization,SQL,Communication",Research,Actuarial Analyst,"2 projects, 0 internships",Data Analyst
Class 12,PCM Stream,"Communication,Python,Physics Lab",Government Jobs,Defense Officer (Army/Navy/Air Force),"0 projects, 1 internships",Civil Servant (IAS/IPS)
Undergraduate,Law/LLB,"Technical Writing,Legal Writing,Public Speaking,Communication","Social Impact,Law",Patent Attorney,"0 projects, 0 internships",Corporate Lawyer
Undergraduate,Electronics & Communication,"Kubernetes,C++,Mathematics,Python,Data Structures",Technology,VLSI Design Engineer,"1 projects, 1 internships",Embedded Systems Engineer
Undergraduate,Computer Science,"Python,C++,CSS,Git",Business,AI/ML Engineer,"2 projects, 1 internships",Software Engineer
Undergraduate,Science/B.Sc,"NumPy,Communication,SQL,Mathematics",Technology,Data Scientist,"2 projects, 1 internships",Data Analyst
Undergraduate,Electronics & Communication,"Python,Physics Lab,C++,Mathematics,Figma,AWS","Research,Engineering,Technology",Network Security Engineer,"0 projects, 1 internships",Embedded Systems Engineer
Undergraduate,Commerce/B.Com,"Time Management,Communication,SQL,Problem Solving,Economics,Data Analytics",Government Jobs,Chartered Accountant,"1 projects, 0 internships",Chartered Accountant
Undergraduate,Electronics & Communication,"Physics Lab,Mathematics,Python,Kubernetes,Docker,Figma","Research,Technology,Engineering",Embedded Systems Engineer,"1 projects, 0 internships",Embedded Systems Engineer
Undergraduate,Commerce/B.Com,"SQL,Economics,Time Management","Government Jobs,Business,Finance",Unknown Career,"0 projects, 0 internships",Chartered Accountant
Class 12,PCM Stream,"Python,Communication,Problem Solving,Mathematics,Writing",Engineering,Research Scientist,"2 projects, 1 internships",Civil Servant (IAS/IPS)
Undergraduate,Business/BBA,"SEO,Project Management,Product Management","Entrepreneurship,Business",Management Consultant,"1 projects, 0 internships",Product Manager
Undergraduate,Commerce/B.Com,"Economics,Communication,Financial Accounting,Problem Solving,Taxation","Government Jobs,Business",Financial Consultant,"1 projects, 0 internships",Chartered Accountant
Undergraduate,Computer Science,"JavaScript,CSS,React,Java,Node.js","Business,Technology,AI/ML",Software Engineer,"2 projects, 1 internships",Software Engineer
Undergraduate,Business/BBA,"Product Management,Sales,Project Management,SEO,Marketing","Business,Entrepreneurship",Marketing Manager,"2 projects, 1 internships",Product Manager
Undergraduate,Computer Science,"Python,React,Java,SQL,Git",Technology,Cloud Architect,"1 projects, 0 internships",Software Engineer
Undergraduate,Science/B.Sc,"Pandas,NumPy,SQL,Python",Business,Data Analyst,"0 projects, 1 internships",Data Analyst
Undergraduate,Science/B.Sc,"Statistics,Communication,NumPy,Python,SQL,Data Analytics","Finance,Research",Financial Risk Analyst,"2 projects, 1 internships",Data Analyst
Class 12,PCM Stream,"Mathematics,Physics Lab,Python,Communication,Problem Solving",Defence,Research Scientist,"0 projects, 0 internships",Civil Servant (IAS/IPS)
Undergraduate,Electronics & Communication,"Kubernetes,AWS,C++,Data Structures,Linear Algebra,Figma","Research,Technology,Engineering",Embedded Systems Engineer,"1 projects, 1 internships",Embedded Systems Engineer
Undergraduate,Electronics & Communication,"AWS,Figma,Linear Algebra,Data Structures","Research,Engineering",IoT Systems Architect,"2 projects, 1 internships",Embedded Systems Engineer
Undergraduate,Electronics & Communication,"AWS,Linear Algebra,C++,Physics Lab","Engineering,Research,Technology",Network Security Engineer,"0 projects, 0 internships",Embedded Systems Engineer
Undergraduate,Law/LLB,"Leadership,Constitutional Law,Public Speaking,Legal Writing,Law,Negotiation",Government Jobs,Corporate Lawyer,"2 projects, 0 internships",Corporate Lawyer
Class 12,PCM Stream,"Writing,Physics Lab,Chemistry Lab,Mathematics,Python",Research,Civil Servant (IAS/IPS),"0 projects, 0 internships",Civil Servant (IAS/IPS)
Class 12,PCM Stream,"Mathematics,Communication,Problem Solving,Python,Physics Lab",Defence,High School Physics Teacher,"0 projects, 1 internships",Civil Servant (IAS/IPS)
Undergraduate,Law/LLB,"Public Speaking,Communication,Technical Writing,Negotiation","Law,Government Jobs,Social Impact",Public Prosecutor,"2 projects, 1 internships",Corporate Lawyer
Undergraduate,Commerce/B.Com,"Financial Accounting,Time Management,Communication","Business,Government Jobs",Unknown Career,"0 projects, 0 internships",Chartered Accountant
Undergraduate,Commerce/B.Com,"SQL,Communication,Problem Solving,Financial Accounting,Time Management,Data Analytics","Business,Finance,Government Jobs",Investment Banker,"1 projects, 1 internships",Chartered Accountant
Class 12,PCM Stream,"Physics Lab,Writing,Communication,Mathematics,Problem Solving","Government Jobs,Engineering,Defence",Civil Servant (IAS/IPS),"1 projects, 0 internships",Civil Servant (IAS/IPS)
Undergraduate,Electronics & Communication,"Linear Algebra,Physics Lab,Docker","Research,Technology,Engineering",Network Security Engineer,"0 projects, 0 internships",Embedded Systems Engineer
Class 12,PCM Stream,"Mathematics,Python,Communication","Government Jobs,Research",Defense Officer (Army/Navy/Air Force),"2 projects, 0 internships",Civil Servant (IAS/IPS)
Undergraduate,Commerce/B.Com,"Communication,Financial Accounting,Scrum","Finance,Business",Financial Consultant,"2 projects, 1 internships",Chartered Accountant
Undergraduate,Computer Science,"Python,HTML,C++,REST APIs,CSS,Java","AI/ML,Technology,Business",DevOps Engineer,"1 projects, 1 internships",Software Engineer
Undergraduate,Electronics & Communication,"Docker,Data Structures,Python,Figma,Mathematics","Engineering,Research,Technology",IoT Systems Architect,"0 projects, 0 internships",Embedded Systems Engineer
Undergraduate,Science/B.Sc,"Pandas,SQL,Data Visualization,Python","Finance,Business,Research",Data Scientist,"1 projects, 1 internships",Data Analyst
Undergraduate,Electronics & Communication,"Figma,C++,Docker,Data Structures,Mathematics","Research,Technology",Network Security Engineer,"2 projects, 0 internships",Embedded Systems Engineer
Class 12,PCM Stream,"Communication,Chemistry Lab,Physics Lab,Python,Writing","Government Jobs,Engineering",Civil Servant (IAS/IPS),"0 projects, 1 internships",Civil Servant (IAS/IPS)
Undergraduate,Commerce/B.Com,"Data Analytics,Time Management,SQL,Taxation,Problem Solving,Economics","Government Jobs,Business,Finance",Investment Banker,"0 projects, 0 internships",Chartered Accountant
Undergraduate,Science/B.Sc,"Mathematics,SQL,Statistics",Research,Financial Risk Analyst,"1 projects, 1 internships",Data Analyst
Undergraduate,Computer Science,"React,Data Structures,JavaScript,Python",AI/ML,DevOps Engineer,"2 projects, 1 internships",Software Engineer
Undergraduate,Computer Science,"JavaScript,CSS,REST APIs,Python,SQL","Technology,AI/ML,Business",Software Engineer,"1 projects, 0 internships",Software Engineer
Class 12,PCM Stream,"Writing,Chemistry Lab,Python",Engineering,Defense Officer (Army/Navy/Air Force),"2 projects, 1 internships",Civil Servant (IAS/IPS)
Undergraduate,Electronics & Communication,"Python,Mathematics,Figma","Research,Technology,Engineering",Embedded Systems Engineer,"1 projects, 0 internships",Embedded Systems Engineer
Undergraduate,Business/BBA,"Leadership,Project Management,Marketing,Public Speaking,SEO,Business Strategy","Business,Management,Media",Management Consultant,"2 projects, 1 internships",Product Manager
Undergraduate,Law/LLB,"Communication,Constitutional Law,Technical Writing",Social Impact,Patent Attorney,"1 projects, 0 internships",Corporate Lawyer
Undergraduate,Computer Science,"Python,REST APIs,C++","AI/ML,Technology,Business",Data Scientist,"2 projects, 0 internships",Software Engineer
Undergraduate,Computer Science,"Algorithms,Java,React,Python,CSS","AI/ML,Business",Data Scientist,"1 projects, 1 internships",Software Engineer
Undergraduate,Commerce/B.Com,"SQL,Taxation,Time Management,Scrum,Economics,Communication",Finance,Chartered Accountant,"2 projects, 1 internships",Chartered Accountant
Undergraduate,Science/B.Sc,"Python,Mathematics,SQL,NumPy,Pandas,Data Analytics","Finance,Research,Business",Financial Risk Analyst,"1 projects, 0 internships",Data Analyst
Class 12,PCM Stream,"Python,Problem Solving,Communication,Chemistry Lab",Research,Civil Servant (IAS/IPS),"2 projects, 1 internships",Civil Servant (IAS/IPS)
Class 12,PCM Stream,"Physics Lab,Python,Mathematics",Defence,Defense Officer (Army/Navy/Air Force),"2 projects, 0 internships",Civil Servant (IAS/IPS)
Undergraduate,Electronics & Communication,"Figma,Python,C++,AWS,Physics Lab,Kubernetes","Engineering,Technology",Network Security Engineer,"0 projects, 1 internships",Embedded Systems Engineer
Class 12,PCM Stream,"Python,Physics Lab,Writing,Communication","Research,Defence",Defense Officer (Army/Navy/Air Force),"2 projects, 0 internships",Civil Servant (IAS/IPS)
Undergraduate,Electronics & Communication,"Python,Data Structures,C++,Mathematics,Kubernetes","Research,Technology",Embedded Systems Engineer,"0 projects, 1 internships",Embedded Systems Engineer
Undergraduate,Computer Science,"SQL,Java,Data Structures,React,REST APIs,Python",Technology,Cloud Architect,"1 projects, 0 internships",Software Engineer
Undergraduate,Business/BBA,"Communication,Business Strategy,Public Speaking,Marketing","Business,Management,Media",Management Consultant,"0 projects, 1 internships",Product Manager
Undergraduate,Computer Science,"React,HTML,C++,Data Structures,Node.js","Business,Technology,AI/ML",DevOps Engineer,"0 projects, 1 internships",Software Engineer
Class 12,PCM Stream,"Physics Lab,Python,Writing,Chemistry Lab,Communication,Mathematics",Defence,Civil Servant (IAS/IPS),"1 projects, 1 internships",Civil Servant (IAS/IPS)
Undergraduate,Electronics & Communication,"Kubernetes,Docker,AWS","Technology,Engineering",Embedded Systems Engineer,"0 projects, 0 internships",Embedded Systems Engineer
Class 12,PCM Stream,"Physics Lab,Problem Solving,Python,Writing",Defence,High School Physics Teacher,"1 projects, 0 internships",Civil Servant (IAS/IPS)
Undergraduate,Law/LLB,"Law,Leadership,Communication",Government Jobs,Public Prosecutor,"1 projects, 1 internships",Corporate Lawyer
Undergraduate,Business/BBA,"Project Management,Leadership,Sales","Media,Entrepreneurship,Management",Product Manager,"1 projects, 1 internships",Product Manager
Undergraduate,Business/BBA,"SEO,Public Speaking,Product Management","Media,Entrepreneurship,Management",Management Consultant,"1 projects, 0 internships",Product Manager
Undergraduate,Law/LLB,"Communication,Technical Writing,Public Speaking,Leadership","Government Jobs,Law,Social Impact",Patent Attorney,"1 projects, 0 internships",Corporate Lawyer
Undergraduate,Commerce/B.Com,"Problem Solving,Scrum,Taxation,Communication,Time Management",Finance,Chartered Accountant,"2 projects, 1 internships",Chartered Accountant
Undergraduate,Computer Science,"SQL,Git,React,Python,Data Structures,Node.js",AI/ML,Cloud Architect,"1 projects, 0 internships",Software Engineer
Undergraduate,Electronics & Communication,"Docker,Mathematics,AWS,Data Structures,Linear Algebra,Python","Technology,Research,Engineering",IoT Systems Architect,"0 projects, 0 internships",Embedded Systems Engineer
Undergraduate,Computer Science,"Algorithms,Git,JavaScript,HTML,Python","AI/ML,Technology,Business",DevOps Engineer,"2 projects, 0 internships",Software Engineer
Class 12,PCM Stream,"Problem Solving,Mathematics,Writing,Physics Lab,Chemistry Lab",Research,Civil Servant (IAS/IPS),"2 projects, 1 internships",Civil Servant (IAS/IPS)
Undergraduate,Law/LLB,"Communication,Negotiation,Law,Leadership","Law,Social Impact,Government Jobs",Corporate Lawyer,"0 projects, 1 internships",Corporate Lawyer
Undergraduate,Computer Science,"Node.js,Algorithms,REST APIs",Technology,Software Engineer,"0 projects, 1 internships",Software Engineer
Undergraduate,Computer Science,"Node.js,Algorithms,React,CSS,Python",Technology,Data Scientist,"0 projects, 1 internships",Software Engineer
Undergraduate,Law/LLB,"Public Speaking,Leadership,Legal Writing","Government Jobs,Law",Criminal Defense Lawyer,"0 projects, 0 internships",Corporate Lawyer
Undergraduate,Commerce/B.Com,"Economics,SQL,Data Analytics,Time Management",Finance,Investment Banker,"2 projects, 1 internships",Chartered Accountant
Undergraduate,Business/BBA,"Project Management,SEO,Communication,Marketing","Business,Media",Marketing Manager,"2 projects, 0 internships",Product Manager
Undergraduate,Commerce/B.Com,"Economics,Financial Accounting,Data Analytics,Communication,Time Management,Problem Solving","Government Jobs,Business,Finance",Chartered Accountant,"2 projects, 0 internships",Chartered Accountant
Undergraduate,Electronics & Communication,"Data Structures,Figma,Linear Algebra,Physics Lab",Technology,Embedded Systems Engineer,"0 projects, 0 internships",Embedded Systems Engineer
Undergraduate,Law/LLB,"Constitutional Law,Legal Writing,Leadership,Communication,Law",Government Jobs,Patent Attorney,"1 projects, 1 internships",Corporate Lawyer
Undergraduate,Commerce/B.Com,"Financial Accounting,Economics,Scrum",Government Jobs,Chartered Accountant,"1 projects, 1 internships",Chartered Accountant
Undergraduate,Computer Science,"Node.js,Java,HTML,Data Structures,CSS,REST APIs","Business,AI/ML,Technology",Cloud Architect,"0 projects, 1 internships",Software Engineer
Undergraduate,Electronics & Communication,"AWS,Python,Mathematics,Docker",Engineering,Network Security Engineer,"1 projects, 0 internships",Embedded Systems Engineer
Undergraduate,Law/LLB,"Law,Public Speaking,Technical Writing,Legal Writing,Negotiation,Communication","Government Jobs,Social Impact,Law",Public Prosecutor,"0 projects, 0 internships",Corporate Lawyer
Undergraduate,Electronics & Communication,"Python,Physics Lab,Figma,C++,Kubernetes",Engineering,Embedded Systems Engineer,"1 projects, 1 internships",Embedded Systems Engineer
Class 12,PCM Stream,"Chemistry Lab,Mathematics,Problem Solving,Physics Lab,Python,Communication",Government Jobs,High School Physics Teacher,"1 projects, 0 internships",Civil Servant (IAS/IPS)
Undergraduate,Commerce/B.Com,"Taxation,Communication,Time Management","Finance,Business",Investment Banker,"0 projects, 0 internships",Chartered Accountant
Class 12,PCM Stream,"Writing,Chemistry Lab,Python,Mathematics,Communication,Physics Lab","Engineering,Research,Government Jobs",Civil Servant (IAS/IPS),"0 projects, 0 internships",Civil Servant (IAS/IPS)
Undergraduate,Business/BBA,"Marketing,Communication,SEO,Public Speaking","Entrepreneurship,Media,Management",Marketing Manager,"2 projects, 0 internships",Product Manager
Undergraduate,Science/B.Sc,"Data Visualization,Statistics,SQL,NumPy,Data Analytics","Research,Technology",Financial Risk Analyst,"0 projects, 0 internships",Data Analyst
Undergraduate,Law/LLB,"Communication,Legal Writing,Leadership,Technical Writing,Constitutional Law",Government Jobs,Patent Attorney,"0 projects, 0 internships",Corporate Lawyer
Undergraduate,Commerce/B.Com,"Problem Solving,Economics,Taxation,Scrum","Business,Finance",Investment Banker,"1 projects, 1 internships",Chartered Accountant
Undergraduate,Computer Science,"Git,CSS,React,REST APIs,SQL","Technology,Business,AI/ML",Cloud Architect,"1 projects, 1 internships",Software Engineer
Undergraduate,Business/BBA,"Sales,Project Management,SEO,Public Speaking,Business Strategy,Communication",Business,Management Consultant,"2 projects, 1 internships",Product Manager
Undergraduate,Business/BBA,"Sales,Business Strategy,Product Management,Communication,Project Management,Public Speaking","Entrepreneurship,Media",Marketing Manager,"1 projects, 1 internships",Product Manager
Undergraduate,Science/B.Sc,"Python,Mathematics,Statistics,NumPy,Data Visualization","Research,Business,Finance",Data Scientist,"0 projects, 1 internships",Data Analyst
Class 12,PCM Stream,"Problem Solving,Chemistry Lab,Writing,Mathematics","Engineering,Government Jobs",Civil Servant (IAS/IPS),"1 projects, 0 internships",Civil Servant (IAS/IPS)
Class 12,PCM Stream,"Physics Lab,Python,Writing,Mathematics,Communication","Engineering,Research,Government Jobs",High School Physics Teacher,"1 projects, 0 internships",Civil Servant (IAS/IPS)
Undergraduate,Computer Science,"Algorithms,HTML,Java,Git,Node.js","Technology,AI/ML",Cloud Architect,"0 projects, 1 internships",Software Engineer
Undergraduate,Business/BBA,"Business Strategy,Communication,Sales,Marketing",Management,Management Consultant,"1 projects, 0 internships",Product Manager
Class 12,PCM Stream,"Writing,Python,Mathematics,Problem Solving","Engineering,Defence,Government Jobs",Research Scientist,"0 projects, 0 internships",Civil Servant (IAS/IPS)
Undergraduate,Law/LLB,"Leadership,Technical Writing,Negotiation,Law,Constitutional Law,Communication","Social Impact,Government Jobs",Patent Attorney,"1 projects, 1 internships",Corporate Lawyer
Undergraduate,Computer Science,"JavaScript,Python,React,Algorithms,Data Structures",AI/ML,Software Engineer,"1 projects, 1 internships",Software Engineer
Undergraduate,Business/BBA,"Marketing,Product Management,Sales","Business,Media",Management Consultant,"0 projects, 1 internships",Product Manager
Undergraduate,Business/BBA,"Leadership,SEO,Sales,Public Speaking",Management,Management Consultant,"0 projects, 1 internships",Product Manager
Undergraduate,Computer Science,"CSS,JavaScript,Data Structures,Java,React,Algorithms",AI/ML,Cloud Architect,"0 projects, 0 internships",Software Engineer
Undergraduate,Commerce/B.Com,"Scrum,Taxation,Financial Accounting,SQL,Problem Solving,Time Management",Business,Unknown Career,"1 projects, 1 internships",Chartered Accountant
Undergraduate,Business/BBA,"Marketing,SEO,Communication","Entrepreneurship,Management",Management Consultant,"0 projects, 1 internships",Product Manager
Undergraduate,Science/B.Sc,"Pandas,Python,NumPy,SQL",Technology,Data Analyst,"0 projects, 1 internships",Data Analyst
Undergraduate,Science/B.Sc,"Communication,Statistics,Data Visualization,Python",Business,Data Scientist,"1 projects, 1 internships",Data Analyst
Class 12,PCM Stream,"Writing,Communication,Python,Problem Solving,Chemistry Lab","Government Jobs,Defence",Research Scientist,"0 projects, 1 internships",Civil Servant (IAS/IPS)
Undergraduate,Electronics & Communication,"C++,Physics Lab,Data Structures,Figma,Kubernetes,Linear Algebra","Engineering,Research,Technology",Network Security Engineer,"0 projects, 1 internships",Embedded Systems Engineer
Undergraduate,Law/LLB,"Technical Writing,Public Speaking,Communication","Law,Government Jobs",Criminal Defense Lawyer,"1 projects, 1 internships",Corporate Lawyer
Class 12,PCM Stream,"Mathematics,Writing,Chemistry Lab,Communication",Defence,Defense Officer (Army/Navy/Air Force),"1 projects, 1 internships",Civil Servant (IAS/IPS)
Undergraduate,Electronics & Communication,"Figma,Linear Algebra,Data Structures,Python,Docker,Kubernetes","Technology,Research,Engineering",IoT Systems Architect,"0 projects, 0 internships",Embedded Systems Engineer
Undergraduate,Electronics & Communication,"Physics Lab,Docker,Mathematics,C++,Python,Data Structures",Engineering,VLSI Design Engineer,"0 projects, 1 internships",Embedded Systems Engineer
Undergraduate,Electronics & Communication,"Python,C++,Mathematics,Kubernetes,Linear Algebra,Docker","Technology,Engineering,Research",VLSI Design Engineer,"0 projects, 0 internships",Embedded Systems Engineer
Undergraduate,Electronics & Communication,"Python,Figma,Linear Algebra,Mathematics,Data Structures","Research,Technology,Engineering",Network Security Engineer,"1 projects, 1 internships",Embedded Systems Engineer
Undergraduate,Business/BBA,"SEO,Marketing,Business Strategy",Media,Product Manager,"1 projects, 0 internships",Product Manager
Undergraduate,Electronics & Communication,"C++,AWS,Mathematics,Figma,Python,Linear Algebra","Technology,Engineering,Research",Embedded Systems Engineer,"1 projects, 0 internships",Embedded Systems Engineer
Undergraduate,Science/B.Sc,"SQL,NumPy,Data Analytics,Python",Finance,Data Scientist,"0 projects, 1 internships",Data Analyst
Undergraduate,Law/LLB,"Law,Constitutional Law,Leadership,Public Speaking,Technical Writing","Government Jobs,Law",Criminal Defense Lawyer,"1 projects, 1 internships",Corporate Lawyer
Undergraduate,Computer Science,"Git,C++,Python,JavaScript,CSS",Technology,Data Scientist,"2 projects, 0 internships",Software Engineer
Undergraduate,Law/LLB,"Law,Negotiation,Technical Writing",Government Jobs,Criminal Defense Lawyer,"0 projects, 1 internships",Corporate Lawyer
Undergraduate,Computer Science,"Algorithms,Node.js,Java,REST APIs","Business,AI/ML",AI/ML Engineer,"2 projects, 0 internships",Software Engineer
Undergraduate,Electronics & Communication,"Docker,AWS,Python,Mathematics,Linear Algebra,Physics Lab",Research,Embedded Systems Engineer,"2 projects, 1 internships",Embedded Systems Engineer
Undergraduate,Law/LLB,"Public Speaking,Negotiation,Leadership,Technical Writing",Law,Criminal Defense Lawyer,"2 projects, 1 internships",Corporate Lawyer
Undergraduate,Business/BBA,"Business Strategy,Product Management,SEO","Entrepreneurship,Management,Media",Product Manager,"0 projects, 1 internships",Product Manager
Undergraduate,Law/LLB,"Leadership,Constitutional Law,Technical Writing,Public Speaking,Legal Writing","Law,Social Impact,Government Jobs",Patent Attorney,"0 projects, 0 internships",Corporate Lawyer
Undergraduate,Electronics & Communication,"C++,AWS,Mathematics,Physics Lab,Data Structures,Figma","Technology,Research",Embedded Systems Engineer,"1 projects, 1 internships",Embedded Systems Engineer
Undergraduate,Commerce/B.Com,"Problem Solving,Time Management,Data Analytics,Scrum,Economics",Government Jobs,Financial Consultant,"1 projects, 0 internships",Chartered Accountant
Undergraduate,Science/B.Sc,"Data Visualization,Pandas,Data Analytics,SQL","Technology,Business,Research",Financial Risk Analyst,"0 projects, 1 internships",Data Analyst
Undergraduate,Commerce/B.Com,"Communication,Scrum,SQL,Taxation,Financial Accounting",Government Jobs,Investment Banker,"0 projects, 0 internships",Chartered Accountant
Undergraduate,Commerce/B.Com,"Problem Solving,Data Analytics,Communication","Government Jobs,Business,Finance",Unknown Career,"1 projects, 1 internships",Chartered Accountant
Class 12,PCM Stream,"Writing,Chemistry Lab,Communication,Physics Lab,Problem Solving","Engineering,Research,Defence",Research Scientist,"1 projects, 1 internships",Civil Servant (IAS/IPS)
Undergraduate,Commerce/B.Com,"Time Management,Scrum,SQL,Problem Solving,Taxation,Communication","Government Jobs,Finance,Business",Unknown Career,"1 projects, 1 internships",Chartered Accountant
Undergraduate,Commerce/B.Com,"Financial Accounting,Problem Solving,Time Management,Scrum,Taxation","Business,Finance",Financial Consultant,"0 projects, 0 internships",Chartered Accountant
Undergraduate,Science/B.Sc,"Python,Pandas,SQL,Data Visualization,Statistics","Research,Business,Finance",Data Analyst,"1 projects, 1 internships",Data Analyst
Undergraduate,Computer Science,"React,Data Structures,JavaScript,Algorithms","AI/ML,Business",Software Engineer,"0 projects, 1 internships",Software Engineer
Undergraduate,Business/BBA,"SEO,Marketing,Leadership,Business Strategy,Public Speaking",Management,Product Manager,"0 projects, 1 internships",Product Manager
Undergraduate,Commerce/B.Com,"Economics,Financial Accounting,Taxation","Government Jobs,Finance",Investment Banker,"1 projects, 0 internships",Chartered Accountant
Undergraduate,Commerce/B.Com,"Problem Solving,Communication,Taxation,Economics,Time Management,Scrum","Government Jobs,Business",Chartered Accountant,"1 projects, 0 internships",Chartered Accountant
Undergraduate,Law/LLB,"Communication,Leadership,Public Speaking","Social Impact,Law",Corporate Lawyer,"1 projects, 0 internships",Corporate Lawyer
Undergraduate,Law/LLB,"Constitutional Law,Legal Writing,Public Speaking","Government Jobs,Social Impact",Criminal Defense Lawyer,"2 projects, 1 internships",Corporate Lawyer
Undergraduate,Computer Science,"CSS,Git,REST APIs","AI/ML,Technology,Business",Cloud Architect,"1 projects, 1 internships",Software Engineer
Undergraduate,Computer Science,"CSS,HTML,Git,REST APIs,C++","Business,AI/ML",Software Engineer,"1 projects, 1 internships",Software Engineer
Undergraduate,Law/LLB,"Leadership,Legal Writing,Law","Social Impact,Government Jobs",Corporate Lawyer,"0 projects, 0 internships",Corporate Lawyer
Undergraduate,Business/BBA,"Sales,SEO,Marketing,Project Management","Management,Entrepreneurship",Brand Strategist,"2 projects, 1 internships",Product Manager
Undergraduate,Science/B.Sc,"SQL,Statistics,Data Visualization",Business,Financial Risk Analyst,"2 projects, 1 internships",Data Analyst
Class 12,PCM Stream,"Chemistry Lab,Python,Communication,Mathematics,Physics Lab,Problem Solving",Engineering,High School Physics Teacher,"0 projects, 1 internships",Civil Servant (IAS/IPS)
Class 12,PCM Stream,"Writing,Chemistry Lab,Physics Lab,Problem Solving,Communication","Engineering,Research",Civil Servant (IAS/IPS),"2 projects, 0 internships",Civil Servant (IAS/IPS)
Undergraduate,Law/LLB,"Negotiation,Leadership,Law","Social Impact,Law",Corporate Lawyer,"1 projects, 1 internships",Corporate Lawyer
Class 12,PCM Stream,"Physics Lab,Python,Writing,Communication,Mathematics",Defence,Civil Servant (IAS/IPS),"2 projects, 0 internships",Civil Servant (IAS/IPS)
Undergraduate,Science/B.Sc,"Data Visualization,Communication,Pandas","Research,Finance",Actuarial Analyst,"0 projects, 1 internships",Data Analyst
Class 12,PCM Stream,"Communication,Writing,Mathematics","Research,Engineering,Defence",High School Physics Teacher,"2 projects, 1 internships",Civil Servant (IAS/IPS)
Class 12,PCM Stream,"Python,Chemistry Lab,Physics Lab,Communication","Research,Engineering",Defense Officer (Army/Navy/Air Force),"1 projects, 1 internships",Civil Servant (IAS/IPS)
Class 12,PCM Stream,"Writing,Problem Solving,Physics Lab,Chemistry Lab,Python,Communication","Defence,Engineering,Research",Defense Officer (Army/Navy/Air Force),"2 projects, 1 internships",Civil Servant (IAS/IPS)
Undergraduate,Computer Science,"Node.js,CSS,Algorithms,REST APIs,Data Structures","Technology,AI/ML",Cloud Architect,"0 projects, 0 internships",Software Engineer
Undergraduate,Commerce/B.Com,"Communication,Data Analytics,Scrum,Economics",Government Jobs,Unknown Career,"1 projects, 0 internships",Chartered Accountant
Undergraduate,Science/B.Sc,"Data Visualization,Python,Statistics,Mathematics,Communication,NumPy",Business,Data Analyst,"0 projects, 0 internships",Data Analyst
Undergraduate,Business/BBA,"Communication,Business Strategy,Public Speaking,Project Management,Leadership","Business,Entrepreneurship",Product Manager,"1 projects, 0 internships",Product Manager
Undergraduate,Law/LLB,"Public Speaking,Negotiation,Constitutional Law,Leadership,Technical Writing,Legal Writing","Social Impact,Government Jobs,Law",Criminal Defense Lawyer,"2 projects, 1 internships",Corporate Lawyer
Undergraduate,Law/LLB,"Technical Writing,Communication,Negotiation,Legal Writing,Constitutional Law","Law,Social Impact,Government Jobs",Corporate Lawyer,"1 projects, 0 internships",Corporate Lawyer
Undergraduate,Electronics & Communication,"Mathematics,Linear Algebra,C++,Kubernetes,Docker","Research,Technology,Engineering",Network Security Engineer,"0 projects, 1 internships",Embedded Systems Engineer
Undergraduate,Commerce/B.Com,"Problem Solving,Time Management,SQL","Government Jobs,Finance,Business",Financial Consultant,"2 projects, 0 internships",Chartered Accountant
Undergraduate,Computer Science,"Git,React,REST APIs,SQL,Algorithms,Node.js",AI/ML,Data Scientist,"0 projects, 1 internships",Software Engineer
Undergraduate,Science/B.Sc,"Python,Data Visualization,Pandas","Technology,Finance,Research",Data Analyst,"0 projects, 0 internships",Data Analyst
Class 12,PCM Stream,"Chemistry Lab,Communication,Physics Lab",Research,High School Physics Teacher,"2 projects, 0 internships",Civil Servant (IAS/IPS)
Undergraduate,Commerce/B.Com,"Time Management,SQL,Problem Solving,Economics","Finance,Business,Government Jobs",Investment Banker,"1 projects, 0 internships",Chartered Accountant
Undergraduate,Science/B.Sc,"Communication,SQL,Statistics,Data Analytics,Python","Business,Technology,Research",Data Analyst,"2 projects, 1 internships",Data Analyst
Undergraduate,Electronics & Communication,"Data Structures,Docker,Python,Kubernetes,Linear Algebra","Technology,Research,Engineering",Network Security Engineer,"2 projects, 0 internships",Embedded Systems Engineer
Undergraduate,Law/LLB,"Legal Writing,Communication,Leadership","Government Jobs,Social Impact,Law",Corporate Lawyer,"0 projects, 0 internships",Corporate Lawyer
Undergraduate,Commerce/B.Com,"Problem Solving,SQL,Time Management","Business,Government Jobs",Unknown Career,"1 projects, 1 internships",Chartered Accountant
Undergraduate,Science/B.Sc,"SQL,NumPy,Communication,Data Analytics,Statistics","Business,Technology",Actuarial Analyst,"2 projects, 1 internships",Data Analyst
Undergraduate,Commerce/B.Com,"Problem Solving,Financial Accounting,Scrum,SQL,Data Analytics",Finance,Investment Banker,"0 projects, 0 internships",Chartered Accountant
Undergraduate,Business/BBA,"Leadership,Public Speaking,Product Management","Entrepreneurship,Media",Product Manager,"1 projects, 0 internships",Product Manager
Class 12,PCM Stream,"Communication,Physics Lab,Problem Solving,Chemistry Lab","Government Jobs,Defence,Research",Civil Servant (IAS/IPS),"2 projects, 1 internships",Civil Servant (IAS/IPS)
Undergraduate,Electronics & Communication,"Physics Lab,Data Structures,C++",Engineering,IoT Systems Architect,"0 projects, 1 internships",Embedded Systems Engineer
Undergraduate,Law/LLB,"Constitutional Law,Negotiation,Law,Technical Writing","Government Jobs,Law,Social Impact",Public Prosecutor,"2 projects, 0 internships",Corporate Lawyer
Undergraduate,Computer Science,"C++,HTML,JavaScript,SQL","AI/ML,Technology,Business",Data Scientist,"0 projects, 0 internships",Software Engineer
Undergraduate,Computer Science,"REST APIs,CSS,JavaScript,Algorithms,SQL,Java",Technology,AI/ML Engineer,"1 projects, 0 internships",Software Engineer
Undergraduate,Computer Science,"JavaScript,Data Structures,Algorithms,Python,Git",Business,AI/ML Engineer,"1 projects, 0 internships",Software Engineer
Undergraduate,Science/B.Sc,"Python,Data Analytics,Pandas",Finance,Financial Risk Analyst,"2 projects, 0 internships",Data Analyst
Undergraduate,Business/BBA,"Public Speaking,Sales,Product Management,Communication,SEO,Business Strategy","Entrepreneurship,Media,Business",Brand Strategist,"2 projects, 1 internships",Product Manager
Undergraduate,Science/B.Sc,"Communication,Pandas,Statistics,Data Analytics,NumPy",Finance,Financial Risk Analyst,"0 projects, 0 internships",Data Analyst
Undergraduate,Commerce/B.Com,"Time Management,Scrum,Communication,Economics,Problem Solving,Financial Accounting","Finance,Government Jobs",Investment Banker,"1 projects, 0 internships",Chartered Accountant
Undergraduate,Computer Science,"JavaScript,Node.js,Git,Data Structures,Java,C++","Business,AI/ML,Technology",Data Scientist,"0 projects, 1 internships",Software Engineer
Undergraduate,Commerce/B.Com,"SQL,Communication,Scrum,Economics","Business,Finance",Investment Banker,"2 projects, 0 internships",Chartered Accountant
Undergraduate,Electronics & Communication,"Docker,C++,Mathematics,Figma,Kubernetes,Linear Algebra","Engineering,Technology",Embedded Systems Engineer,"0 projects, 0 internships",Embedded Systems Engineer
Undergraduate,Law/LLB,"Technical Writing,Constitutional Law,Public Speaking",Social Impact,Patent Attorney,"1 projects, 0 internships",Corporate Lawyer
Undergraduate,Law/LLB,"Technical Writing,Constitutional Law,Public Speaking,Legal Writing,Law,Leadership","Social Impact,Law,Government Jobs",Corporate Lawyer,"1 projects, 1 internships",Corporate Lawyer
Class 12,PCM Stream,"Chemistry Lab,Communication,Writing,Python","Engineering,Research,Defence",Civil Servant (IAS/IPS),"2 projects, 1 internships",Civil Servant (IAS/IPS)
Undergraduate,Computer Science,"SQL,Java,Git","Technology,Business,AI/ML",DevOps Engineer,"0 projects, 1 internships",Software Engineer
Undergraduate,Electronics & Communication,"Figma,AWS,C++,Mathematics,Python","Research,Technology,Engineering",VLSI Design Engineer,"0 projects, 1 internships",Embedded Systems Engineer
Undergraduate,Science/B.Sc,"Statistics,Data Analytics,NumPy,SQL",Technology,Data Analyst,"1 projects, 1 internships",Data Analyst
Undergraduate,Science/B.Sc,"NumPy,Data Visualization,Mathematics","Business,Finance",Financial Risk Analyst,"1 projects, 0 internships",Data Analyst
Class 12,PCM Stream,"Mathematics,Communication,Chemistry Lab,Problem Solving,Python,Writing","Defence,Government Jobs",Research Scientist,"1 projects, 0 internships",Civil Servant (IAS/IPS)
Undergraduate,Business/BBA,"Product Management,Marketing,Leadership,Sales,Business Strategy","Media,Entrepreneurship,Business",Product Manager,"1 projects, 0 internships",Product Manager
Undergraduate,Law/LLB,"Negotiation,Communication,Legal Writing,Technical Writing,Leadership,Law","Government Jobs,Social Impact",Corporate Lawyer,"1 projects, 0 internships",Corporate Lawyer
Undergraduate,Law/LLB,"Leadership,Communication,Constitutional Law,Public Speaking,Legal Writing,Law",Social Impact,Patent Attorney,"0 projects, 0 internships",Corporate Lawyer
Undergraduate,Electronics & Communication,"AWS,Figma,C++,Python",Engineering,Network Security Engineer,"1 projects, 0 internships",Embedded Systems Engineer
Undergraduate,Business/BBA,"Leadership,Public Speaking,Business Strategy,Communication,SEO,Project Management",Management,Marketing Manager,"1 projects, 1 internships",Product Manager
Undergraduate,Computer Science,"JavaScript,Algorithms,React,SQL","AI/ML,Technology,Business",AI/ML Engineer,"1 projects, 0 internships",Software Engineer
Undergraduate,Business/BBA,"SEO,Communication,Business Strategy,Sales,Marketing,Product Management","Media,Entrepreneurship",Product Manager,"0 projects, 1 internships",Product Manager
Undergraduate,Science/B.Sc,"NumPy,Data Analytics,Pandas,Mathematics,Data Visualization,SQL",Business,Actuarial Analyst,"0 projects, 1 internships",Data Analyst
Undergraduate,Electronics & Communication,"Python,AWS,Mathematics","Technology,Engineering",IoT Systems Architect,"2 projects, 1 internships",Embedded Systems Engineer
Undergraduate,Computer Science,"CSS,Data Structures,Java",Technology,AI/ML Engineer,"1 projects, 0 internships",Software Engineer
Undergraduate,Science/B.Sc,"Pandas,Python,Data Analytics,Communication","Technology,Business,Research",Data Analyst,"0 projects, 0 internships",Data Analyst
Undergraduate,Law/LLB,"Technical Writing,Public Speaking,Legal Writing","Social Impact,Law",Criminal Defense Lawyer,"1 projects, 1 internships",Corporate Lawyer
Undergraduate,Commerce/B.Com,"SQL,Taxation,Communication,Data Analytics,Scrum,Economics",Finance,Chartered Accountant,"1 projects, 0 internships",Chartered Accountant
Undergraduate,Computer Science,"Data Structures,Node.js,C++,Git,CSS,Algorithms","Technology,AI/ML,Business",AI/ML Engineer,"1 projects, 1 internships",Software Engineer
Undergraduate,Commerce/B.Com,"Taxation,Communication,Scrum,Economics","Business,Government Jobs,Finance",Chartered Accountant,"1 projects, 0 internships",Chartered Accountant
Undergraduate,Law/LLB,"Communication,Technical Writing,Negotiation,Leadership,Law,Public Speaking",Government Jobs,Criminal Defense Lawyer,"1 projects, 0 internships",Corporate Lawyer
Undergraduate,Computer Science,"CSS,C++,Algorithms,Python,React,Java",Technology,Cloud Architect,"2 projects, 0 internships",Software Engineer
Undergraduate,Business/BBA,"Public Speaking,Leadership,Project Management,Marketing",Management,Marketing Manager,"1 projects, 1 internships",Product Manager
Undergraduate,Business/BBA,"Communication,Business Strategy,Public Speaking","Entrepreneurship,Business,Media",Brand Strategist,"2 projects, 1 internships",Product Manager
Class 12,PCM Stream,"Problem Solving,Communication,Chemistry Lab,Mathematics,Physics Lab","Research,Defence",Defense Officer (Army/Navy/Air Force),"0 projects, 1 internships",Civil Servant (IAS/IPS)
Undergraduate,Law/LLB,"Law,Leadership,Technical Writing,Public Speaking,Constitutional Law","Social Impact,Law",Patent Attorney,"1 projects, 1 internships",Corporate Lawyer
Undergraduate,Computer Science,"React,Algorithms,C++,HTML",Technology,DevOps Engineer,"0 projects, 0 internships",Software Engineer
Undergraduate,Electronics & Communication,"Physics Lab,C++,AWS,Mathematics,Figma,Docker",Technology,Embedded Systems Engineer,"1 projects, 0 internships",Embedded Systems Engineer
Undergraduate,Electronics & Communication,"Kubernetes,Docker,Data Structures,Mathematics",Engineering,IoT Systems Architect,"0 projects, 1 internships",Embedded Systems Engineer
Undergraduate,Law/LLB,"Public Speaking,Law,Legal Writing","Social Impact,Law,Government Jobs",Public Prosecutor,"2 projects, 0 internships",Corporate Lawyer
Undergraduate,Law/LLB,"Negotiation,Constitutional Law,Technical Writing,Public Speaking,Communication,Leadership","Law,Government Jobs,Social Impact",Patent Attorney,"1 projects, 1 internships",Corporate Lawyer
Undergraduate,Science/B.Sc,"SQL,Communication,Pandas,Mathematics",Business,Data Analyst,"1 projects, 0 internships",Data Analyst
Undergraduate,Commerce/B.Com,"Problem Solving,Economics,Financial Accounting,Data Analytics","Business,Finance",Unknown Career,"1 projects, 0 internships",Chartered Accountant
Undergraduate,Electronics & Communication,"C++,Docker,Physics Lab,Data Structures,Linear Algebra",Research,IoT Systems Architect,"1 projects, 1 internships",Embedded Systems Engineer
Undergraduate,Electronics & Communication,"C++,Physics Lab,Python,Linear Algebra,Docker,AWS","Technology,Engineering",Embedded Systems Engineer,"0 projects, 0 internships",Embedded Systems Engineer
Undergraduate,Electronics & Communication,"Figma,Linear Algebra,Mathematics,Docker,Physics Lab,Data Structures","Technology,Engineering",IoT Systems Architect,"1 projects, 0 internships",Embedded Systems Engineer
Undergraduate,Science/B.Sc,"Data Analytics,Pandas,Statistics,Mathematics","Finance,Technology,Business",Data Scientist,"0 projects, 0 internships",Data Analyst
Undergraduate,Science/B.Sc,"Pandas,SQL,Python,Mathematics,Statistics,Data Visualization","Technology,Research,Finance",Actuarial Analyst,"1 projects, 0 internships",Data Analyst
Undergraduate,Electronics & Communication,"Mathematics,Kubernetes,C++,Data Structures,AWS",Research,IoT Systems Architect,"2 projects, 1 internships",Embedded Systems Engineer
Undergraduate,Electronics & Communication,"Linear Algebra,Physics Lab,C++",Research,IoT Systems Architect,"1 projects, 0 internships",Embedded Systems Engineer
Undergraduate,Business/BBA,"Sales,Marketing,Leadership",Business,Marketing Manager,"2 projects, 1 internships",Product Manager
Undergraduate,Science/B.Sc,"Statistics,Data Visualization,Mathematics,Data Analytics,SQL,Python","Research,Business,Finance",Actuarial Analyst,"1 projects, 0 internships",Data Analyst
Undergraduate,Business/BBA,"Public Speaking,Marketing,Leadership,Project Management,Communication","Media,Entrepreneurship,Management",Product Manager,"2 projects, 0 internships",Product Manager
Undergraduate,Electronics & Communication,"AWS,Figma,Kubernetes","Technology,Research",Network Security Engineer,"1 projects, 0 internships",Embedded Systems Engineer
Undergraduate,Science/B.Sc,"Mathematics,Data Visualization,Python",Finance,Financial Risk Analyst,"1 projects, 0 internships",Data Analyst
Undergraduate,Science/B.Sc,"Pandas,Data Analytics,Data Visualization",Technology,Data Scientist,"1 projects, 1 internships",Data Analyst
Undergraduate,Business/BBA,"Marketing,Sales,Leadership,Project Management,Public Speaking,SEO","Media,Business,Entrepreneurship",Management Consultant,"1 projects, 0 internships",Product Manager
Undergraduate,Law/LLB,"Legal Writing,Negotiation,Public Speaking,Constitutional Law",Government Jobs,Patent Attorney,"1 projects, 0 internships",Corporate Lawyer
Undergraduate,Commerce/B.Com,"Time Management,Problem Solving,Taxation,Data Analytics,Financial Accounting","Government Jobs,Business,Finance",Investment Banker,"1 projects, 0 internships",Chartered Accountant
Undergraduate,Computer Science,"CSS,SQL,Git","Business,AI/ML,Technology",Cloud Architect,"1 projects, 1 internships",Software Engineer
Undergraduate,Commerce/B.Com,"Financial Accounting,Economics,Time Management,SQL,Communication","Business,Government Jobs,Finance",Financial Consultant,"0 projects, 0 internships",Chartered Accountant
Undergraduate,Computer Science,"Data Structures,Java,Git,REST APIs,React,HTML","AI/ML,Business",DevOps Engineer,"1 projects, 1 internships",Software Engineer
Undergraduate,Computer Science,"JavaScript,SQL,Java,Git",Technology,Data Scientist,"0 projects, 1 internships",Software Engineer
Class 12,PCM Stream,"Chemistry Lab,Writing,Problem Solving","Engineering,Research",Defense Officer (Army/Navy/Air Force),"1 projects, 1 internships",Civil Servant (IAS/IPS)
Class 12,PCM Stream,"Physics Lab,Writing,Problem Solving","Government Jobs,Engineering,Research",Research Scientist,"0 projects, 1 internships",Civil Servant (IAS/IPS)
Undergraduate,Commerce/B.Com,"Scrum,Data Analytics,SQL,Financial Accounting,Economics","Business,Government Jobs,Finance",Chartered Accountant,"1 projects, 0 internships",Chartered Accountant
Undergraduate,Commerce/B.Com,"Data Analytics,Taxation,Scrum,Communication,Economics","Government Jobs,Finance",Unknown Career,"0 projects, 1 internships",Chartered Accountant
Undergraduate,Commerce/B.Com,"Data Analytics,Time Management,SQL,Communication","Finance,Government Jobs,Business",Financial Consultant,"2 projects, 1 internships",Chartered Accountant
Undergraduate,Commerce/B.Com,"SQL,Economics,Data Analytics,Time Management",Finance,Unknown Career,"2 projects, 1 internships",Chartered Accountant
Undergraduate,Computer Science,"Algorithms,Data Structures,C++,CSS","AI/ML,Technology",AI/ML Engineer,"1 projects, 0 internships",Software Engineer
Undergraduate,Computer Science,"Data Structures,REST APIs,Algorithms,Node.js,Python","Business,AI/ML",DevOps Engineer,"2 projects, 1 internships",Software Engineer
Undergraduate,Computer Science,"SQL,REST APIs,JavaScript","AI/ML,Technology,Business",Cloud Architect,"0 projects, 1 internships",Software Engineer
Class 12,PCM Stream,"Physics Lab,Writing,Mathematics,Problem Solving,Communication,Chemistry Lab","Defence,Research",Defense Officer (Army/Navy/Air Force),"2 projects, 0 internships",Civil Servant (IAS/IPS)
Undergraduate,Business/BBA,"SEO,Leadership,Public Speaking","Media,Business",Product Manager,"0 projects, 1 internships",Product Manager
Class 12,PCM Stream,"Python,Communication,Physics Lab",Government Jobs,Defense Officer (Army/Navy/Air Force),"0 projects, 1 internships",Civil Servant (IAS/IPS)
Undergraduate,Computer Science,"HTML,SQL,Java,Algorithms",Technology,Software Engineer,"1 projects, 0 internships",Software Engineer
Undergraduate,Commerce/B.Com,"Communication,Financial Accounting,SQL","Government Jobs,Business,Finance",Financial Consultant,"2 projects, 1 internships",Chartered Accountant
Undergraduate,Computer Science,"HTML,Git,React,SQL","Technology,AI/ML",Data Scientist,"0 projects, 1 internships",Software Engineer
Class 12,PCM Stream,"Communication,Problem Solving,Mathematics,Python",Government Jobs,High School Physics Teacher,"2 projects, 0 internships",Civil Servant (IAS/IPS)
Undergraduate,Science/B.Sc,"Pandas,Statistics,Communication","Finance,Technology",Financial Risk Analyst,"2 projects, 1 internships",Data Analyst
Undergraduate,Commerce/B.Com,"Problem Solving,SQL,Scrum,Economics,Communication","Finance,Government Jobs,Business",Investment Banker,"2 projects, 0 internships",Chartered Accountant
Undergraduate,Computer Science,"Algorithms,JavaScript,Node.js","Business,AI/ML,Technology",AI/ML Engineer,"2 projects, 0 internships",Software Engineer
Undergraduate,Commerce/B.Com,"Scrum,Communication,Financial Accounting,Taxation,Time Management","Business,Finance",Unknown Career,"1 projects, 0 internships",Chartered Accountant
Undergraduate,Computer Science,"Node.js,REST APIs,CSS,SQL","Technology,Business",DevOps Engineer,"2 projects, 0 internships",Software Engineer
Undergraduate,Commerce/B.Com,"Communication,Data Analytics,SQL,Economics,Taxation",Business,Chartered Accountant,"0 projects, 0 internships",Chartered Accountant
Undergraduate,Computer Science,"CSS,Node.js,C++,Java,SQL,Data Structures","AI/ML,Business,Technology",AI/ML Engineer,"2 projects, 0 internships",Software Engineer
Undergraduate,Science/B.Sc,"Python,Data Analytics,Statistics","Business,Technology,Finance",Actuarial Analyst,"0 projects, 0 internships",Data Analyst
Undergraduate,Law/LLB,"Constitutional Law,Leadership,Law,Public Speaking","Law,Government Jobs,Social Impact",Public Prosecutor,"2 projects, 1 internships",Corporate Lawyer
Class 12,PCM Stream,"Writing,Chemistry Lab,Mathematics,Communication,Problem Solving,Physics Lab",Research,Civil Servant (IAS/IPS),"2 projects, 1 internships",Civil Servant (IAS/IPS)
Class 12,PCM Stream,"Physics Lab,Chemistry Lab,Writing,Communication,Python",Government Jobs,High School Physics Teacher,"1 projects, 0 internships",Civil Servant (IAS/IPS)
Undergraduate,Law/LLB,"Technical Writing,Public Speaking,Negotiation,Leadership","Law,Social Impact",Public Prosecutor,"1 projects, 1 internships",Corporate Lawyer
Undergraduate,Law/LLB,"Leadership,Constitutional Law,Law,Negotiation,Technical Writing,Communication",Law,Criminal Defense Lawyer,"0 projects, 0 internships",Corporate Lawyer
Undergraduate,Electronics & Communication,"C++,Python,Figma,AWS,Mathematics","Research,Technology",Network Security Engineer,"1 projects, 0 internships",Embedded Systems Engineer
Undergraduate,Business/BBA,"Leadership,Project Management,SEO,Business Strategy,Marketing",Management,Management Consultant,"1 projects, 1 internships",Product Manager
Undergraduate,Commerce/B.Com,"Problem Solving,Scrum,Economics,Data Analytics",Finance,Unknown Career,"0 projects, 0 internships",Chartered Accountant
Undergraduate,Science/B.Sc,"Data Visualization,Data Analytics,Statistics,Python,SQL","Technology,Business",Financial Risk Analyst,"0 projects, 0 internships",Data Analyst
Undergraduate,Commerce/B.Com,"SQL,Data Analytics,Financial Accounting","Finance,Government Jobs",Chartered Accountant,"1 projects, 0 internships",Chartered Accountant
Undergraduate,Commerce/B.Com,"Communication,Economics,SQL,Scrum",Business,Unknown Career,"0 projects, 0 internships",Chartered Accountant
Undergraduate,Business/BBA,"Sales,Business Strategy,Marketing,SEO,Product Management","Management,Media,Entrepreneurship",Product Manager,"1 projects, 1 internships",Product Manager
Undergraduate,Business/BBA,"Communication,Business Strategy,Product Management,Sales,Marketing","Management,Entrepreneurship",Marketing Manager,"2 projects, 0 internships",Product Manager
Class 12,PCM Stream,"Chemistry Lab,Communication,Mathematics,Writing,Problem Solving",Engineering,Defense Officer (Army/Navy/Air Force),"0 projects, 0 internships",Civil Servant (IAS/IPS)
Undergraduate,Law/LLB,"Law,Public Speaking,Negotiation,Technical Writing,Communication",Social Impact,Criminal Defense Lawyer,"1 projects, 0 internships",Corporate Lawyer
Undergraduate,Law/LLB,"Leadership,Law,Legal Writing,Communication","Government Jobs,Social Impact,Law",Patent Attorney,"1 projects, 0 internships",Corporate Lawyer
Undergraduate,Business/BBA,"Product Management,Public Speaking,Communication,Project Management","Entrepreneurship,Media,Business",Brand Strategist,"1 projects, 0 internships",Product Manager
Undergraduate,Commerce/B.Com,"Economics,Data Analytics,Financial Accounting,Scrum,Communication",Government Jobs,Financial Consultant,"0 projects, 1 internships",Chartered Accountant
Undergraduate,Computer Science,"Git,Algorithms,Node.js,C++,Java,Python",Business,DevOps Engineer,"0 projects, 1 internships",Software Engineer
Undergraduate,Law/LLB,"Constitutional Law,Technical Writing,Law,Leadership","Law,Government Jobs,Social Impact",Patent Attorney,"0 projects, 0 internships",Corporate Lawyer
Undergraduate,Computer Science,"Python,CSS,Java,Node.js,C++,React","Business,AI/ML",Cloud Architect,"2 projects, 1 internships",Software Engineer
Undergraduate,Commerce/B.Com,"Communication,Scrum,Financial Accounting,Economics,Data Analytics","Finance,Business",Investment Banker,"0 projects, 1 internships",Chartered Accountant
Undergraduate,Commerce/B.Com,"Problem Solving,Communication,SQL,Taxation","Business,Government Jobs",Financial Consultant,"0 projects, 1 internships",Chartered Accountant
Undergraduate,Science/B.Sc,"SQL,Data Visualization,Pandas","Business,Research",Financial Risk Analyst,"2 projects, 1 internships",Data Analyst
Undergraduate,Business/BBA,"Sales,Marketing,Public Speaking,Leadership,Communication",Business,Marketing Manager,"0 projects, 0 internships",Product Manager
Undergraduate,Business/BBA,"Project Management,Communication,Marketing,Leadership,SEO","Management,Business,Media",Brand Strategist,"2 projects, 1 internships",Product Manager
Undergraduate,Business/BBA,"Leadership,Communication,Sales,Marketing,Project Management,Product Management","Business,Entrepreneurship",Brand Strategist,"1 projects, 0 internships",Product Manager
Class 12,PCM Stream,"Chemistry Lab,Problem Solving,Physics Lab","Government Jobs,Engineering,Research",High School Physics Teacher,"0 projects, 1 internships",Civil Servant (IAS/IPS)
Class 12,PCM Stream,"Python,Chemistry Lab,Problem Solving,Mathematics,Physics Lab","Defence,Engineering",High School Physics Teacher,"1 projects, 1 internships",Civil Servant (IAS/IPS)
Undergraduate,Business/BBA,"Public Speaking,Sales,SEO,Project Management,Communication",Management,Marketing Manager,"2 projects, 0 internships",Product Manager
Undergraduate,Science/B.Sc,"Python,SQL,Pandas","Technology,Finance,Business",Financial Risk Analyst,"1 projects, 1 internships",Data Analyst
Class 12,PCM Stream,"Mathematics,Problem Solving,Communication,Chemistry Lab",Government Jobs,Defense Officer (Army/Navy/Air Force),"2 projects, 0 internships",Civil Servant (IAS/IPS)
Undergraduate,Business/BBA,"Project Management,Communication,Marketing,Business Strategy",Media,Product Manager,"2 projects, 0 internships",Product Manager
Undergraduate,Business/BBA,"Leadership,Business Strategy,Public Speaking,Communication","Business,Media",Brand Strategist,"0 projects, 1 internships",Product Manager
Undergraduate,Computer Science,"JavaScript,Data Structures,React","Technology,AI/ML",Cloud Architect,"0 projects, 0 internships",Software Engineer
Undergraduate,Business/BBA,"Communication,Project Management,Business Strategy,Public Speaking,Marketing","Entrepreneurship,Business",Management Consultant,"1 projects, 1 internships",Product Manager
Undergraduate,Commerce/B.Com,"Financial Accounting,Communication,Time Management,Data Analytics,SQL","Business,Finance",Chartered Accountant,"0 projects, 0 internships",Chartered Accountant
Undergraduate,Computer Science,"CSS,JavaScript,HTML",AI/ML,AI/ML Engineer,"2 projects, 0 internships",Software Engineer
Undergraduate,Law/LLB,"Law,Negotiation,Leadership,Legal Writing","Law,Government Jobs,Social Impact",Patent Attorney,"1 projects, 0 internships",Corporate Lawyer
Class 12,PCM Stream,"Writing,Problem Solving,Physics Lab,Communication,Chemistry Lab,Mathematics","Government Jobs,Engineering",High School Physics Teacher,"0 projects, 0 internships",Civil Servant (IAS/IPS)
Undergraduate,Commerce/B.Com,"Economics,Scrum,SQL,Taxation","Government Jobs,Business",Chartered Accountant,"2 projects, 0 internships",Chartered Accountant
Undergraduate,Commerce/B.Com,"Scrum,Data Analytics,SQL,Financial Accounting,Communication,Taxation",Government Jobs,Investment Banker,"2 projects, 1 internships",Chartered Accountant
Undergraduate,Business/BBA,"Business Strategy,Leadership,Project Management,Public Speaking",Management,Product Manager,"1 projects, 0 internships",Product Manager
Class 12,PCM Stream,"Problem Solving,Chemistry Lab,Physics Lab,Mathematics,Writing,Python",Government Jobs,Civil Servant (IAS/IPS),"1 projects, 0 internships",Civil Servant (IAS/IPS)
Undergraduate,Commerce/B.Com,"Scrum,Problem Solving,Economics,Communication,Data Analytics",Government Jobs,Chartered Accountant,"1 projects, 0 internships",Chartered Accountant
Class 12,PCM Stream,"Python,Chemistry Lab,Writing",Research,High School Physics Teacher,"0 projects, 1 internships",Civil Servant (IAS/IPS)
Undergraduate,Computer Science,"REST APIs,HTML,Python","Technology,AI/ML",Data Scientist,"0 projects, 0 internships",Software Engineer
Undergraduate,Computer Science,"Python,Data Structures,HTML,CSS,SQL,C++",AI/ML,Cloud Architect,"0 projects, 1 internships",Software Engineer
Undergraduate,Science/B.Sc,"NumPy,Data Visualization,Python,Pandas,SQL,Mathematics","Research,Technology",Actuarial Analyst,"2 projects, 1 internships",Data Analyst
Class 12,PCM Stream,"Physics Lab,Mathematics,Writing",Research,Defense Officer (Army/Navy/Air Force),"1 projects, 0 internships",Civil Servant (IAS/IPS)
Undergraduate,Science/B.Sc,"Mathematics,Python,Statistics","Technology,Finance",Financial Risk Analyst,"0 projects, 1 internships",Data Analyst
Class 12,PCM Stream,"Chemistry Lab,Physics Lab,Problem Solving,Writing,Communication,Mathematics","Defence,Government Jobs",High School Physics Teacher,"1 projects, 0 internships",Civil Servant (IAS/IPS)
Undergraduate,Business/BBA,"SEO,Leadership,Sales",Entrepreneurship,Management Consultant,"0 projects, 0 internships",Product Manager
Undergraduate,Electronics & Communication,"Physics Lab,Mathematics,Docker,Figma,C++,Data Structures","Research,Engineering,Technology",VLSI Design Engineer,"2 projects, 1 internships",Embedded Systems Engineer
Undergraduate,Business/BBA,"Business Strategy,SEO,Public Speaking,Product Management,Marketing","Entrepreneurship,Management,Business",Brand Strategist,"1 projects, 0 internships",Product Manager
Undergraduate,Business/BBA,"Project Management,Product Management,Communication,Leadership,Sales,Public Speaking","Media,Business",Brand Strategist,"1 projects, 1 internships",Product Manager
Class 12,PCM Stream,"Writing,Problem Solving,Physics Lab","Research,Government Jobs",Defense Officer (Army/Navy/Air Force),"2 projects, 1 internships",Civil Servant (IAS/IPS)
Undergraduate,Computer Science,"React,Python,C++,HTML","Technology,Business",Data Scientist,"0 projects, 0 internships",Software Engineer
Undergraduate,Science/B.Sc,"Statistics,SQL,Data Visualization,Communication",Finance,Data Analyst,"1 projects, 0 internships",Data Analyst
Undergraduate,Computer Science,"Java,JavaScript,Node.js,REST APIs,Algorithms","Business,AI/ML",AI/ML Engineer,"0 projects, 0 internships",Software Engineer
Undergraduate,Commerce/B.Com,"Economics,Data Analytics,SQL","Business,Finance,Government Jobs",Unknown Career,"1 projects, 1 internships",Chartered Accountant
Undergraduate,Business/BBA,"Leadership,Marketing,Project Management,SEO,Business Strategy,Product Management","Media,Management",Product Manager,"2 projects, 1 internships",Product Manager
Class 12,PCM Stream,"Problem Solving,Python,Physics Lab,Communication",Research,Defense Officer (Army/Navy/Air Force),"2 projects, 1 internships",Civil Servant (IAS/IPS)
Undergraduate,Business/BBA,"Public Speaking,Product Management,Leadership",Business,Brand Strategist,"2 projects, 0 internships",Product Manager
Undergraduate,Computer Science,"REST APIs,HTML,Python,SQL","Technology,AI/ML",Cloud Architect,"2 projects, 0 internships",Software Engineer
Undergraduate,Computer Science,"REST APIs,Algorithms,Java,JavaScript,Data Structures,React",AI/ML,Software Engineer,"0 projects, 0 internships",Software Engineer
Undergraduate,Science/B.Sc,"Python,Data Visualization,NumPy,Mathematics,Pandas",Finance,Data Analyst,"1 projects, 1 internships",Data Analyst
Undergraduate,Electronics & Communication,"Linear Algebra,Docker,Figma","Technology,Engineering,Research",VLSI Design Engineer,"0 projects, 1 internships",Embedded Systems Engineer
Undergraduate,Business/BBA,"SEO,Product Management,Communication,Marketing,Sales","Management,Business,Entrepreneurship",Marketing Manager,"2 projects, 0 internships",Product Manager
Undergraduate,Computer Science,"Data Structures,Node.js,SQL,Algorithms,REST APIs,Java","AI/ML,Technology",DevOps Engineer,"0 projects, 1 internships",Software Engineer
Undergraduate,Electronics & Communication,"C++,Docker,Mathematics,Data Structures,AWS,Kubernetes",Technology,Network Security Engineer,"2 projects, 1 internships",Embedded Systems Engineer
Undergraduate,Science/B.Sc,"NumPy,SQL,Communication,Pandas,Data Analytics","Business,Finance,Research",Data Scientist,"2 projects, 1 internships",Data Analyst
Undergraduate,Electronics & Communication,"Physics Lab,C++,Docker,Python,Mathematics,AWS","Engineering,Research,Technology",VLSI Design Engineer,"0 projects, 0 internships",Embedded Systems Engineer
Undergraduate,Electronics & Communication,"C++,Data Structures,Linear Algebra","Technology,Engineering",Network Security Engineer,"1 projects, 1 internships",Embedded Systems Engineer
Undergraduate,Electronics & Communication,"AWS,Figma,C++,Python,Kubernetes,Data Structures","Engineering,Technology",Embedded Systems Engineer,"1 projects, 1 internships",Embedded Systems Engineer
Undergraduate,Electronics & Communication,"C++,Physics Lab,Python,Figma,Kubernetes",Research,IoT Systems Architect,"0 projects, 1 internships",Embedded Systems Engineer
Undergraduate,Commerce/B.Com,"Scrum,Data Analytics,Time Management,Taxation","Government Jobs,Business,Finance",Chartered Accountant,"2 projects, 1 internships",Chartered Accountant
Undergraduate,Law/LLB,"Law,Communication,Leadership,Negotiation","Social Impact,Government Jobs",Corporate Lawyer,"2 projects, 0 internships",Corporate Lawyer
Undergraduate,Computer Science,"HTML,Git,SQL","AI/ML,Business",DevOps Engineer,"0 projects, 0 internships",Software Engineer
Undergraduate,Business/BBA,"Project Management,Product Management,Leadership,Business Strategy","Entrepreneurship,Management,Business",Product Manager,"2 projects, 1 internships",Product Manager
Undergraduate,Commerce/B.Com,"Financial Accounting,Data Analytics,Taxation,Economics","Government Jobs,Business,Finance",Unknown Career,"0 projects, 0 internships",Chartered Accountant
Undergraduate,Law/LLB,"Constitutional Law,Law,Leadership,Negotiation,Legal Writing,Public Speaking",Law,Corporate Lawyer,"0 projects, 0 internships",Corporate Lawyer
Undergraduate,Electronics & Communication,"C++,AWS,Linear Algebra,Physics Lab,Mathematics,Figma","Research,Engineering",VLSI Design Engineer,"0 projects, 0 internships",Embedded Systems Engineer
Undergraduate,Business/BBA,"Project Management,Leadership,SEO,Product Management",Management,Marketing Manager,"2 projects, 1 internships",Product Manager
Undergraduate,Computer Science,"JavaScript,HTML,Algorithms","Technology,Business",Cloud Architect,"2 projects, 0 internships",Software Engineer
Undergraduate,Computer Science,"REST APIs,CSS,Git,Algorithms,React",Technology,Software Engineer,"1 projects, 1 internships",Software Engineer
Undergraduate,Commerce/B.Com,"Taxation,Financial Accounting,Communication,Scrum,Time Management","Business,Finance,Government Jobs",Investment Banker,"0 projects, 0 internships",Chartered Accountant
Undergraduate,Science/B.Sc,"Communication,Data Analytics,SQL,NumPy",Technology,Financial Risk Analyst,"1 projects, 1 internships",Data Analyst
Undergraduate,Computer Science,"REST APIs,Git,SQL,C++,Java,HTML","Business,AI/ML",DevOps Engineer,"2 projects, 0 internships",Software Engineer
Undergraduate,Commerce/B.Com,"Data Analytics,Communication,Scrum","Government Jobs,Finance",Unknown Career,"1 projects, 1 internships",Chartered Accountant
Undergraduate,Science/B.Sc,"Pandas,Data Analytics,Statistics,Communication,Data Visualization","Technology,Research",Financial Risk Analyst,"2 projects, 1 internships",Data Analyst
Undergraduate,Law/LLB,"Technical Writing,Law,Leadership,Communication,Legal Writing,Constitutional Law","Social Impact,Law",Patent Attorney,"1 projects, 1 internships",Corporate Lawyer
Undergraduate,Science/B.Sc,"Mathematics,Data Visualization,Pandas,Statistics",Research,Data Scientist,"1 projects, 0 internships",Data Analyst
Undergraduate,Computer Science,"Python,Algorithms,REST APIs,Java",AI/ML,AI/ML Engineer,"1 projects, 0 internships",Software Engineer
Undergraduate,Computer Science,"Python,SQL,Data Structures,JavaScript,Java","Business,AI/ML",Data Scientist,"1 projects, 0 internships",Software Engineer
Undergraduate,Law/LLB,"Negotiation,Leadership,Communication,Law,Constitutional Law","Law,Government Jobs,Social Impact",Corporate Lawyer,"2 projects, 1 internships",Corporate Lawyer
Undergraduate,Computer Science,"REST APIs,Python,Git,C++,Algorithms,React","Technology,AI/ML",Software Engineer,"0 projects, 1 internships",Software Engineer
Undergraduate,Computer Science,"Algorithms,React,Git,REST APIs,Python",Business,Software Engineer,"2 projects, 0 internships",Software Engineer
Undergraduate,Commerce/B.Com,"Communication,SQL,Scrum,Financial Accounting,Taxation,Problem Solving","Business,Finance",Financial Consultant,"0 projects, 1 internships",Chartered Accountant
Undergraduate,Business/BBA,"Marketing,Business Strategy,Sales,Leadership,Public Speaking","Entrepreneurship,Media",Brand Strategist,"0 projects, 1 internships",Product Manager
Undergraduate,Commerce/B.Com,"Problem Solving,Economics,Taxation",Business,Financial Consultant,"2 projects, 0 internships",Chartered Accountant
Undergraduate,Science/B.Sc,"Data Analytics,SQL,Mathematics,Python","Research,Technology",Data Analyst,"0 projects, 0 internships",Data Analyst
Undergraduate,Business/BBA,"Public Speaking,Project Management,Leadership,Sales,Marketing,Communication","Media,Management,Business",Marketing Manager,"2 projects, 0 internships",Product Manager
Undergraduate,Electronics & Communication,"Kubernetes,AWS,C++,Physics Lab","Research,Engineering,Technology",Embedded Systems Engineer,"2 projects, 1 internships",Embedded Systems Engineer
Undergraduate,Commerce/B.Com,"Communication,Financial Accounting,Scrum,Taxation","Business,Government Jobs",Chartered Accountant,"2 projects, 0 internships",Chartered Accountant
Undergraduate,Business/BBA,"Business Strategy,Communication,Marketing,SEO,Project Management",Media,Product Manager,"1 projects, 0 internships",Product Manager
Undergraduate,Science/B.Sc,"Communication,NumPy,Pandas,SQL,Data Analytics,Statistics","Finance,Technology,Research",Data Scientist,"0 projects, 1 internships",Data Analyst
Class 12,PCM Stream,"Chemistry Lab,Mathematics,Python","Government Jobs,Defence",Research Scientist,"2 projects, 0 internships",Civil Servant (IAS/IPS)
Class 12,PCM Stream,"Physics Lab,Mathematics,Python,Chemistry Lab,Communication","Defence,Engineering",Civil Servant (IAS/IPS),"1 projects, 1 internships",Civil Servant (IAS/IPS)
Undergraduate,Science/B.Sc,"NumPy,Statistics,Data Analytics,Communication,SQL",Technology,Data Scientist,"2 projects, 1 internships",Data Analyst
Undergraduate,Business/BBA,"SEO,Leadership,Marketing,Sales,Business Strategy",Entrepreneurship,Management Consultant,"1 projects, 0 internships",Product Manager
Undergraduate,Commerce/B.Com,"Taxation,Data Analytics,SQL,Problem Solving,Financial Accounting","Business,Finance,Government Jobs",Chartered Accountant,"1 projects, 1 internships",Chartered Accountant
Undergraduate,Law/LLB,"Constitutional Law,Legal Writing,Law,Leadership","Law,Government Jobs,Social Impact",Corporate Lawyer,"2 projects, 1 internships",Corporate Lawyer
Undergraduate,Business/BBA,"Marketing,Communication,Leadership,Project Management,Business Strategy","Entrepreneurship,Business",Product Manager,"2 projects, 1 internships",Product Manager
Undergraduate,Science/B.Sc,"Python,Data Analytics,Communication,Pandas",Research,Actuarial Analyst,"1 projects, 1 internships",Data Analyst
Class 12,PCM Stream,"Physics Lab,Mathematics,Chemistry Lab","Engineering,Defence,Government Jobs",High School Physics Teacher,"2 projects, 1 internships",Civil Servant (IAS/IPS)
Undergraduate,Computer Science,"Data Structures,CSS,Node.js,React","AI/ML,Technology,Business",Cloud Architect,"0 projects, 1 internships",Software Engineer
Undergraduate,Electronics & Communication,"Figma,Python,C++","Technology,Research",VLSI Design Engineer,"2 projects, 0 internships",Embedded Systems Engineer
Class 12,PCM Stream,"Python,Physics Lab,Communication,Chemistry Lab,Writing,Problem Solving","Government Jobs,Engineering",Civil Servant (IAS/IPS),"0 projects, 0 internships",Civil Servant (IAS/IPS)
Undergraduate,Business/BBA,"Leadership,Business Strategy,Public Speaking,SEO","Media,Entrepreneurship",Management Consultant,"1 projects, 1 internships",Product Manager
Undergraduate,Science/B.Sc,"Data Analytics,Data Visualization,Pandas,Statistics,NumPy,SQL","Finance,Business",Actuarial Analyst,"2 projects, 1 internships",Data Analyst
Class 12,PCM Stream,"Communication,Python,Writing,Physics Lab,Mathematics","Engineering,Research",High School Physics Teacher,"2 projects, 1 internships",Civil Servant (IAS/IPS)
Undergraduate,Law/LLB,"Legal Writing,Technical Writing,Leadership,Law,Negotiation,Communication","Law,Government Jobs",Criminal Defense Lawyer,"0 projects, 0 internships",Corporate Lawyer
Class 12,PCM Stream,"Python,Mathematics,Physics Lab,Communication,Problem Solving,Chemistry Lab","Defence,Research,Government Jobs",High School Physics Teacher,"0 projects, 0 internships",Civil Servant (IAS/IPS)
Undergraduate,Science/B.Sc,"SQL,Data Visualization,Mathematics","Research,Technology",Data Scientist,"0 projects, 0 internships",Data Analyst
Undergraduate,Computer Science,"Git,HTML,Algorithms,JavaScript,C++,Data Structures",Business,Software Engineer,"0 projects, 1 internships",Software Engineer
Class 12,PCM Stream,"Communication,Problem Solving,Chemistry Lab,Writing,Physics Lab,Mathematics","Research,Engineering",Civil Servant (IAS/IPS),"0 projects, 0 internships",Civil Servant (IAS/IPS)
Undergraduate,Science/B.Sc,"Statistics,Pandas,Communication,Mathematics","Finance,Technology,Research",Actuarial Analyst,"2 projects, 0 internships",Data Analyst
Undergraduate,Law/LLB,"Communication,Law,Technical Writing,Legal Writing,Public Speaking,Constitutional Law","Social Impact,Law,Government Jobs",Public Prosecutor,"2 projects, 0 internships",Corporate Lawyer
Undergraduate,Business/BBA,"Sales,Project Management,Marketing,Business Strategy",Management,Brand Strategist,"0 projects, 0 internships",Product Manager
Undergraduate,Commerce/B.Com,"Data Analytics,Financial Accounting,Problem Solving,Communication,Taxation,SQL",Government Jobs,Chartered Accountant,"0 projects, 1 internships",Chartered Accountant
Undergraduate,Electronics & Communication,"C++,Data Structures,Figma,Mathematics","Research,Engineering,Technology",Embedded Systems Engineer,"2 projects, 1 internships",Embedded Systems Engineer
Undergraduate,Commerce/B.Com,"Communication,Time Management,Scrum,Data Analytics,Taxation,Financial Accounting","Government Jobs,Finance,Business",Financial Consultant,"1 projects, 1 internships",Chartered Accountant
Undergraduate,Business/BBA,"Marketing,Product Management,Project Management,Business Strategy","Management,Media",Product Manager,"0 projects, 0 internships",Product Manager
Undergraduate,Law/LLB,"Negotiation,Technical Writing,Constitutional Law,Law",Law,Public Prosecutor,"1 projects, 1 internships",Corporate Lawyer
Undergraduate,Commerce/B.Com,"Taxation,Time Management,Financial Accounting","Government Jobs,Finance",Unknown Career,"1 projects, 1 internships",Chartered Accountant
Undergraduate,Science/B.Sc,"Statistics,Pandas,SQL,Data Visualization,Communication,Mathematics","Technology,Finance",Data Analyst,"1 projects, 0 internships",Data Analyst
Undergraduate,Electronics & Communication,"Docker,Mathematics,Data Structures,Linear Algebra,Kubernetes","Technology,Engineering,Research",VLSI Design Engineer,"1 projects, 1 internships",Embedded Systems Engineer
Undergraduate,Commerce/B.Com,"Data Analytics,Scrum,Taxation,SQL,Financial Accounting,Problem Solving",Business,Financial Consultant,"1 projects, 0 internships",Chartered Accountant
Undergraduate,Science/B.Sc,"NumPy,Pandas,Python,Statistics,Data Visualization","Business,Research",Actuarial Analyst,"2 projects, 1 internships",Data Analyst
Undergraduate,Computer Science,"JavaScript,Node.js,SQL,React,CSS,Java",AI/ML,AI/ML Engineer,"0 projects, 0 internships",Software Engineer
Undergraduate,Law/LLB,"Legal Writing,Leadership,Public Speaking,Negotiation,Law","Government Jobs,Social Impact",Patent Attorney,"1 projects, 0 internships",Corporate Lawyer
Undergraduate,Computer Science,"Python,Git,Data Structures,C++,React",Business,Data Scientist,"1 projects, 1 internships",Software Engineer
Undergraduate,Computer Science,"Data Structures,Git,Python","Technology,Business",Software Engineer,"2 projects, 1 internships",Software Engineer
Undergraduate,Law/LLB,"Legal Writing,Public Speaking,Leadership,Communication,Technical Writing","Government Jobs,Law,Social Impact",Patent Attorney,"2 projects, 1 internships",Corporate Lawyer
Undergraduate,Computer Science,"Java,Python,Git,JavaScript,Node.js,React",AI/ML,Software Engineer,"2 projects, 0 internships",Software Engineer
Undergraduate,Science/B.Sc,"Data Visualization,NumPy,Data Analytics,Pandas",Finance,Financial Risk Analyst,"1 projects, 1 internships",Data Analyst
Undergraduate,Commerce/B.Com,"Taxation,Communication,Data Analytics,Problem Solving","Government Jobs,Finance,Business",Financial Consultant,"2 projects, 0 internships",Chartered Accountant
Undergraduate,Business/BBA,"Product Management,Public Speaking,Project Management","Media,Management",Management Consultant,"1 projects, 0 internships",Product Manager
Undergraduate,Commerce/B.Com,"Taxation,Scrum,Time Management","Finance,Business",Unknown Career,"1 projects, 0 internships",Chartered Accountant
Class 12,PCM Stream,"Chemistry Lab,Physics Lab,Problem Solving,Python,Communication,Mathematics","Engineering,Defence,Research",Research Scientist,"0 projects, 1 internships",Civil Servant (IAS/IPS)
Undergraduate,Law/LLB,"Technical Writing,Law,Constitutional Law,Legal Writing,Public Speaking,Leadership","Law,Social Impact,Government Jobs",Patent Attorney,"1 projects, 1 internships",Corporate Lawyer
Undergraduate,Computer Science,"Java,Git,REST APIs","Business,AI/ML",Cloud Architect,"2 projects, 0 internships",Software Engineer
Undergraduate,Law/LLB,"Technical Writing,Negotiation,Leadership,Legal Writing","Social Impact,Law",Criminal Defense Lawyer,"1 projects, 1 internships",Corporate Lawyer
Undergraduate,Law/LLB,"Leadership,Constitutional Law,Technical Writing,Legal Writing,Public Speaking,Negotiation",Social Impact,Criminal Defense Lawyer,"2 projects, 1 internships",Corporate Lawyer
Undergraduate,Computer Science,"Node.js,Java,Python,JavaScript","Technology,AI/ML,Business",Software Engineer,"2 projects, 1 internships",Software Engineer
Undergraduate,Electronics & Communication,"AWS,Linear Algebra,Physics Lab",Technology,Embedded Systems Engineer,"2 projects, 0 internships",Embedded Systems Engineer
Class 12,PCM Stream,"Communication,Mathematics,Chemistry Lab,Python,Problem Solving,Writing","Government Jobs,Engineering,Defence",Defense Officer (Army/Navy/Air Force),"0 projects, 0 internships",Civil Servant (IAS/IPS)
Undergraduate,Law/LLB,"Communication,Leadership,Technical Writing,Public Speaking","Law,Social Impact,Government Jobs",Public Prosecutor,"0 projects, 1 internships",Corporate Lawyer
Undergraduate,Computer Science,"Git,C++,Python,CSS,React","Technology,AI/ML,Business",Cloud Architect,"1 projects, 0 internships",Software Engineer
Undergraduate,Law/LLB,"Negotiation,Technical Writing,Leadership","Social Impact,Government Jobs,Law",Public Prosecutor,"0 projects, 1 internships",Corporate Lawyer
Undergraduate,Electronics & Communication,"C++,Mathematics,Figma,Physics Lab,Linear Algebra","Technology,Engineering,Research",IoT Systems Architect,"2 projects, 1 internships",Embedded Systems Engineer
Undergraduate,Electronics & Communication,"Python,Linear Algebra,Docker,Mathematics","Engineering,Research,Technology",VLSI Design Engineer,"2 projects, 1 internships",Embedded Systems Engineer
Undergraduate,Electronics & Communication,"Physics Lab,Linear Algebra,Kubernetes","Research,Engineering",IoT Systems Architect,"1 projects, 0 internships",Embedded Systems Engineer
Undergraduate,Business/BBA,"SEO,Communication,Sales,Marketing,Project Management,Business Strategy",Business,Marketing Manager,"2 projects, 1 internships",Product Manager
Undergraduate,Science/B.Sc,"Data Visualization,Statistics,NumPy,SQL","Technology,Research,Business",Data Analyst,"1 projects, 1 internships",Data Analyst
Undergraduate,Law/LLB,"Public Speaking,Law,Communication,Technical Writing","Law,Social Impact,Government Jobs",Corporate Lawyer,"0 projects, 0 internships",Corporate Lawyer
Undergraduate,Business/BBA,"Public Speaking,Project Management,Product Management,Marketing","Management,Business",Management Consultant,"2 projects, 1 internships",Product Manager
Class 12,PCM Stream,"Communication,Problem Solving,Writing,Chemistry Lab,Python",Defence,Research Scientist,"1 projects, 1 internships",Civil Servant (IAS/IPS)
Undergraduate,Science/B.Sc,"Statistics,NumPy,Data Analytics,Data Visualization,SQL,Mathematics",Research,Data Analyst,"0 projects, 0 internships",Data Analyst
Undergraduate,Electronics & Communication,"Physics Lab,AWS,Linear Algebra,Data Structures",Research,Embedded Systems Engineer,"2 projects, 1 internships",Embedded Systems Engineer
Undergraduate,Business/BBA,"Business Strategy,Project Management,Marketing,Public Speaking","Entrepreneurship,Management",Brand Strategist,"2 projects, 1 internships",Product Manager
Undergraduate,Science/B.Sc,"SQL,Data Visualization,NumPy","Finance,Research",Data Scientist,"2 projects, 1 internships",Data Analyst
Undergraduate,Law/LLB,"Communication,Legal Writing,Public Speaking","Law,Government Jobs,Social Impact",Patent Attorney,"0 projects, 0 internships",Corporate Lawyer
Undergraduate,Commerce/B.Com,"Economics,Communication,Financial Accounting,Taxation,Scrum",Business,Unknown Career,"0 projects, 1 internships",Chartered Accountant
Undergraduate,Business/BBA,"Product Management,SEO,Marketing,Leadership,Communication,Public Speaking",Management,Management Consultant,"1 projects, 1 internships",Product Manager
Undergraduate,Science/B.Sc,"Data Analytics,SQL,NumPy,Pandas,Statistics,Python","Finance,Technology",Data Scientist,"1 projects, 1 internships",Data Analyst
Undergraduate,Business/BBA,"Project Management,Communication,Public Speaking",Media,Management Consultant,"1 projects, 1 internships",Product Manager
Undergraduate,Commerce/B.Com,"Data Analytics,Economics,SQL,Financial Accounting",Government Jobs,Financial Consultant,"1 projects, 0 internships",Chartered Accountant
Undergraduate,Science/B.Sc,"Mathematics,Python,Data Visualization,Communication,SQL",Business,Actuarial Analyst,"1 projects, 0 internships",Data Analyst
Undergraduate,Commerce/B.Com,"Communication,Time Management,Economics",Business,Investment Banker,"0 projects, 0 internships",Chartered Accountant
Undergraduate,Commerce/B.Com,"SQL,Problem Solving,Time Management,Taxation","Business,Finance,Government Jobs",Investment Banker,"1 projects, 1 internships",Chartered Accountant
Undergraduate,Computer Science,"Java,C++,Data Structures",Technology,AI/ML Engineer,"1 projects, 1 internships",Software Engineer
Undergraduate,Commerce/B.Com,"Time Management,Communication,Economics","Finance,Business",Chartered Accountant,"1 projects, 1 internships",Chartered Accountant
Undergraduate,Electronics & Communication,"Data Structures,Docker,Kubernetes,C++","Engineering,Technology",Network Security Engineer,"1 projects, 0 internships",Embedded Systems Engineer
Undergraduate,Computer Science,"Algorithms,CSS,C++","Business,AI/ML",Cloud Architect,"2 projects, 1 internships",Software Engineer
Undergraduate,Science/B.Sc,"SQL,Data Visualization,Data Analytics,Statistics,Mathematics,NumPy",Technology,Data Analyst,"2 projects, 1 internships",Data Analyst
Undergraduate,Science/B.Sc,"Communication,Python,Data Visualization,Pandas",Finance,Data Scientist,"1 projects, 0 internships",Data Analyst
Undergraduate,Law/LLB,"Public Speaking,Communication,Leadership","Government Jobs,Law,Social Impact",Patent Attorney,"1 projects, 0 internships",Corporate Lawyer
Undergraduate,Science/B.Sc,"Pandas,Data Visualization,NumPy,Python,Data Analytics","Business,Technology,Finance",Financial Risk Analyst,"1 projects, 1 internships",Data Analyst
Class 12,PCM Stream,"Python,Communication,Problem Solving,Chemistry Lab,Mathematics",Government Jobs,Civil Servant (IAS/IPS),"2 projects, 0 internships",Civil Servant (IAS/IPS)
Undergraduate,Law/LLB,"Technical Writing,Legal Writing,Communication,Public Speaking,Constitutional Law,Negotiation","Social Impact,Government Jobs",Criminal Defense Lawyer,"1 projects, 0 internships",Corporate Lawyer
Undergraduate,Business/BBA,"Sales,Project Management,SEO,Communication,Marketing,Leadership","Entrepreneurship,Management,Business",Brand Strategist,"1 projects, 0 internships",Product Manager
Undergraduate,Science/B.Sc,"Communication,Pandas,Statistics",Finance,Actuarial Analyst,"0 projects, 1 internships",Data Analyst
Undergraduate,Commerce/B.Com,"Financial Accounting,Economics,Taxation,SQL","Business,Finance,Government Jobs",Investment Banker,"2 projects, 1 internships",Chartered Accountant
Undergraduate,Computer Science,"HTML,React,CSS,Data Structures,Algorithms","Business,AI/ML",Software Engineer,"1 projects, 0 internships",Software Engineer
Undergraduate,Law/LLB,"Public Speaking,Communication,Constitutional Law,Negotiation,Technical Writing,Leadership","Law,Social Impact,Government Jobs",Patent Attorney,"1 projects, 1 internships",Corporate Lawyer
Undergraduate,Commerce/B.Com,"Time Management,Taxation,Data Analytics,Economics",Finance,Investment Banker,"0 projects, 1 internships",Chartered Accountant
Undergraduate,Commerce/B.Com,"Taxation,Scrum,Financial Accounting,Data Analytics,Time Management","Business,Government Jobs,Finance",Unknown Career,"1 projects, 0 internships",Chartered Accountant
Class 12,PCM Stream,"Writing,Chemistry Lab,Mathematics,Physics Lab,Communication,Python","Research,Government Jobs",Research Scientist,"2 projects, 0 internships",Civil Servant (IAS/IPS)
Undergraduate,Commerce/B.Com,"Scrum,Financial Accounting,Data Analytics,Taxation,Economics,Communication","Government Jobs,Finance,Business",Investment Banker,"1 projects, 1 internships",Chartered Accountant
Undergraduate,Computer Science,"Git,Python,SQL,JavaScript,REST APIs,Data Structures","Technology,AI/ML,Business",AI/ML Engineer,"0 projects, 1 internships",Software Engineer
Undergraduate,Science/B.Sc,"Communication,Data Analytics,Data Visualization,Python","Technology,Business,Research",Data Analyst,"0 projects, 1 internships",Data Analyst
Undergraduate,Science/B.Sc,"Pandas,Python,Data Visualization,Data Analytics,Mathematics","Research,Finance,Technology",Data Scientist,"2 projects, 0 internships",Data Analyst
Class 12,PCM Stream,"Mathematics,Chemistry Lab,Problem Solving,Physics Lab,Writing,Communication","Defence,Research",Defense Officer (Army/Navy/Air Force),"1 projects, 0 internships",Civil Servant (IAS/IPS)
Undergraduate,Law/LLB,"Negotiation,Leadership,Constitutional Law,Public Speaking,Communication","Law,Social Impact",Patent Attorney,"0 projects, 1 internships",Corporate Lawyer
Undergraduate,Science/B.Sc,"SQL,Data Analytics,Data Visualization,Communication",Finance,Data Analyst,"0 projects, 1 internships",Data Analyst
Undergraduate,Electronics & Communication,"Physics Lab,AWS,Python",Technology,VLSI Design Engineer,"0 projects, 0 internships",Embedded Systems Engineer
Class 12,PCM Stream,"Mathematics,Physics Lab,Problem Solving,Chemistry Lab,Writing",Engineering,Defense Officer (Army/Navy/Air Force),"2 projects, 1 internships",Civil Servant (IAS/IPS)
Undergraduate,Commerce/B.Com,"Scrum,Problem Solving,SQL,Communication",Finance,Financial Consultant,"0 projects, 1 internships",Chartered Accountant
Class 12,PCM Stream,"Problem Solving,Chemistry Lab,Physics Lab,Mathematics,Communication,Writing",Research,Research Scientist,"1 projects, 0 internships",Civil Servant (IAS/IPS)
Undergraduate,Computer Science,"Python,JavaScript,Data Structures","Technology,Business,AI/ML",Software Engineer,"1 projects, 1 internships",Software Engineer
Undergraduate,Law/LLB,"Public Speaking,Leadership,Law,Technical Writing,Constitutional Law",Government Jobs,Public Prosecutor,"1 projects, 0 internships",Corporate Lawyer
Undergraduate,Computer Science,"JavaScript,REST APIs,SQL,Python,React","Technology,Business,AI/ML",DevOps Engineer,"2 projects, 1 internships",Software Engineer
Undergraduate,Electronics & Communication,"Docker,Physics Lab,Kubernetes,Data Structures,AWS,Mathematics",Technology,Embedded Systems Engineer,"1 projects, 0 internships",Embedded Systems Engineer
Undergraduate,Computer Science,"SQL,Java,Data Structures",Technology,DevOps Engineer,"1 projects, 1 internships",Software Engineer
Undergraduate,Electronics & Communication,"Figma,AWS,Python,Physics Lab","Technology,Research,Engineering",IoT Systems Architect,"0 projects, 0 internships",Embedded Systems Engineer
Undergraduate,Business/BBA,"Product Management,Leadership,Marketing,Public Speaking,Communication,Sales","Business,Management",Brand Strategist,"2 projects, 0 internships",Product Manager
Undergraduate,Electronics & Communication,"Docker,Linear Algebra,Kubernetes","Research,Technology",Embedded Systems Engineer,"0 projects, 1 internships",Embedded Systems Engineer
Undergraduate,Electronics & Communication,"Python,Data Structures,Mathematics,Docker,Linear Algebra,AWS","Engineering,Research",Network Security Engineer,"2 projects, 0 internships",Embedded Systems Engineer
Class 12,PCM Stream,"Writing,Python,Mathematics,Chemistry Lab",Research,Research Scientist,"0 projects, 1 internships",Civil Servant (IAS/IPS)
Class 12,PCM Stream,"Writing,Problem Solving,Mathematics","Engineering,Government Jobs",Defense Officer (Army/Navy/Air Force),"0 projects, 0 internships",Civil Servant (IAS/IPS)
Undergraduate,Electronics & Communication,"Figma,Physics Lab,AWS,C++,Mathematics",Research,VLSI Design Engineer,"0 projects, 0 internships",Embedded Systems Engineer
Undergraduate,Business/BBA,"SEO,Project Management,Communication,Sales,Business Strategy","Business,Entrepreneurship,Management",Product Manager,"1 projects, 1 internships",Product Manager
Class 12,PCM Stream,"Communication,Physics Lab,Problem Solving,Mathematics,Chemistry Lab","Government Jobs,Research",High School Physics Teacher,"1 projects, 0 internships",Civil Servant (IAS/IPS)
Undergraduate,Law/LLB,"Communication,Leadership,Technical Writing,Law",Government Jobs,Corporate Lawyer,"1 projects, 1 internships",Corporate Lawyer
Undergraduate,Commerce/B.Com,"Scrum,Time Management,SQL,Taxation,Financial Accounting","Government Jobs,Finance",Investment Banker,"1 projects, 1 internships",Chartered Accountant
Class 12,PCM Stream,"Mathematics,Communication,Chemistry Lab","Defence,Engineering",Civil Servant (IAS/IPS),"2 projects, 0 internships",Civil Servant (IAS/IPS)
Undergraduate,Electronics & Communication,"Kubernetes,Data Structures,Linear Algebra,C++,Figma","Engineering,Research,Technology",Network Security Engineer,"2 projects, 1 internships",Embedded Systems Engineer
Class 12,PCM Stream,"Chemistry Lab,Problem Solving,Physics Lab,Communication,Python","Engineering,Research,Defence",High School Physics Teacher,"1 projects, 1 internships",Civil Servant (IAS/IPS)
Class 12,PCM Stream,"Writing,Physics Lab,Python,Mathematics,Communication,Problem Solving","Government Jobs,Defence,Research",High School Physics Teacher,"1 projects, 1 internships",Civil Servant (IAS/IPS)
Class 12,PCM Stream,"Communication,Problem Solving,Python",Defence,Research Scientist,"2 projects, 1 internships",Civil Servant (IAS/IPS)
Class 12,PCM Stream,"Problem Solving,Mathematics,Writing,Python,Communication","Engineering,Defence,Government Jobs",Civil Servant (IAS/IPS),"2 projects, 0 internships",Civil Servant (IAS/IPS)
Undergraduate,Computer Science,"SQL,CSS,Git,React","AI/ML,Business,Technology",DevOps Engineer,"2 projects, 1 internships",Software Engineer
Class 12,PCM Stream,"Writing,Mathematics,Physics Lab","Government Jobs,Research,Defence",Research Scientist,"2 projects, 1 internships",Civil Servant (IAS/IPS)
Undergraduate,Electronics & Communication,"Docker,Mathematics,Linear Algebra,Figma,Python,Physics Lab",Technology,VLSI Design Engineer,"1 projects, 1 internships",Embedded Systems Engineer
Undergraduate,Law/LLB,"Technical Writing,Law,Leadership,Negotiation,Communication,Public Speaking","Law,Social Impact,Government Jobs",Public Prosecutor,"2 projects, 0 internships",Corporate Lawyer
Undergraduate,Commerce/B.Com,"Time Management,Problem Solving,Financial Accounting,SQL,Economics,Scrum",Business,Chartered Accountant,"1 projects, 0 internships",Chartered Accountant
Undergraduate,Business/BBA,"Project Management,Sales,SEO",Entrepreneurship,Management Consultant,"1 projects, 0 internships",Product Manager
Undergraduate,Electronics & Communication,"Data Structures,Linear Algebra,Python,Kubernetes","Research,Technology,Engineering",VLSI Design Engineer,"0 projects, 1 internships",Embedded Systems Engineer
Undergraduate,Business/BBA,"Sales,Product Management,Marketing,SEO,Business Strategy",Media,Product Manager,"1 projects, 0 internships",Product Manager
Undergraduate,Computer Science,"React,REST APIs,Data Structures,Git,SQL,HTML","Business,AI/ML,Technology",AI/ML Engineer,"2 projects, 1 internships",Software Engineer
Undergraduate,Business/BBA,"Product Management,Marketing,Communication,Project Management",Media,Marketing Manager,"1 projects, 1 internships",Product Manager
Class 12,PCM Stream,"Communication,Writing,Python,Problem Solving","Engineering,Research,Defence",Research Scientist,"1 projects, 0 internships",Civil Servant (IAS/IPS)
Undergraduate,Computer Science,"Python,CSS,Algorithms,JavaScript,Node.js,C++",Technology,Cloud Architect,"1 projects, 1 internships",Software Engineer
Undergraduate,Computer Science,"Node.js,Python,HTML,C++,Algorithms,JavaScript","AI/ML,Technology",DevOps Engineer,"2 projects, 0 internships",Software Engineer
Undergraduate,Computer Science,"SQL,Data Structures,Node.js,Java","Business,Technology",Cloud Architect,"1 projects, 0 internships",Software Engineer
Undergraduate,Electronics & Communication,"AWS,Figma,Linear Algebra,Docker,Data Structures","Technology,Engineering",Embedded Systems Engineer,"1 projects, 1 internships",Embedded Systems Engineer
Undergraduate,Commerce/B.Com,"Economics,Scrum,Taxation,Communication","Government Jobs,Business,Finance",Financial Consultant,"0 projects, 0 internships",Chartered Accountant
Undergraduate,Computer Science,"Algorithms,C++,Data Structures,Java","Technology,AI/ML,Business",Software Engineer,"2 projects, 0 internships",Software Engineer
Undergraduate,Science/B.Sc,"Pandas,Python,Mathematics,Data Visualization,Communication","Technology,Business",Data Scientist,"0 projects, 0 internships",Data Analyst
Undergraduate,Law/LLB,"Communication,Technical Writing,Legal Writing,Public Speaking,Negotiation,Constitutional Law",Government Jobs,Public Prosecutor,"2 projects, 0 internships",Corporate Lawyer
Undergraduate,Business/BBA,"Marketing,Sales,Project Management","Business,Management,Entrepreneurship",Product Manager,"2 projects, 1 internships",Product Manager
Undergraduate,Electronics & Communication,"C++,Docker,Kubernetes,Data Structures,AWS",Engineering,Embedded Systems Engineer,"1 projects, 1 internships",Embedded Systems Engineer
Class 12,PCM Stream,"Problem Solving,Physics Lab,Chemistry Lab,Python,Writing","Defence,Government Jobs",Civil Servant (IAS/IPS),"2 projects, 0 internships",Civil Servant (IAS/IPS)
Undergraduate,Law/LLB,"Leadership,Law,Legal Writing","Law,Government Jobs,Social Impact",Public Prosecutor,"1 projects, 0 internships",Corporate Lawyer
Undergraduate,Electronics & Communication,"AWS,Physics Lab,C++,Data Structures,Linear Algebra",Engineering,Embedded Systems Engineer,"1 projects, 1 internships",Embedded Systems Engineer
Undergraduate,Computer Science,"Data Structures,Python,HTML,Java,REST APIs,CSS","AI/ML,Technology,Business",DevOps Engineer,"0 projects, 1 internships",Software Engineer
Undergraduate,Electronics & Communication,"C++,Figma,Physics Lab,Kubernetes,Docker","Research,Engineering",Embedded Systems Engineer,"2 projects, 0 internships",Embedded Systems Engineer
Undergraduate,Commerce/B.Com,"Communication,Problem Solving,Data Analytics,Taxation,Scrum","Government Jobs,Finance",Financial Consultant,"1 projects, 0 internships",Chartered Accountant
Undergraduate,Electronics & Communication,"Python,Mathematics,Data Structures,AWS,Docker,Kubernetes","Engineering,Technology,Research",VLSI Design Engineer,"1 projects, 0 internships",Embedded Systems Engineer
Undergraduate,Electronics & Communication,"AWS,Docker,Figma","Technology,Engineering,Research",Embedded Systems Engineer,"1 projects, 1 internships",Embedded Systems Engineer
Undergraduate,Electronics & Communication,"Figma,C++,Mathematics,Kubernetes","Technology,Research",IoT Systems Architect,"0 projects, 1 internships",Embedded Systems Engineer
Undergraduate,Law/LLB,"Legal Writing,Law,Leadership,Technical Writing","Law,Government Jobs,Social Impact",Public Prosecutor,"2 projects, 1 internships",Corporate Lawyer
Undergraduate,Computer Science,"REST APIs,HTML,C++","Technology,AI/ML,Business",AI/ML Engineer,"2 projects, 1 internships",Software Engineer
Undergraduate,Business/BBA,"Business Strategy,Sales,Leadership","Business,Media,Entrepreneurship",Brand Strategist,"1 projects, 1 internships",Product Manager
Undergraduate,Law/LLB,"Public Speaking,Negotiation,Law,Leadership",Social Impact,Patent Attorney,"0 projects, 1 internships",Corporate Lawyer
Undergraduate,Law/LLB,"Technical Writing,Communication,Legal Writing,Law,Leadership","Law,Government Jobs,Social Impact",Public Prosecutor,"1 projects, 0 internships",Corporate Lawyer
Undergraduate,Law/LLB,"Leadership,Law,Communication,Technical Writing,Negotiation","Social Impact,Government Jobs,Law",Public Prosecutor,"0 projects, 1 internships",Corporate Lawyer
Undergraduate,Law/LLB,"Constitutional Law,Leadership,Communication,Negotiation,Law","Government Jobs,Social Impact",Corporate Lawyer,"1 projects, 0 internships",Corporate Lawyer
Undergraduate,Commerce/B.Com,"Data Analytics,Economics,Communication,Problem Solving,Time Management","Business,Finance,Government Jobs",Financial Consultant,"2 projects, 0 internships",Chartered Accountant
Class 12,PCM Stream,"Physics Lab,Problem Solving,Python",Research,Defense Officer (Army/Navy/Air Force),"0 projects, 0 internships",Civil Servant (IAS/IPS)
Undergraduate,Business/BBA,"SEO,Public Speaking,Business Strategy,Marketing,Leadership",Media,Marketing Manager,"2 projects, 1 internships",Product Manager
Undergraduate,Law/LLB,"Leadership,Public Speaking,Legal Writing,Law,Negotiation","Law,Government Jobs",Criminal Defense Lawyer,"1 projects, 0 internships",Corporate Lawyer
Undergraduate,Law/LLB,"Public Speaking,Constitutional Law,Leadership","Law,Social Impact",Public Prosecutor,"2 projects, 1 internships",Corporate Lawyer
Undergraduate,Science/B.Sc,"Statistics,Pandas,Python","Research,Technology,Business",Data Scientist,"2 projects, 1 internships",Data Analyst
Class 12,PCM Stream,"Communication,Physics Lab,Writing","Defence,Engineering",Civil Servant (IAS/IPS),"0 projects, 1 internships",Civil Servant (IAS/IPS)
Undergraduate,Electronics & Communication,"Figma,Physics Lab,AWS,Docker,Linear Algebra","Research,Technology",VLSI Design Engineer,"2 projects, 1 internships",Embedded Systems Engineer
Undergraduate,Law/LLB,"Communication,Law,Legal Writing",Social Impact,Public Prosecutor,"1 projects, 1 internships",Corporate Lawyer
Undergraduate,Science/B.Sc,"Data Visualization,SQL,Mathematics","Technology,Research",Actuarial Analyst,"0 projects, 1 internships",Data Analyst
Undergraduate,Science/B.Sc,"Statistics,Data Analytics,SQL,Pandas,Communication","Research,Finance",Data Analyst,"0 projects, 1 internships",Data Analyst
Undergraduate,Computer Science,"Node.js,REST APIs,SQL,Java,C++","Business,Technology",Cloud Architect,"2 projects, 0 internships",Software Engineer
Undergraduate,Law/LLB,"Legal Writing,Leadership,Communication,Negotiation,Law,Technical Writing","Social Impact,Government Jobs,Law",Corporate Lawyer,"1 projects, 1 internships",Corporate Lawyer
Undergraduate,Electronics & Communication,"Python,Mathematics,Data Structures,Docker,AWS,Kubernetes","Technology,Research",Embedded Systems Engineer,"0 projects, 1 internships",Embedded Systems Engineer
Class 12,PCM Stream,"Mathematics,Chemistry Lab,Communication,Problem Solving","Defence,Engineering",Defense Officer (Army/Navy/Air Force),"1 projects, 1 internships",Civil Servant (IAS/IPS)
Undergraduate,Commerce/B.Com,"Financial Accounting,Communication,SQL,Data Analytics","Business,Finance",Investment Banker,"0 projects, 0 internships",Chartered Accountant
Undergraduate,Electronics & Communication,"Python,Data Structures,Linear Algebra,C++,Kubernetes","Engineering,Technology",VLSI Design Engineer,"2 projects, 1 internships",Embedded Systems Engineer
Undergraduate,Science/B.Sc,"Data Analytics,Communication,Pandas,Data Visualization",Finance,Actuarial Analyst,"0 projects, 0 internships",Data Analyst
Undergraduate,Commerce/B.Com,"Data Analytics,Financial Accounting,Taxation,Time Management,Problem Solving,Communication",Business,Unknown Career,"0 projects, 0 internships",Chartered Accountant
Class 12,PCM Stream,"Communication,Physics Lab,Python,Chemistry Lab,Mathematics",Engineering,Research Scientist,"1 projects, 1 internships",Civil Servant (IAS/IPS)
Undergraduate,Law/LLB,"Constitutional Law,Communication,Legal Writing","Social Impact,Government Jobs,Law",Criminal Defense Lawyer,"2 projects, 1 internships",Corporate Lawyer
Class 12,PCM Stream,"Writing,Communication,Problem Solving,Python,Mathematics,Chemistry Lab","Defence,Government Jobs",Civil Servant (IAS/IPS),"0 projects, 0 internships",Civil Servant (IAS/IPS)
Undergraduate,Science/B.Sc,"Communication,Mathematics,Python,Pandas,NumPy,Data Visualization",Technology,Actuarial Analyst,"0 projects, 0 internships",Data Analyst
Undergraduate,Science/B.Sc,"Pandas,Statistics,Mathematics","Business,Research",Actuarial Analyst,"2 projects, 1 internships",Data Analyst
Undergraduate,Commerce/B.Com,"Scrum,Problem Solving,Financial Accounting,Taxation,Communication",Finance,Unknown Career,"1 projects, 1 internships",Chartered Accountant
Undergraduate,Business/BBA,"SEO,Leadership,Public Speaking,Communication,Business Strategy",Management,Marketing Manager,"1 projects, 1 internships",Product Manager
Undergraduate,Computer Science,"Python,Algorithms,CSS","Technology,Business",DevOps Engineer,"2 projects, 0 internships",Software Engineer
Undergraduate,Electronics & Communication,"Physics Lab,Mathematics,Docker,AWS,Figma,Python","Research,Technology,Engineering",VLSI Design Engineer,"1 projects, 1 internships",Embedded Systems Engineer
Undergraduate,Business/BBA,"Marketing,SEO,Communication,Sales","Entrepreneurship,Media",Marketing Manager,"1 projects, 1 internships",Product Manager
Class 12,PCM Stream,"Chemistry Lab,Problem Solving,Writing,Physics Lab,Mathematics,Communication","Engineering,Defence,Government Jobs",Civil Servant (IAS/IPS),"0 projects, 0 internships",Civil Servant (IAS/IPS)
Class 12,PCM Stream,"Writing,Problem Solving,Communication,Physics Lab",Research,Civil Servant (IAS/IPS),"2 projects, 0 internships",Civil Servant (IAS/IPS)
Undergraduate,Computer Science,"Java,Algorithms,CSS","AI/ML,Technology,Business",Software Engineer,"2 projects, 0 internships",Software Engineer
Undergraduate,Business/BBA,"SEO,Marketing,Communication,Leadership,Project Management,Public Speaking","Entrepreneurship,Media,Management",Product Manager,"0 projects, 0 internships",Product Manager
Undergraduate,Science/B.Sc,"Communication,NumPy,Mathematics,Statistics,Pandas",Business,Data Analyst,"2 projects, 0 internships",Data Analyst
Undergraduate,Science/B.Sc,"Mathematics,Data Analytics,Pandas,Communication,SQL","Technology,Business",Data Analyst,"1 projects, 1 internships",Data Analyst
Class 12,PCM Stream,"Chemistry Lab,Communication,Python,Mathematics",Defence,Defense Officer (Army/Navy/Air Force),"0 projects, 1 internships",Civil Servant (IAS/IPS)
Undergraduate,Science/B.Sc,"Mathematics,Statistics,Communication,SQL,NumPy","Technology,Business,Finance",Data Scientist,"0 projects, 1 internships",Data Analyst
Undergraduate,Law/LLB,"Public Speaking,Legal Writing,Law,Negotiation,Constitutional Law","Law,Social Impact,Government Jobs",Patent Attorney,"0 projects, 1 internships",Corporate Lawyer
Undergraduate,Computer Science,"JavaScript,REST APIs,C++,Algorithms,Python,HTML","Technology,Business,AI/ML",Cloud Architect,"0 projects, 0 internships",Software Engineer
Undergraduate,Electronics & Communication,"C++,Figma,Data Structures","Technology,Engineering,Research",Network Security Engineer,"1 projects, 0 internships",Embedded Systems Engineer
Undergraduate,Business/BBA,"Sales,Business Strategy,SEO","Entrepreneurship,Management",Product Manager,"1 projects, 0 internships",Product Manager
Undergraduate,Business/BBA,"Project Management,Marketing,Public Speaking,Leadership,Product Management",Business,Marketing Manager,"2 projects, 0 internships",Product Manager
Class 12,PCM Stream,"Communication,Physics Lab,Chemistry Lab,Mathematics,Problem Solving,Python",Defence,Civil Servant (IAS/IPS),"2 projects, 0 internships",Civil Servant (IAS/IPS)
Undergraduate,Computer Science,"CSS,SQL,Java,Node.js","AI/ML,Technology,Business",Data Scientist,"1 projects, 0 internships",Software Engineer
Class 12,PCM Stream,"Communication,Mathematics,Problem Solving,Python,Chemistry Lab,Physics Lab","Engineering,Defence",High School Physics Teacher,"2 projects, 1 internships",Civil Servant (IAS/IPS)
Undergraduate,Electronics & Communication,"Kubernetes,AWS,Figma,Physics Lab","Technology,Engineering,Research",IoT Systems Architect,"1 projects, 1 internships",Embedded Systems Engineer
Undergraduate,Computer Science,"HTML,JavaScript,Python,Algorithms,React,REST APIs",Business,DevOps Engineer,"2 projects, 0 internships",Software Engineer
Undergraduate,Science/B.Sc,"Data Analytics,Python,NumPy,Statistics,Mathematics",Research,Financial Risk Analyst,"0 projects, 1 internships",Data Analyst
Undergraduate,Business/BBA,"Product Management,Communication,Marketing,Business Strategy,Sales",Management,Brand Strategist,"1 projects, 0 internships",Product Manager
Undergraduate,Business/BBA,"SEO,Product Management,Sales",Business,Management Consultant,"0 projects, 0 internships",Product Manager
Undergraduate,Computer Science,"SQL,C++,HTML,Python,CSS","AI/ML,Technology",Cloud Architect,"2 projects, 1 internships",Software Engineer
Undergraduate,Science/B.Sc,"Data Analytics,Mathematics,SQL,Pandas",Technology,Financial Risk Analyst,"2 projects, 1 internships",Data Analyst
Class 12,PCM Stream,"Physics Lab,Writing,Chemistry Lab,Problem Solving,Python,Communication","Engineering,Government Jobs,Defence",High School Physics Teacher,"1 projects, 0 internships",Civil Servant (IAS/IPS)
Class 12,PCM Stream,"Chemistry Lab,Problem Solving,Communication","Engineering,Research,Government Jobs",Research Scientist,"0 projects, 1 internships",Civil Servant (IAS/IPS)
Undergraduate,Commerce/B.Com,"Financial Accounting,Data Analytics,Taxation,Economics,Time Management",Finance,Financial Consultant,"1 projects, 0 internships",Chartered Accountant
Undergraduate,Law/LLB,"Negotiation,Public Speaking,Technical Writing",Law,Criminal Defense Lawyer,"1 projects, 1 internships",Corporate Lawyer
Undergraduate,Electronics & Communication,"Physics Lab,Docker,AWS","Engineering,Research,Technology",Network Security Engineer,"0 projects, 0 internships",Embedded Systems Engineer
Undergraduate,Science/B.Sc,"Data Visualization,Data Analytics,Mathematics,Python","Research,Finance,Business",Data Analyst,"2 projects, 1 internships",Data Analyst
Undergraduate,Science/B.Sc,"Data Visualization,Communication,NumPy","Business,Research,Technology",Actuarial Analyst,"1 projects, 0 internships",Data Analyst
Undergraduate,Computer Science,"JavaScript,CSS,Data Structures,Python,SQL,REST APIs","Technology,AI/ML,Business",DevOps Engineer,"1 projects, 1 internships",Software Engineer
Undergraduate,Commerce/B.Com,"Communication,SQL,Problem Solving",Government Jobs,Investment Banker,"0 projects, 0 internships",Chartered Accountant
Undergraduate,Commerce/B.Com,"Time Management,Communication,Economics,Taxation","Finance,Government Jobs,Business",Chartered Accountant,"1 projects, 1 internships",Chartered Accountant
Undergraduate,Business/BBA,"Product Management,Leadership,Marketing","Business,Media,Entrepreneurship",Marketing Manager,"2 projects, 0 internships",Product Manager
Undergraduate,Science/B.Sc,"Statistics,SQL,Python,Mathematics,Data Analytics,NumPy","Finance,Research,Business",Data Analyst,"2 projects, 0 internships",Data Analyst
Class 12,PCM Stream,"Mathematics,Python,Communication,Chemistry Lab","Defence,Research,Government Jobs",Research Scientist,"0 projects, 1 internships",Civil Servant (IAS/IPS)
Undergraduate,Computer Science,"React,Node.js,REST APIs,C++,Java","Business,Technology,AI/ML",Data Scientist,"0 projects, 1 internships",Software Engineer
Class 12,PCM Stream,"Chemistry Lab,Writing,Mathematics,Communication,Python,Problem Solving","Defence,Research",High School Physics Teacher,"1 projects, 1 internships",Civil Servant (IAS/IPS)
Undergraduate,Electronics & Communication,"Docker,Linear Algebra,Data Structures,Figma",Engineering,VLSI Design Engineer,"0 projects, 0 internships",Embedded Systems Engineer
Class 12,PCM Stream,"Communication,Physics Lab,Problem Solving,Python,Chemistry Lab",Research,Research Scientist,"1 projects, 0 internships",Civil Servant (IAS/IPS)
Undergraduate,Law/LLB,"Public Speaking,Negotiation,Legal Writing,Technical Writing,Communication,Constitutional Law",Social Impact,Patent Attorney,"1 projects, 0 internships",Corporate Lawyer
Undergraduate,Law/LLB,"Leadership,Public Speaking,Legal Writing,Communication,Law,Technical Writing","Social Impact,Law,Government Jobs",Criminal Defense Lawyer,"0 projects, 0 internships",Corporate Lawyer
Undergraduate,Computer Science,"HTML,Git,React,Node.js,Algorithms",AI/ML,DevOps Engineer,"1 projects, 1 internships",Software Engineer
Undergraduate,Computer Science,"Data Structures,React,SQL,CSS,REST APIs","Business,AI/ML,Technology",Software Engineer,"2 projects, 0 internships",Software Engineer
Undergraduate,Commerce/B.Com,"Economics,SQL,Time Management,Taxation,Communication,Scrum","Finance,Business",Unknown Career,"1 projects, 1 internships",Chartered Accountant
Undergraduate,Law/LLB,"Technical Writing,Leadership,Legal Writing,Constitutional Law,Public Speaking,Negotiation",Law,Public Prosecutor,"1 projects, 1 internships",Corporate Lawyer
Undergraduate,Commerce/B.Com,"SQL,Problem Solving,Economics,Financial Accounting,Taxation","Finance,Business,Government Jobs",Unknown Career,"1 projects, 1 internships",Chartered Accountant
Class 12,PCM Stream,"Writing,Problem Solving,Mathematics,Python,Chemistry Lab",Government Jobs,Defense Officer (Army/Navy/Air Force),"0 projects, 0 internships",Civil Servant (IAS/IPS)
Undergraduate,Law/LLB,"Public Speaking,Communication,Law",Social Impact,Criminal Defense Lawyer,"0 projects, 1 internships",Corporate Lawyer
Undergraduate,Law/LLB,"Constitutional Law,Law,Leadership,Negotiation","Government Jobs,Social Impact",Criminal Defense Lawyer,"2 projects, 1 internships",Corporate Lawyer
Undergraduate,Science/B.Sc,"Mathematics,Data Analytics,Python,Communication",Business,Data Scientist,"0 projects, 1 internships",Data Analyst
Class 12,PCM Stream,"Problem Solving,Writing,Chemistry Lab","Engineering,Research,Government Jobs",High School Physics Teacher,"2 projects, 0 internships",Civil Servant (IAS/IPS)
Undergraduate,Electronics & Communication,"Kubernetes,Python,Physics Lab,AWS","Engineering,Research",VLSI Design Engineer,"1 projects, 1 internships",Embedded Systems Engineer
Class 12,PCM Stream,"Chemistry Lab,Physics Lab,Mathematics","Defence,Government Jobs",Defense Officer (Army/Navy/Air Force),"0 projects, 1 internships",Civil Servant (IAS/IPS)
Undergraduate,Law/LLB,"Constitutional Law,Legal Writing,Leadership,Technical Writing","Law,Social Impact,Government Jobs",Corporate Lawyer,"1 projects, 1 internships",Corporate Lawyer
Undergraduate,Science/B.Sc,"SQL,Communication,Python,NumPy,Pandas,Mathematics","Technology,Finance",Data Analyst,"2 projects, 0 internships",Data Analyst
Undergraduate,Computer Science,"Node.js,Data Structures,REST APIs,Algorithms,C++",AI/ML,Software Engineer,"0 projects, 1 internships",Software Engineer
Undergraduate,Law/LLB,"Communication,Constitutional Law,Legal Writing",Social Impact,Criminal Defense Lawyer,"0 projects, 1 internships",Corporate Lawyer
Undergraduate,Electronics & Communication,"Figma,Kubernetes,Linear Algebra,Python,AWS,C++","Engineering,Technology",Embedded Systems Engineer,"1 projects, 0 internships",Embedded Systems Engineer
Undergraduate,Electronics & Communication,"Data Structures,Physics Lab,Linear Algebra","Technology,Engineering",Embedded Systems Engineer,"0 projects, 1 internships",Embedded Systems Engineer
Undergraduate,Business/BBA,"Business Strategy,Public Speaking,Product Management,Project Management","Management,Entrepreneurship,Media",Brand Strategist,"0 projects, 1 internships",Product Manager
Undergraduate,Electronics & Communication,"Linear Algebra,Physics Lab,Kubernetes,Mathematics","Research,Technology",VLSI Design Engineer,"1 projects, 0 internships",Embedded Systems Engineer
Undergraduate,Electronics & Communication,"Physics Lab,Linear Algebra,Data Structures",Technology,IoT Systems Architect,"2 projects, 0 internships",Embedded Systems Engineer
Undergraduate,Computer Science,"REST APIs,Python,JavaScript","AI/ML,Technology",Software Engineer,"0 projects, 0 internships",Software Engineer
Undergraduate,Law/LLB,"Constitutional Law,Public Speaking,Legal Writing,Law,Communication,Leadership","Government Jobs,Law",Corporate Lawyer,"0 projects, 1 internships",Corporate Lawyer
Undergraduate,Computer Science,"JavaScript,Java,Git,Node.js","AI/ML,Business",DevOps Engineer,"2 projects, 1 internships",Software Engineer
Undergraduate,Business/BBA,"Communication,Public Speaking,Sales,Marketing",Business,Marketing Manager,"1 projects, 1 internships",Product Manager
Undergraduate,Law/LLB,"Negotiation,Legal Writing,Law,Constitutional Law,Communication,Leadership",Social Impact,Patent Attorney,"1 projects, 0 internships",Corporate Lawyer
Undergraduate,Law/LLB,"Public Speaking,Legal Writing,Constitutional Law","Social Impact,Government Jobs",Public Prosecutor,"2 projects, 1 internships",Corporate Lawyer
Undergraduate,Business/BBA,"Business Strategy,Communication,SEO,Product Management",Management,Product Manager,"1 projects, 0 internships",Product Manager
Undergraduate,Electronics & Communication,"Mathematics,C++,Linear Algebra,Figma,Physics Lab,Python","Research,Engineering,Technology",Network Security Engineer,"0 projects, 1 internships",Embedded Systems Engineer
Undergraduate,Electronics & Communication,"Physics Lab,Mathematics,C++,AWS,Docker",Engineering,Embedded Systems Engineer,"2 projects, 1 internships",Embedded Systems Engineer
Undergraduate,Law/LLB,"Constitutional Law,Leadership,Legal Writing","Law,Government Jobs,Social Impact",Patent Attorney,"2 projects, 1 internships",Corporate Lawyer
Undergraduate,Computer Science,"JavaScript,Data Structures,Git,Java,Node.js","Technology,Business,AI/ML",Data Scientist,"1 projects, 1 internships",Software Engineer
Undergraduate,Computer Science,"Git,C++,Node.js,React,REST APIs,HTML",Technology,AI/ML Engineer,"1 projects, 1 internships",Software Engineer
Undergraduate,Business/BBA,"Business Strategy,Marketing,Project Management,Leadership,Product Management",Media,Management Consultant,"1 projects, 0 internships",Product Manager
Undergraduate,Computer Science,"REST APIs,C++,Java,HTML,Git","AI/ML,Technology,Business",Software Engineer,"2 projects, 0 internships",Software Engineer
Undergraduate,Electronics & Communication,"C++,Mathematics,Data Structures",Engineering,Embedded Systems Engineer,"2 projects, 0 internships",Embedded Systems Engineer
Undergraduate,Law/LLB,"Law,Negotiation,Communication,Constitutional Law,Legal Writing","Law,Government Jobs",Criminal Defense Lawyer,"1 projects, 1 internships",Corporate Lawyer
Undergraduate,Computer Science,"HTML,JavaScript,Git",Technology,DevOps Engineer,"1 projects, 0 internships",Software Engineer
Undergraduate,Computer Science,"C++,JavaScript,Git,React,Data Structures",AI/ML,Software Engineer,"1 projects, 0 internships",Software Engineer
Undergraduate,Law/LLB,"Communication,Constitutional Law,Legal Writing,Technical Writing","Government Jobs,Law",Public Prosecutor,"0 projects, 1 internships",Corporate Lawyer
Undergraduate,Business/BBA,"Communication,Product Management,Marketing","Media,Business",Brand Strategist,"0 projects, 0 internships",Product Manager
Undergraduate,Law/LLB,"Technical Writing,Law,Negotiation,Public Speaking,Communication","Government Jobs,Social Impact",Corporate Lawyer,"1 projects, 1 internships",Corporate Lawyer
Undergraduate,Science/B.Sc,"Statistics,Mathematics,Data Analytics,Data Visualization,SQL,NumPy","Finance,Technology",Data Scientist,"2 projects, 0 internships",Data Analyst
Class 12,PCM Stream,"Problem Solving,Python,Writing","Engineering,Research,Government Jobs",Defense Officer (Army/Navy/Air Force),"1 projects, 0 internships",Civil Servant (IAS/IPS)
Undergraduate,Science/B.Sc,"Data Visualization,Statistics,SQL,NumPy","Technology,Research",Data Analyst,"0 projects, 1 internships",Data Analyst
Class 12,PCM Stream,"Problem Solving,Mathematics,Chemistry Lab,Communication,Writing","Defence,Engineering,Government Jobs",Research Scientist,"2 projects, 1 internships",Civil Servant (IAS/IPS)
Undergraduate,Science/B.Sc,"SQL,Communication,NumPy,Python,Data Visualization,Mathematics","Finance,Technology",Actuarial Analyst,"1 projects, 1 internships",Data Analyst
Undergraduate,Computer Science,"Java,CSS,Git,Python",AI/ML,AI/ML Engineer,"1 projects, 0 internships",Software Engineer
Class 12,PCM Stream,"Problem Solving,Communication,Physics Lab,Python,Mathematics,Writing","Engineering,Research,Government Jobs",High School Physics Teacher,"1 projects, 0 internships",Civil Servant (IAS/IPS)
Undergraduate,Electronics & Communication,"Docker,Python,Physics Lab,AWS,Data Structures",Technology,VLSI Design Engineer,"2 projects, 0 internships",Embedded Systems Engineer
Class 12,PCM Stream,"Mathematics,Writing,Communication,Python",Government Jobs,Defense Officer (Army/Navy/Air Force),"1 projects, 0 internships",Civil Servant (IAS/IPS)
Class 12,PCM Stream,"Mathematics,Python,Physics Lab,Writing,Communication,Chemistry Lab","Defence,Engineering",High School Physics Teacher,"1 projects, 1 internships",Civil Servant (IAS/IPS)
Undergraduate,Business/BBA,"Public Speaking,Marketing,Business Strategy,Sales,Product Management",Entrepreneurship,Management Consultant,"1 projects, 1 internships",Product Manager
Undergraduate,Electronics & Communication,"C++,Python,Data Structures",Technology,Network Security Engineer,"1 projects, 1 internships",Embedded Systems Engineer
Undergraduate,Commerce/B.Com,"Taxation,Time Management,Data Analytics","Finance,Business,Government Jobs",Financial Consultant,"0 projects, 0 internships",Chartered Accountant
Undergraduate,Electronics & Communication,"Kubernetes,AWS,Physics Lab","Engineering,Technology",VLSI Design Engineer,"1 projects, 0 internships",Embedded Systems Engineer
Undergraduate,Electronics & Communication,"Mathematics,AWS,Data Structures,Linear Algebra,Figma,C++",Technology,Embedded Systems Engineer,"2 projects, 1 internships",Embedded Systems Engineer
Undergraduate,Business/BBA,"Business Strategy,SEO,Project Management","Business,Media",Marketing Manager,"1 projects, 1 internships",Product Manager
Undergraduate,Business/BBA,"SEO,Product Management,Leadership,Marketing,Communication",Media,Product Manager,"0 projects, 0 internships",Product Manager
Undergraduate,Computer Science,"Java,JavaScript,Python,Git,SQL,Data Structures","AI/ML,Technology,Business",Software Engineer,"1 projects, 1 internships",Software Engineer
Undergraduate,Electronics & Communication,"Kubernetes,Mathematics,Data Structures","Technology,Research,Engineering",IoT Systems Architect,"0 projects, 1 internships",Embedded Systems Engineer
Undergraduate,Business/BBA,"Marketing,Communication,Business Strategy,SEO","Media,Management,Business",Management Consultant,"1 projects, 1 internships",Product Manager
Undergraduate,Computer Science,"SQL,Java,Data Structures,JavaScript,Node.js",AI/ML,Data Scientist,"1 projects, 1 internships",Software Engineer
Undergraduate,Electronics & Communication,"AWS,Data Structures,Figma,Mathematics",Technology,Embedded Systems Engineer,"0 projects, 0 internships",Embedded Systems Engineer
Undergraduate,Business/BBA,"SEO,Project Management,Business Strategy","Management,Entrepreneurship",Marketing Manager,"1 projects, 1 internships",Product Manager
Undergraduate,Business/BBA,"Public Speaking,Marketing,SEO,Project Management,Business Strategy,Sales","Entrepreneurship,Business,Media",Product Manager,"2 projects, 1 internships",Product Manager
Undergraduate,Electronics & Communication,"Kubernetes,Linear Algebra,Mathematics,Python","Engineering,Research",IoT Systems Architect,"0 projects, 1 internships",Embedded Systems Engineer
Class 12,PCM Stream,"Mathematics,Python,Chemistry Lab,Communication","Engineering,Research,Defence",Research Scientist,"0 projects, 1 internships",Civil Servant (IAS/IPS)
Undergraduate,Commerce/B.Com,"Scrum,Financial Accounting,Communication,Economics",Finance,Investment Banker,"0 projects, 1 internships",Chartered Accountant
Undergraduate,Commerce/B.Com,"Communication,Economics,Scrum,Time Management,Taxation,Financial Accounting",Business,Financial Consultant,"2 projects, 0 internships",Chartered Accountant
Undergraduate,Computer Science,"Java,JavaScript,Data Structures,SQL,Algorithms,REST APIs","Business,Technology,AI/ML",Software Engineer,"0 projects, 0 internships",Software Engineer
Undergraduate,Electronics & Communication,"Physics Lab,Python,Mathematics","Engineering,Technology",IoT Systems Architect,"0 projects, 0 internships",Embedded Systems Engineer
Undergraduate,Computer Science,"CSS,SQL,Node.js,HTML",Business,Cloud Architect,"2 projects, 0 internships",Software Engineer
Class 12,PCM Stream,"Communication,Physics Lab,Chemistry Lab,Writing","Engineering,Government Jobs",Civil Servant (IAS/IPS),"1 projects, 0 internships",Civil Servant (IAS/IPS)
Undergraduate,Computer Science,"Java,React,REST APIs,JavaScript,Data Structures,Node.js","Technology,Business",AI/ML Engineer,"2 projects, 0 internships",Software Engineer
Undergraduate,Commerce/B.Com,"Communication,SQL,Taxation,Scrum","Business,Government Jobs",Chartered Accountant,"2 projects, 0 internships",Chartered Accountant
Undergraduate,Commerce/B.Com,"Data Analytics,SQL,Financial Accounting,Time Management,Communication,Problem Solving","Business,Finance,Government Jobs",Unknown Career,"1 projects, 1 internships",Chartered Accountant
Undergraduate,Law/LLB,"Technical Writing,Leadership,Constitutional Law",Government Jobs,Criminal Defense Lawyer,"0 projects, 1 internships",Corporate Lawyer
Undergraduate,Science/B.Sc,"SQL,Data Visualization,Python,Communication,Mathematics,Pandas",Research,Financial Risk Analyst,"1 projects, 1 internships",Data Analyst
Class 12,PCM Stream,"Mathematics,Communication,Python,Writing,Problem Solving,Physics Lab","Defence,Research,Engineering",High School Physics Teacher,"1 projects, 0 internships",Civil Servant (IAS/IPS)
Undergraduate,Law/LLB,"Negotiation,Technical Writing,Communication,Public Speaking,Law,Constitutional Law","Government Jobs,Social Impact,Law",Criminal Defense Lawyer,"2 projects, 0 internships",Corporate Lawyer
Undergraduate,Computer Science,"JavaScript,Node.js,Python","Technology,Business,AI/ML",DevOps Engineer,"0 projects, 1 internships",Software Engineer
Undergraduate,Computer Science,"Java,Node.js,Data Structures,React,REST APIs,SQL","Business,Technology",Data Scientist,"2 projects, 0 internships",Software Engineer
Class 12,PCM Stream,"Mathematics,Chemistry Lab,Writing,Physics Lab,Python","Government Jobs,Engineering",Civil Servant (IAS/IPS),"0 projects, 0 internships",Civil Servant (IAS/IPS)
Undergraduate,Computer Science,"React,Python,JavaScript,Git,Node.js","Business,AI/ML,Technology",Data Scientist,"1 projects, 0 internships",Software Engineer
Undergraduate,Science/B.Sc,"Data Analytics,Pandas,Data Visualization,NumPy,Communication,Statistics","Business,Research",Actuarial Analyst,"1 projects, 0 internships",Data Analyst
Undergraduate,Law/LLB,"Technical Writing,Leadership,Communication,Legal Writing,Law","Social Impact,Law",Criminal Defense Lawyer,"1 projects, 0 internships",Corporate Lawyer
Undergraduate,Commerce/B.Com,"Communication,Problem Solving,Time Management,Taxation,Scrum",Government Jobs,Financial Consultant,"1 projects, 0 internships",Chartered Accountant
Class 12,PCM Stream,"Writing,Mathematics,Problem Solving","Engineering,Research,Government Jobs",Research Scientist,"1 projects, 1 internships",Civil Servant (IAS/IPS)
Undergraduate,Commerce/B.Com,"Taxation,Communication,SQL","Business,Government Jobs,Finance",Chartered Accountant,"1 projects, 1 internships",Chartered Accountant
Undergraduate,Electronics & Communication,"AWS,C++,Figma,Data Structures",Research,VLSI Design Engineer,"1 projects, 0 internships",Embedded Systems Engineer
Undergraduate,Business/BBA,"Product Management,Public Speaking,Communication,Sales,SEO",Business,Marketing Manager,"1 projects, 0 internships",Product Manager
Undergraduate,Science/B.Sc,"NumPy,Mathematics,Python,Statistics,Communication,Data Analytics","Finance,Business",Data Analyst,"2 projects, 0 internships",Data Analyst
Undergraduate,Business/BBA,"SEO,Communication,Marketing,Business Strategy,Leadership,Sales",Entrepreneurship,Management Consultant,"2 projects, 1 internships",Product Manager
Class 12,PCM Stream,"Physics Lab,Communication,Problem Solving,Mathematics",Research,Civil Servant (IAS/IPS),"2 projects, 0 internships",Civil Servant (IAS/IPS)
Undergraduate,Business/BBA,"Public Speaking,SEO,Product Management","Media,Entrepreneurship,Management",Product Manager,"2 projects, 0 internships",Product Manager
Undergraduate,Electronics & Communication,"Linear Algebra,Data Structures,C++,AWS,Mathematics,Physics Lab","Technology,Research",Embedded Systems Engineer,"1 projects, 1 internships",Embedded Systems Engineer
Undergraduate,Science/B.Sc,"Pandas,Data Visualization,Python,SQL,Data Analytics,Communication","Business,Research",Data Scientist,"1 projects, 0 internships",Data Analyst
Undergraduate,Law/LLB,"Leadership,Public Speaking,Technical Writing,Negotiation,Legal Writing",Social Impact,Patent Attorney,"1 projects, 0 internships",Corporate Lawyer
Undergraduate,Commerce/B.Com,"Communication,Financial Accounting,Problem Solving,Data Analytics,Economics,Time Management",Business,Investment Banker,"2 projects, 0 internships",Chartered Accountant
Undergraduate,Science/B.Sc,"Communication,Data Analytics,NumPy,Statistics,Pandas","Finance,Technology,Business",Data Scientist,"1 projects, 1 internships",Data Analyst
Undergraduate,Commerce/B.Com,"Communication,Financial Accounting,SQL","Business,Finance,Government Jobs",Financial Consultant,"2 projects, 0 internships",Chartered Accountant
Class 12,PCM Stream,"Physics Lab,Communication,Writing,Mathematics,Problem Solving","Research,Government Jobs",Civil Servant (IAS/IPS),"1 projects, 1 internships",Civil Servant (IAS/IPS)
Undergraduate,Law/LLB,"Communication,Leadership,Law,Constitutional Law,Public Speaking","Social Impact,Law",Public Prosecutor,"2 projects, 1 internships",Corporate Lawyer
Undergraduate,Law/LLB,"Communication,Law,Leadership","Law,Government Jobs",Corporate Lawyer,"0 projects, 0 internships",Corporate Lawyer
Undergraduate,Computer Science,"Git,CSS,C++,JavaScript,React",Business,Data Scientist,"2 projects, 1 internships",Software Engineer
Undergraduate,Law/LLB,"Legal Writing,Communication,Law","Government Jobs,Law",Criminal Defense Lawyer,"0 projects, 1 internships",Corporate Lawyer
Undergraduate,Computer Science,"Node.js,Git,SQL,CSS,Java,REST APIs",AI/ML,Data Scientist,"2 projects, 1 internships",Software Engineer
Undergraduate,Commerce/B.Com,"Scrum,Taxation,Financial Accounting","Finance,Government Jobs",Unknown Career,"2 projects, 0 internships",Chartered Accountant
Undergraduate,Law/LLB,"Constitutional Law,Law,Negotiation,Legal Writing,Leadership",Social Impact,Patent Attorney,"1 projects, 0 internships",Corporate Lawyer
Class 12,PCM Stream,"Problem Solving,Communication,Writing","Engineering,Government Jobs,Defence",Research Scientist,"0 projects, 0 internships",Civil Servant (IAS/IPS)
Undergraduate,Law/LLB,"Communication,Law,Technical Writing,Leadership",Social Impact,Corporate Lawyer,"1 projects, 1 internships",Corporate Lawyer
Undergraduate,Computer Science,"Algorithms,React,CSS,HTML,C++,Java","Technology,AI/ML",AI/ML Engineer,"0 projects, 0 internships",Software Engineer
Undergraduate,Business/BBA,"Communication,Product Management,Leadership,Project Management","Media,Management,Entrepreneurship",Product Manager,"2 projects, 0 internships",Product Manager
Undergraduate,Science/B.Sc,"Data Analytics,Communication,Statistics,Python,Data Visualization","Research,Finance",Actuarial Analyst,"0 projects, 1 internships",Data Analyst
Undergraduate,Electronics & Communication,"Kubernetes,AWS,Mathematics","Research,Technology",IoT Systems Architect,"1 projects, 1 internships",Embedded Systems Engineer
Undergraduate,Science/B.Sc,"Data Visualization,Pandas,SQL,Data Analytics,Python","Research,Business,Finance",Actuarial Analyst,"2 projects, 1 internships",Data Analyst
Undergraduate,Computer Science,"HTML,Node.js,REST APIs,Data Structures","AI/ML,Business,Technology",DevOps Engineer,"1 projects, 0 internships",Software Engineer
Undergraduate,Business/BBA,"Business Strategy,SEO,Marketing,Leadership,Product Management,Public Speaking",Management,Marketing Manager,"2 projects, 1 internships",Product Manager
Class 12,PCM Stream,"Python,Writing,Chemistry Lab,Mathematics,Communication","Government Jobs,Defence",Defense Officer (Army/Navy/Air Force),"1 projects, 1 internships",Civil Servant (IAS/IPS)
Class 12,PCM Stream,"Communication,Problem Solving,Python,Writing,Mathematics",Engineering,Research Scientist,"0 projects, 1 internships",Civil Servant (IAS/IPS)
Class 12,PCM Stream,"Chemistry Lab,Mathematics,Writing,Problem Solving","Government Jobs,Defence",Defense Officer (Army/Navy/Air Force),"1 projects, 0 internships",Civil Servant (IAS/IPS)
Undergraduate,Science/B.Sc,"Mathematics,Pandas,SQL,Communication,Statistics","Business,Finance,Research",Financial Risk Analyst,"0 projects, 0 internships",Data Analyst
Undergraduate,Science/B.Sc,"Data Visualization,Communication,Pandas,Statistics","Business,Technology",Data Analyst,"2 projects, 1 internships",Data Analyst
Undergraduate,Computer Science,"Java,Algorithms,Data Structures,SQL","AI/ML,Business,Technology",DevOps Engineer,"2 projects, 0 internships",Software Engineer
Undergraduate,Business/BBA,"Marketing,SEO,Communication,Product Management","Business,Media",Brand Strategist,"1 projects, 1 internships",Product Manager
Undergraduate,Commerce/B.Com,"Economics,Data Analytics,Taxation,Communication,Scrum",Finance,Unknown Career,"2 projects, 1 internships",Chartered Accountant
Undergraduate,Electronics & Communication,"AWS,Python,Figma,Mathematics","Engineering,Research",Embedded Systems Engineer,"2 projects, 0 internships",Embedded Systems Engineer
Undergraduate,Electronics & Communication,"Physics Lab,Docker,Python,Kubernetes,Linear Algebra","Research,Engineering",VLSI Design Engineer,"2 projects, 1 internships",Embedded Systems Engineer
Undergraduate,Science/B.Sc,"Mathematics,Communication,Statistics",Technology,Data Analyst,"2 projects, 1 internships",Data Analyst
Undergraduate,Business/BBA,"Product Management,Leadership,Project Management,SEO","Entrepreneurship,Management,Media",Product Manager,"2 projects, 1 internships",Product Manager
Undergraduate,Electronics & Communication,"AWS,C++,Physics Lab,Kubernetes",Technology,Network Security Engineer,"0 projects, 0 internships",Embedded Systems Engineer
Undergraduate,Commerce/B.Com,"Taxation,Economics,Data Analytics,Time Management","Finance,Government Jobs,Business",Investment Banker,"1 projects, 0 internships",Chartered Accountant
Undergraduate,Business/BBA,"SEO,Business Strategy,Communication,Leadership",Media,Management Consultant,"0 projects, 0 internships",Product Manager
Undergraduate,Law/LLB,"Leadership,Technical Writing,Public Speaking,Legal Writing","Social Impact,Law,Government Jobs",Public Prosecutor,"2 projects, 1 internships",Corporate Lawyer
Class 12,PCM Stream,"Physics Lab,Chemistry Lab,Python",Engineering,Research Scientist,"1 projects, 0 internships",Civil Servant (IAS/IPS)
Undergraduate,Electronics & Communication,"Kubernetes,Figma,Linear Algebra,C++","Research,Technology,Engineering",VLSI Design Engineer,"2 projects, 0 internships",Embedded Systems Engineer
Class 12,PCM Stream,"Problem Solving,Physics Lab,Mathematics","Engineering,Defence",Defense Officer (Army/Navy/Air Force),"2 projects, 0 internships",Civil Servant (IAS/IPS)
Undergraduate,Business/BBA,"Leadership,Product Management,SEO,Sales",Entrepreneurship,Marketing Manager,"0 projects, 0 internships",Product Manager
Undergraduate,Science/B.Sc,"SQL,Python,Pandas,Mathematics","Technology,Business,Research",Actuarial Analyst,"0 projects, 0 internships",Data Analyst
Undergraduate,Electronics & Communication,"Docker,Physics Lab,Figma,Linear Algebra,Data Structures",Technology,Network Security Engineer,"0 projects, 0 internships",Embedded Systems Engineer
Undergraduate,Science/B.Sc,"Communication,Data Analytics,NumPy,Data Visualization,Mathematics",Technology,Data Scientist,"1 projects, 0 internships",Data Analyst
Undergraduate,Electronics & Communication,"Physics Lab,Mathematics,Docker,Kubernetes,C++,Linear Algebra","Research,Technology,Engineering",Embedded Systems Engineer,"2 projects, 1 internships",Embedded Systems Engineer
Class 12,PCM Stream,"Communication,Problem Solving,Physics Lab,Mathematics",Engineering,Civil Servant (IAS/IPS),"1 projects, 0 internships",Civil Servant (IAS/IPS)
Undergraduate,Commerce/B.Com,"Financial Accounting,Communication,Data Analytics,Economics,Problem Solving",Business,Investment Banker,"0 projects, 0 internships",Chartered Accountant
Undergraduate,Business/BBA,"Leadership,SEO,Business Strategy,Project Management",Entrepreneurship,Marketing Manager,"1 projects, 0 internships",Product Manager
Undergraduate,Electronics & Communication,"Kubernetes,Figma,Data Structures,Physics Lab,Mathematics","Engineering,Technology,Research",Embedded Systems Engineer,"1 projects, 1 internships",Embedded Systems Engineer
Undergraduate,Electronics & Communication,"Python,Kubernetes,Linear Algebra,Docker,AWS",Research,Embedded Systems Engineer,"0 projects, 1 internships",Embedded Systems Engineer
Class 12,PCM Stream,"Python,Mathematics,Writing","Government Jobs,Research,Defence",Civil Servant (IAS/IPS),"1 projects, 0 internships",Civil Servant (IAS/IPS)
Undergraduate,Electronics & Communication,"Linear Algebra,Data Structures,Mathematics,Kubernetes",Research,Network Security Engineer,"0 projects, 0 internships",Embedded Systems Engineer
Undergraduate,Commerce/B.Com,"Taxation,Time Management,Problem Solving,Communication,SQL,Data Analytics","Government Jobs,Business,Finance",Investment Banker,"1 projects, 1 internships",Chartered Accountant
Undergraduate,Science/B.Sc,"Data Analytics,Mathematics,Statistics","Technology,Finance",Actuarial Analyst,"0 projects, 0 internships",Data Analyst
Undergraduate,Science/B.Sc,"Python,NumPy,SQL","Research,Business",Data Scientist,"0 projects, 1 internships",Data Analyst
Class 12,PCM Stream,"Problem Solving,Writing,Physics Lab,Communication,Python,Mathematics",Government Jobs,High School Physics Teacher,"1 projects, 1 internships",Civil Servant (IAS/IPS)
Undergraduate,Law/LLB,"Leadership,Negotiation,Constitutional Law,Technical Writing,Public Speaking",Social Impact,Criminal Defense Lawyer,"2 projects, 1 internships",Corporate Lawyer
Undergraduate,Law/LLB,"Technical Writing,Law,Leadership,Negotiation,Communication","Government Jobs,Law",Patent Attorney,"1 projects, 1 internships",Corporate Lawyer
Undergraduate,Commerce/B.Com,"Data Analytics,Scrum,Economics,Financial Accounting,Time Management","Finance,Government Jobs",Unknown Career,"2 projects, 1 internships",Chartered Accountant
Undergraduate,Law/LLB,"Technical Writing,Communication,Public Speaking,Constitutional Law","Law,Social Impact",Corporate Lawyer,"0 projects, 1 internships",Corporate Lawyer
Undergraduate,Science/B.Sc,"Data Analytics,Statistics,Communication,SQL","Research,Business",Actuarial Analyst,"1 projects, 0 internships",Data Analyst
Undergraduate,Law/LLB,"Constitutional Law,Law,Technical Writing","Social Impact,Government Jobs",Patent Attorney,"2 projects, 1 internships",Corporate Lawyer
Undergraduate,Business/BBA,"SEO,Product Management,Sales,Leadership,Business Strategy,Marketing","Media,Business",Product Manager,"0 projects, 1 internships",Product Manager
Undergraduate,Computer Science,"SQL,CSS,Data Structures",AI/ML,Software Engineer,"0 projects, 1 internships",Software Engineer
Undergraduate,Law/LLB,"Law,Leadership,Technical Writing,Public Speaking",Government Jobs,Public Prosecutor,"1 projects, 0 internships",Corporate Lawyer
Undergraduate,Commerce/B.Com,"Communication,Data Analytics,Scrum",Finance,Investment Banker,"0 projects, 1 internships",Chartered Accountant
Class 12,PCM Stream,"Chemistry Lab,Communication,Python",Defence,Research Scientist,"2 projects, 1 internships",Civil Servant (IAS/IPS)
Undergraduate,Electronics & Communication,"Figma,C++,Docker,Mathematics",Engineering,IoT Systems Architect,"2 projects, 1 internships",Embedded Systems Engineer
Undergraduate,Computer Science,"C++,React,JavaScript,Java,SQL,Algorithms","Technology,AI/ML",Data Scientist,"2 projects, 0 internships",Software Engineer
Class 12,PCM Stream,"Writing,Communication,Python,Physics Lab,Chemistry Lab,Mathematics","Defence,Research,Government Jobs",High School Physics Teacher,"0 projects, 1 internships",Civil Servant (IAS/IPS)
Class 12,PCM Stream,"Mathematics,Writing,Python,Communication",Research,High School Physics Teacher,"0 projects, 1 internships",Civil Servant (IAS/IPS)
Class 12,PCM Stream,"Writing,Mathematics,Communication,Chemistry Lab,Python,Physics Lab",Research,Defense Officer (Army/Navy/Air Force),"1 projects, 0 internships",Civil Servant (IAS/IPS)
Undergraduate,Law/LLB,"Law,Leadership,Communication,Public Speaking,Technical Writing,Negotiation","Social Impact,Law",Patent Attorney,"0 projects, 1 internships",Corporate Lawyer
Undergraduate,Electronics & Communication,"Data Structures,Physics Lab,Docker","Research,Technology,Engineering",VLSI Design Engineer,"0 projects, 1 internships",Embedded Systems Engineer
Undergraduate,Commerce/B.Com,"Problem Solving,SQL,Economics,Data Analytics","Finance,Business,Government Jobs",Chartered Accountant,"1 projects, 1 internships",Chartered Accountant
Undergraduate,Science/B.Sc,"NumPy,Data Visualization,Communication,Pandas",Business,Data Analyst,"0 projects, 0 internships",Data Analyst
Undergraduate,Science/B.Sc,"Data Visualization,SQL,NumPy",Finance,Data Analyst,"1 projects, 0 internships",Data Analyst
Undergraduate,Commerce/B.Com,"Taxation,Economics,Communication,Data Analytics","Finance,Business,Government Jobs",Investment Banker,"1 projects, 1 internships",Chartered Accountant
Undergraduate,Science/B.Sc,"Python,Statistics,SQL,Data Visualization,Pandas","Research,Finance,Technology",Data Scientist,"1 projects, 1 internships",Data Analyst
Undergraduate,Law/LLB,"Leadership,Law,Public Speaking,Negotiation,Legal Writing,Communication","Law,Social Impact,Government Jobs",Patent Attorney,"1 projects, 0 internships",Corporate Lawyer
Undergraduate,Science/B.Sc,"Pandas,Python,Data Visualization,Data Analytics,Communication,Statistics","Finance,Research,Business",Actuarial Analyst,"0 projects, 0 internships",Data Analyst
Undergraduate,Business/BBA,"Communication,Project Management,Public Speaking","Business,Media,Management",Management Consultant,"1 projects, 0 internships",Product Manager
Undergraduate,Business/BBA,"Sales,Marketing,Public Speaking,Project Management,SEO","Business,Management",Marketing Manager,"1 projects, 1 internships",Product Manager
Undergraduate,Computer Science,"Git,JavaScript,HTML,Node.js",Business,DevOps Engineer,"1 projects, 0 internships",Software Engineer
Undergraduate,Electronics & Communication,"AWS,Docker,Data Structures,Figma","Technology,Engineering",Embedded Systems Engineer,"2 projects, 1 internships",Embedded Systems Engineer
Undergraduate,Electronics & Communication,"Python,Linear Algebra,AWS,Mathematics","Technology,Engineering",IoT Systems Architect,"1 projects, 0 internships",Embedded Systems Engineer
Undergraduate,Commerce/B.Com,"Economics,Problem Solving,Scrum,Time Management,Communication,Financial Accounting",Business,Financial Consultant,"2 projects, 0 internships",Chartered Accountant
Undergraduate,Law/LLB,"Communication,Public Speaking,Technical Writing,Constitutional Law,Leadership","Government Jobs,Social Impact",Public Prosecutor,"0 projects, 0 internships",Corporate Lawyer
Undergraduate,Computer Science,"React,SQL,JavaScript,REST APIs,CSS,C++","Technology,AI/ML",Data Scientist,"0 projects, 0 internships",Software Engineer
Undergraduate,Computer Science,"Algorithms,HTML,Node.js,Java,Data Structures,JavaScript","AI/ML,Business",Cloud Architect,"2 projects, 0 internships",Software Engineer
Undergraduate,Law/LLB,"Constitutional Law,Public Speaking,Technical Writing","Law,Government Jobs",Public Prosecutor,"2 projects, 1 internships",Corporate Lawyer
Undergraduate,Law/LLB,"Leadership,Constitutional Law,Legal Writing,Public Speaking","Government Jobs,Social Impact",Corporate Lawyer,"2 projects, 1 internships",Corporate Lawyer
Undergraduate,Business/BBA,"Business Strategy,Communication,Public Speaking,Product Management",Business,Marketing Manager,"0 projects, 0 internships",Product Manager
Class 12,PCM Stream,"Communication,Chemistry Lab,Problem Solving","Research,Government Jobs",Civil Servant (IAS/IPS),"1 projects, 1 internships",Civil Servant (IAS/IPS)
Undergraduate,Commerce/B.Com,"SQL,Problem Solving,Economics",Finance,Financial Consultant,"2 projects, 0 internships",Chartered Accountant
Undergraduate,Business/BBA,"Marketing,SEO,Project Management,Business Strategy,Product Management","Management,Business,Media",Brand Strategist,"2 projects, 0 internships",Product Manager
Undergraduate,Business/BBA,"Public Speaking,Leadership,Communication","Media,Entrepreneurship,Management",Product Manager,"1 projects, 0 internships",Product Manager
Undergraduate,Computer Science,"Java,Node.js,Data Structures,React","Business,AI/ML,Technology",Data Scientist,"2 projects, 1 internships",Software Engineer
Class 12,PCM Stream,"Mathematics,Python,Writing,Chemistry Lab,Communication","Government Jobs,Research,Defence",Defense Officer (Army/Navy/Air Force),"0 projects, 1 internships",Civil Servant (IAS/IPS)
Undergraduate,Commerce/B.Com,"Problem Solving,Time Management,SQL,Taxation,Economics","Finance,Business",Investment Banker,"1 projects, 0 internships",Chartered Accountant
Undergraduate,Law/LLB,"Public Speaking,Leadership,Technical Writing,Law,Legal Writing,Constitutional Law","Law,Social Impact,Government Jobs",Public Prosecutor,"2 projects, 0 internships",Corporate Lawyer
Undergraduate,Business/BBA,"Public Speaking,Project Management,Sales,SEO,Product Management","Business,Media",Management Consultant,"1 projects, 1 internships",Product Manager
Undergraduate,Electronics & Communication,"Figma,Docker,Linear Algebra,Mathematics","Research,Engineering,Technology",Network Security Engineer,"0 projects, 1 internships",Embedded Systems Engineer
Undergraduate,Business/BBA,"Project Management,Leadership,Public Speaking,Business Strategy,Product Management","Entrepreneurship,Media",Marketing Manager,"0 projects, 1 internships",Product Manager
Undergraduate,Business/BBA,"Marketing,Public Speaking,Product Management",Entrepreneurship,Product Manager,"1 projects, 1 internships",Product Manager
Undergraduate,Business/BBA,"SEO,Business Strategy,Communication,Project Management",Entrepreneurship,Management Consultant,"0 projects, 1 internships",Product Manager
Undergraduate,Computer Science,"Java,Data Structures,Algorithms,CSS,HTML",AI/ML,DevOps Engineer,"1 projects, 0 internships",Software Engineer
Undergraduate,Law/LLB,"Public Speaking,Communication,Technical Writing","Social Impact,Law,Government Jobs",Criminal Defense Lawyer,"2 projects, 1 internships",Corporate Lawyer
Undergraduate,Electronics & Communication,"Figma,Kubernetes,C++,Mathematics,Physics Lab,Docker","Research,Technology,Engineering",IoT Systems Architect,"1 projects, 1 internships",Embedded Systems Engineer
Undergraduate,Business/BBA,"Business Strategy,SEO,Communication",Entrepreneurship,Management Consultant,"2 projects, 1 internships",Product Manager
Undergraduate,Commerce/B.Com,"Financial Accounting,Scrum,Problem Solving,Communication,SQL","Government Jobs,Finance",Unknown Career,"1 projects, 1 internships",Chartered Accountant
Undergraduate,Law/LLB,"Communication,Constitutional Law,Public Speaking,Technical Writing","Social Impact,Law,Government Jobs",Patent Attorney,"0 projects, 1 internships",Corporate Lawyer
Undergraduate,Computer Science,"Node.js,Data Structures,REST APIs,HTML,React,JavaScript","Technology,AI/ML",Data Scientist,"2 projects, 0 internships",Software Engineer
Undergraduate,Science/B.Sc,"Python,NumPy,Data Visualization,Pandas",Research,Data Scientist,"1 projects, 1 internships",Data Analyst
Class 12,PCM Stream,"Python,Mathematics,Chemistry Lab",Defence,Civil Servant (IAS/IPS),"1 projects, 1 internships",Civil Servant (IAS/IPS)
Undergraduate,Law/LLB,"Communication,Constitutional Law,Negotiation,Technical Writing",Law,Criminal Defense Lawyer,"0 projects, 0 internships",Corporate Lawyer
Undergraduate,Electronics & Communication,"Figma,Mathematics,C++,Python",Research,IoT Systems Architect,"0 projects, 1 internships",Embedded Systems Engineer
Undergraduate,Commerce/B.Com,"Taxation,Economics,Scrum,SQL,Time Management","Finance,Business,Government Jobs",Unknown Career,"1 projects, 0 internships",Chartered Accountant
Undergraduate,Law/LLB,"Communication,Law,Legal Writing,Technical Writing,Leadership","Law,Government Jobs,Social Impact",Patent Attorney,"2 projects, 0 internships",Corporate Lawyer
Undergraduate,Business/BBA,"SEO,Product Management,Sales","Media,Business,Management",Marketing Manager,"2 projects, 0 internships",Product Manager
Undergraduate,Commerce/B.Com,"Taxation,Economics,Problem Solving,Time Management","Government Jobs,Finance,Business",Chartered Accountant,"2 projects, 0 internships",Chartered Accountant
Undergraduate,Commerce/B.Com,"Scrum,Economics,Problem Solving","Finance,Government Jobs,Business",Unknown Career,"0 projects, 1 internships",Chartered Accountant
Undergraduate,Law/LLB,"Constitutional Law,Communication,Technical Writing","Social Impact,Government Jobs",Patent Attorney,"2 projects, 1 internships",Corporate Lawyer
Class 12,PCM Stream,"Python,Physics Lab,Communication","Engineering,Government Jobs",High School Physics Teacher,"2 projects, 0 internships",Civil Servant (IAS/IPS)
Undergraduate,Science/B.Sc,"Data Visualization,Communication,SQL,NumPy,Data Analytics,Statistics","Technology,Research",Data Analyst,"2 projects, 0 internships",Data Analyst
Undergraduate,Law/LLB,"Negotiation,Law,Legal Writing,Technical Writing,Public Speaking,Leadership","Government Jobs,Law,Social Impact",Patent Attorney,"1 projects, 0 internships",Corporate Lawyer
Undergraduate,Business/BBA,"Public Speaking,SEO,Sales","Business,Entrepreneurship,Management",Management Consultant,"2 projects, 1 internships",Product Manager
Undergraduate,Electronics & Communication,"Figma,C++,Docker","Technology,Engineering,Research",Embedded Systems Engineer,"2 projects, 0 internships",Embedded Systems Engineer
Undergraduate,Commerce/B.Com,"Time Management,Communication,Financial Accounting,Problem Solving,SQL",Government Jobs,Investment Banker,"2 projects, 0 internships",Chartered Accountant
Class 12,PCM Stream,"Python,Physics Lab,Writing,Communication,Mathematics,Problem Solving","Engineering,Research",Defense Officer (Army/Navy/Air Force),"2 projects, 0 internships",Civil Servant (IAS/IPS)
Undergraduate,Law/LLB,"Negotiation,Constitutional Law,Legal Writing","Government Jobs,Law",Public Prosecutor,"0 projects, 1 internships",Corporate Lawyer
Undergraduate,Science/B.Sc,"Mathematics,Communication,SQL,Pandas,Python","Business,Research",Data Analyst,"1 projects, 0 internships",Data Analyst
Class 12,PCM Stream,"Writing,Physics Lab,Communication,Problem Solving,Mathematics","Defence,Research",Defense Officer (Army/Navy/Air Force),"0 projects, 1 internships",Civil Servant (IAS/IPS)
Undergraduate,Computer Science,"Java,JavaScript,REST APIs","Technology,AI/ML,Business",Cloud Architect,"0 projects, 0 internships",Software Engineer
Undergraduate,Science/B.Sc,"Pandas,Mathematics,Data Visualization,Data Analytics,NumPy","Business,Technology",Actuarial Analyst,"1 projects, 1 internships",Data Analyst
Undergraduate,Commerce/B.Com,"Scrum,Time Management,Problem Solving,SQL,Economics,Financial Accounting","Government Jobs,Business,Finance",Chartered Accountant,"2 projects, 1 internships",Chartered Accountant
Undergraduate,Electronics & Communication,"Physics Lab,Kubernetes,Linear Algebra,Python,Figma","Research,Technology,Engineering",IoT Systems Architect,"1 projects, 0 internships",Embedded Systems Engineer
Undergraduate,Business/BBA,"SEO,Product Management,Communication,Business Strategy",Entrepreneurship,Brand Strategist,"1 projects, 1 internships",Product Manager
Undergraduate,Commerce/B.Com,"Scrum,SQL,Problem Solving","Government Jobs,Finance,Business",Financial Consultant,"1 projects, 1 internships",Chartered Accountant
Undergraduate,Commerce/B.Com,"Taxation,Problem Solving,Financial Accounting,SQL",Business,Investment Banker,"1 projects, 1 internships",Chartered Accountant
Undergraduate,Business/BBA,"Marketing,Product Management,Public Speaking,Leadership,Communication","Entrepreneurship,Media",Product Manager,"1 projects, 0 internships",Product Manager
Class 12,PCM Stream,"Communication,Chemistry Lab,Python,Physics Lab","Defence,Government Jobs,Engineering",Civil Servant (IAS/IPS),"0 projects, 0 internships",Civil Servant (IAS/IPS)
Undergraduate,Electronics & Communication,"Kubernetes,Figma,Linear Algebra",Engineering,VLSI Design Engineer,"2 projects, 0 internships",Embedded Systems Engineer
Undergraduate,Science/B.Sc,"Communication,SQL,Python,Data Analytics,Data Visualization","Technology,Research",Actuarial Analyst,"1 projects, 0 internships",Data Analyst
Class 12,PCM Stream,"Problem Solving,Writing,Python,Communication",Defence,Civil Servant (IAS/IPS),"0 projects, 1 internships",Civil Servant (IAS/IPS)
Class 12,PCM Stream,"Problem Solving,Python,Communication,Mathematics,Chemistry Lab","Engineering,Government Jobs",Defense Officer (Army/Navy/Air Force),"2 projects, 1 internships",Civil Servant (IAS/IPS)
Undergraduate,Commerce/B.Com,"SQL,Scrum,Data Analytics,Problem Solving",Finance,Chartered Accountant,"2 projects, 0 internships",Chartered Accountant
Undergraduate,Electronics & Communication,"Data Structures,Python,Kubernetes,Linear Algebra","Technology,Research,Engineering",Embedded Systems Engineer,"0 projects, 0 internships",Embedded Systems Engineer
Class 12,PCM Stream,"Writing,Chemistry Lab,Problem Solving,Mathematics,Communication,Python","Government Jobs,Research",High School Physics Teacher,"0 projects, 1 internships",Civil Servant (IAS/IPS)
Undergraduate,Computer Science,"Node.js,HTML,JavaScript","Technology,AI/ML",AI/ML Engineer,"2 projects, 1 internships",Software Engineer
Undergraduate,Business/BBA,"Communication,Project Management,Leadership,Business Strategy",Entrepreneurship,Product Manager,"1 projects, 1 internships",Product Manager
Undergraduate,Computer Science,"Git,HTML,Python,React,REST APIs","Technology,Business,AI/ML",Software Engineer,"0 projects, 0 internships",Software Engineer
Undergraduate,Law/LLB,"Legal Writing,Law,Leadership",Social Impact,Criminal Defense Lawyer,"1 projects, 0 internships",Corporate Lawyer
Undergraduate,Science/B.Sc,"Data Analytics,SQL,Python,NumPy,Mathematics,Pandas",Technology,Actuarial Analyst,"1 projects, 0 internships",Data Analyst
Undergraduate,Commerce/B.Com,"Communication,Data Analytics,Taxation,SQL",Finance,Chartered Accountant,"2 projects, 0 internships",Chartered Accountant
Undergraduate,Commerce/B.Com,"SQL,Taxation,Time Management,Problem Solving,Scrum","Finance,Government Jobs",Unknown Career,"1 projects, 1 internships",Chartered Accountant
Undergraduate,Law/LLB,"Technical Writing,Law,Communication,Constitutional Law","Government Jobs,Social Impact",Corporate Lawyer,"0 projects, 0 internships",Corporate Lawyer
Undergraduate,Computer Science,"Python,Git,SQL,Node.js",Technology,Software Engineer,"0 projects, 0 internships",Software Engineer
Undergraduate,Science/B.Sc,"Data Visualization,Python,Mathematics,NumPy","Technology,Research,Business",Data Analyst,"0 projects, 0 internships",Data Analyst
Class 12,PCM Stream,"Chemistry Lab,Writing,Communication,Python,Mathematics,Physics Lab",Engineering,High School Physics Teacher,"1 projects, 1 internships",Civil Servant (IAS/IPS)
Class 12,PCM Stream,"Mathematics,Problem Solving,Chemistry Lab,Python",Research,Research Scientist,"1 projects, 0 internships",Civil Servant (IAS/IPS)
Undergraduate,Science/B.Sc,"Data Analytics,Communication,Mathematics",Research,Data Scientist,"1 projects, 1 internships",Data Analyst
Undergraduate,Science/B.Sc,"SQL,Communication,Python,Mathematics,Pandas,Data Analytics","Research,Finance,Technology",Data Scientist,"0 projects, 1 internships",Data Analyst
Undergraduate,Law/LLB,"Leadership,Negotiation,Communication,Public Speaking,Law,Constitutional Law",Law,Corporate Lawyer,"2 projects, 1 internships",Corporate Lawyer
Undergraduate,Computer Science,"Algorithms,JavaScript,Python","Business,AI/ML,Technology",DevOps Engineer,"0 projects, 0 internships",Software Engineer
Undergraduate,Electronics & Communication,"Physics Lab,Linear Algebra,AWS,Docker,Data Structures","Technology,Research",VLSI Design Engineer,"0 projects, 0 internships",Embedded Systems Engineer
Undergraduate,Science/B.Sc,"Data Visualization,SQL,Data Analytics","Research,Technology,Finance",Actuarial Analyst,"2 projects, 0 internships",Data Analyst
Undergraduate,Computer Science,"Java,JavaScript,Algorithms","Technology,AI/ML",Software Engineer,"0 projects, 0 internships",Software Engineer
Class 12,PCM Stream,"Communication,Mathematics,Chemistry Lab,Writing,Physics Lab,Python","Engineering,Research,Government Jobs",High School Physics Teacher,"2 projects, 0 internships",Civil Servant (IAS/IPS)
Undergraduate,Science/B.Sc,"Pandas,Data Visualization,Data Analytics",Research,Financial Risk Analyst,"1 projects, 1 internships",Data Analyst
Undergraduate,Science/B.Sc,"Data Analytics,Statistics,Pandas,NumPy,SQL,Communication","Business,Finance",Data Scientist,"2 projects, 1 internships",Data Analyst
Undergraduate,Commerce/B.Com,"Data Analytics,Problem Solving,Scrum,Communication,Taxation","Finance,Government Jobs,Business",Chartered Accountant,"0 projects, 0 internships",Chartered Accountant
Undergraduate,Science/B.Sc,"NumPy,Mathematics,Python,Communication","Finance,Technology,Research",Data Scientist,"2 projects, 0 internships",Data Analyst
Class 12,PCM Stream,"Problem Solving,Mathematics,Physics Lab,Chemistry Lab,Python,Communication",Engineering,Research Scientist,"1 projects, 0 internships",Civil Servant (IAS/IPS)
Undergraduate,Computer Science,"Java,Python,CSS,REST APIs,Node.js",AI/ML,AI/ML Engineer,"2 projects, 0 internships",Software Engineer
Undergraduate,Electronics & Communication,"Mathematics,Docker,C++,Python",Research,VLSI Design Engineer,"0 projects, 1 internships",Embedded Systems Engineer
Undergraduate,Commerce/B.Com,"Taxation,SQL,Data Analytics,Financial Accounting,Time Management","Business,Government Jobs",Financial Consultant,"0 projects, 0 internships",Chartered Accountant
Undergraduate,Law/LLB,"Technical Writing,Leadership,Negotiation,Communication,Law","Law,Social Impact,Government Jobs",Public Prosecutor,"2 projects, 1 internships",Corporate Lawyer
Undergraduate,Business/BBA,"Project Management,Business Strategy,Leadership,Sales,Communication","Entrepreneurship,Business,Media",Product Manager,"1 projects, 0 internships",Product Manager
Undergraduate,Law/LLB,"Negotiation,Public Speaking,Constitutional Law,Communication",Government Jobs,Criminal Defense Lawyer,"1 projects, 1 internships",Corporate Lawyer
Undergraduate,Law/LLB,"Constitutional Law,Technical Writing,Public Speaking,Negotiation,Law","Social Impact,Government Jobs",Corporate Lawyer,"0 projects, 1 internships",Corporate Lawyer
Undergraduate,Science/B.Sc,"NumPy,Communication,Data Analytics,Data Visualization",Finance,Actuarial Analyst,"2 projects, 0 internships",Data Analyst
Undergraduate,Electronics & Communication,"Data Structures,Python,Docker,Physics Lab,Kubernetes,AWS",Technology,Network Security Engineer,"2 projects, 0 internships",Embedded Systems Engineer
Undergraduate,Electronics & Communication,"Kubernetes,Mathematics,C++","Technology,Engineering",VLSI Design Engineer,"2 projects, 1 internships",Embedded Systems Engineer
Undergraduate,Law/LLB,"Leadership,Communication,Legal Writing",Government Jobs,Patent Attorney,"0 projects, 0 internships",Corporate Lawyer
Undergraduate,Computer Science,"Algorithms,SQL,C++,Java,React,Python",Business,Cloud Architect,"2 projects, 0 internships",Software Engineer
Undergraduate,Law/LLB,"Constitutional Law,Public Speaking,Communication,Technical Writing,Law,Legal Writing","Social Impact,Government Jobs,Law",Public Prosecutor,"2 projects, 0 internships",Corporate Lawyer
Undergraduate,Business/BBA,"Communication,SEO,Public Speaking,Marketing","Media,Management",Brand Strategist,"2 projects, 1 internships",Product Manager
Undergraduate,Business/BBA,"Product Management,Project Management,Business Strategy,Communication,SEO,Leadership","Media,Management,Business",Brand Strategist,"1 projects, 0 internships",Product Manager
Undergraduate,Business/BBA,"Public Speaking,Project Management,SEO,Business Strategy,Marketing","Media,Entrepreneurship,Management",Product Manager,"1 projects, 0 internships",Product Manager
Undergraduate,Science/B.Sc,"Python,Statistics,Pandas",Finance,Actuarial Analyst,"1 projects, 0 internships",Data Analyst
Undergraduate,Computer Science,"HTML,Node.js,Git",AI/ML,AI/ML Engineer,"0 projects, 1 internships",Software Engineer
Undergraduate,Computer Science,"Git,Python,REST APIs,Node.js",Technology,Software Engineer,"1 projects, 1 internships",Software Engineer
Undergraduate,Science/B.Sc,"Data Analytics,SQL,Mathematics","Finance,Research,Business",Data Scientist,"2 projects, 0 internships",Data Analyst
Undergraduate,Electronics & Communication,"AWS,Mathematics,C++","Engineering,Technology,Research",Embedded Systems Engineer,"2 projects, 0 internships",Embedded Systems Engineer
Undergraduate,Electronics & Communication,"Linear Algebra,Kubernetes,Mathematics,AWS,Figma","Technology,Research",IoT Systems Architect,"2 projects, 0 internships",Embedded Systems Engineer
Undergraduate,Business/BBA,"Business Strategy,Sales,Marketing,Project Management,Product Management,Leadership","Entrepreneurship,Media,Management",Brand Strategist,"2 projects, 0 internships",Product Manager
Undergraduate,Commerce/B.Com,"Communication,Scrum,Economics,SQL","Government Jobs,Finance,Business",Unknown Career,"2 projects, 1 internships",Chartered Accountant
Undergraduate,Electronics & Communication,"Physics Lab,C++,AWS,Docker,Figma",Technology,Network Security Engineer,"0 projects, 1 internships",Embedded Systems Engineer
Undergraduate,Law/LLB,"Constitutional Law,Leadership,Law,Negotiation","Law,Government Jobs",Public Prosecutor,"2 projects, 1 internships",Corporate Lawyer
Undergraduate,Law/LLB,"Communication,Leadership,Law,Technical Writing","Government Jobs,Law",Corporate Lawyer,"1 projects, 0 internships",Corporate Lawyer
Undergraduate,Commerce/B.Com,"Taxation,Economics,Time Management,SQL,Financial Accounting",Business,Unknown Career,"1 projects, 1 internships",Chartered Accountant
Undergraduate,Science/B.Sc,"SQL,Pandas,Mathematics,Data Visualization,Data Analytics","Business,Research,Finance",Actuarial Analyst,"1 projects, 1 internships",Data Analyst
Undergraduate,Computer Science,"C++,REST APIs,Java",Technology,Software Engineer,"0 projects, 1 internships",Software Engineer
Undergraduate,Business/BBA,"SEO,Marketing,Public Speaking,Project Management","Media,Management,Business",Management Consultant,"1 projects, 0 internships",Product Manager
Class 12,PCM Stream,"Writing,Communication,Python,Mathematics",Defence,High School Physics Teacher,"1 projects, 1 internships",Civil Servant (IAS/IPS)
Undergraduate,Commerce/B.Com,"Financial Accounting,Communication,Taxation","Finance,Business",Chartered Accountant,"2 projects, 0 internships",Chartered Accountant
Undergraduate,Electronics & Communication,"Kubernetes,Figma,Physics Lab,Python,AWS","Research,Technology,Engineering",Network Security Engineer,"0 projects, 0 internships",Embedded Systems Engineer
Undergraduate,Science/B.Sc,"Python,Data Analytics,NumPy,Statistics,Communication",Business,Data Scientist,"0 projects, 0 internships",Data Analyst
Undergraduate,Science/B.Sc,"Mathematics,NumPy,Data Analytics,Pandas",Technology,Data Scientist,"0 projects, 0 internships",Data Analyst
Undergraduate,Science/B.Sc,"NumPy,Python,Communication,Data Analytics","Research,Business,Finance",Financial Risk Analyst,"2 projects, 1 internships",Data Analyst
Undergraduate,Commerce/B.Com,"Communication,Economics,Data Analytics",Government Jobs,Chartered Accountant,"0 projects, 0 internships",Chartered Accountant
Undergraduate,Electronics & Communication,"C++,AWS,Mathematics",Engineering,Embedded Systems Engineer,"2 projects, 1 internships",Embedded Systems Engineer
Undergraduate,Business/BBA,"Business Strategy,Sales,Marketing,Public Speaking,Communication",Management,Marketing Manager,"2 projects, 1 internships",Product Manager
Undergraduate,Science/B.Sc,"Python,Communication,SQL","Research,Technology",Actuarial Analyst,"2 projects, 1 internships",Data Analyst
Undergraduate,Science/B.Sc,"Pandas,Communication,Mathematics,Data Analytics,SQL","Finance,Business",Data Scientist,"1 projects, 0 internships",Data Analyst
Undergraduate,Business/BBA,"Public Speaking,Communication,Sales,Product Management,SEO,Business Strategy",Entrepreneurship,Marketing Manager,"1 projects, 1 internships",Product Manager
Undergraduate,Business/BBA,"Product Management,SEO,Leadership,Sales,Marketing",Entrepreneurship,Brand Strategist,"0 projects, 1 internships",Product Manager
Undergraduate,Law/LLB,"Leadership,Law,Technical Writing,Negotiation,Communication","Law,Government Jobs",Patent Attorney,"2 projects, 1 internships",Corporate Lawyer
Undergraduate,Business/BBA,"Sales,Marketing,Public Speaking,Business Strategy,Product Management,Leadership",Entrepreneurship,Management Consultant,"2 projects, 0 internships",Product Manager
Undergraduate,Science/B.Sc,"SQL,Pandas,Mathematics","Technology,Finance",Financial Risk Analyst,"0 projects, 0 internships",Data Analyst
Undergraduate,Science/B.Sc,"Data Visualization,SQL,Pandas,Communication,Statistics",Finance,Financial Risk Analyst,"0 projects, 0 internships",Data Analyst
Undergraduate,Law/LLB,"Technical Writing,Leadership,Negotiation,Legal Writing,Constitutional Law,Public Speaking","Law,Social Impact",Corporate Lawyer,"1 projects, 0 internships",Corporate Lawyer
Class 12,PCM Stream,"Problem Solving,Physics Lab,Mathematics",Engineering,Research Scientist,"1 projects, 0 internships",Civil Servant (IAS/IPS)
Undergraduate,Electronics & Communication,"Physics Lab,Kubernetes,Figma,AWS,Data Structures","Research,Engineering",Embedded Systems Engineer,"0 projects, 1 internships",Embedded Systems Engineer
Undergraduate,Science/B.Sc,"Communication,Python,Mathematics,NumPy","Business,Research,Technology",Financial Risk Analyst,"1 projects, 0 internships",Data Analyst
Class 12,PCM Stream,"Chemistry Lab,Communication,Writing","Research,Defence",Research Scientist,"0 projects, 1 internships",Civil Servant (IAS/IPS)
Class 12,PCM Stream,"Problem Solving,Chemistry Lab,Communication,Mathematics,Python,Physics Lab",Research,High School Physics Teacher,"2 projects, 0 internships",Civil Servant (IAS/IPS)
Undergraduate,Computer Science,"JavaScript,Algorithms,C++,CSS,Java,React","AI/ML,Business",Data Scientist,"0 projects, 1 internships",Software Engineer
Undergraduate,Electronics & Communication,"C++,Data Structures,AWS",Research,VLSI Design Engineer,"2 projects, 1 internships",Embedded Systems Engineer
Class 12,PCM Stream,"Physics Lab,Python,Problem Solving","Engineering,Research",Defense Officer (Army/Navy/Air Force),"1 projects, 0 internships",Civil Servant (IAS/IPS)
Undergraduate,Electronics & Communication,"Python,C++,Kubernetes","Technology,Engineering",Network Security Engineer,"0 projects, 0 internships",Embedded Systems Engineer
Undergraduate,Electronics & Communication,"Figma,Python,Kubernetes,Data Structures","Engineering,Technology,Research",Embedded Systems Engineer,"2 projects, 0 internships",Embedded Systems Engineer
Undergraduate,Science/B.Sc,"Pandas,SQL,Data Visualization,Communication,Mathematics","Finance,Research,Technology",Data Analyst,"1 projects, 1 internships",Data Analyst
Undergraduate,Electronics & Communication,"C++,Python,Physics Lab,Data Structures","Engineering,Research,Technology",VLSI Design Engineer,"0 projects, 1 internships",Embedded Systems Engineer
Undergraduate,Science/B.Sc,"Statistics,Communication,Python",Research,Financial Risk Analyst,"1 projects, 1 internships",Data Analyst
Undergraduate,Electronics & Communication,"Data Structures,Docker,Physics Lab,Kubernetes","Research,Technology",Network Security Engineer,"0 projects, 0 internships",Embedded Systems Engineer
Undergraduate,Electronics & Communication,"AWS,C++,Figma,Physics Lab,Data Structures,Python","Research,Engineering,Technology",Network Security Engineer,"1 projects, 1 internships",Embedded Systems Engineer
Undergraduate,Business/BBA,"Leadership,Project Management,Sales","Entrepreneurship,Media",Management Consultant,"1 projects, 1 internships",Product Manager
Undergraduate,Commerce/B.Com,"Financial Accounting,Communication,Time Management,Economics","Business,Government Jobs,Finance",Unknown Career,"1 projects, 1 internships",Chartered Accountant
Undergraduate,Commerce/B.Com,"Communication,Financial Accounting,SQL,Taxation",Business,Unknown Career,"0 projects, 1 internships",Chartered Accountant
Undergraduate,Law/LLB,"Communication,Legal Writing,Law,Public Speaking","Law,Government Jobs",Patent Attorney,"2 projects, 0 internships",Corporate Lawyer
Undergraduate,Commerce/B.Com,"Scrum,Taxation,Problem Solving,Financial Accounting,Communication,Economics",Government Jobs,Chartered Accountant,"1 projects, 1 internships",Chartered Accountant
Undergraduate,Law/LLB,"Technical Writing,Leadership,Communication,Constitutional Law,Public Speaking","Social Impact,Law",Criminal Defense Lawyer,"1 projects, 0 internships",Corporate Lawyer
Undergraduate,Computer Science,"React,Git,JavaScript,Node.js","Business,Technology",Data Scientist,"1 projects, 1 internships",Software Engineer
Undergraduate,Law/LLB,"Technical Writing,Leadership,Negotiation,Public Speaking,Constitutional Law","Social Impact,Law",Criminal Defense Lawyer,"1 projects, 0 internships",Corporate Lawyer
Undergraduate,Commerce/B.Com,"SQL,Time Management,Communication,Problem Solving","Government Jobs,Business,Finance",Chartered Accountant,"1 projects, 1 internships",Chartered Accountant
Class 12,PCM Stream,"Problem Solving,Communication,Physics Lab","Engineering,Research,Defence",Civil Servant (IAS/IPS),"0 projects, 0 internships",Civil Servant (IAS/IPS)
Undergraduate,Computer Science,"HTML,React,C++,Git,Node.js","AI/ML,Business,Technology",DevOps Engineer,"1 projects, 0 internships",Software Engineer
Undergraduate,Computer Science,"REST APIs,Java,C++",Technology,AI/ML Engineer,"1 projects, 1 internships",Software Engineer
Undergraduate,Computer Science,"Java,React,SQL,Node.js","Technology,Business",Cloud Architect,"1 projects, 0 internships",Software Engineer
Undergraduate,Science/B.Sc,"Pandas,SQL,Mathematics,NumPy","Research,Business",Actuarial Analyst,"0 projects, 1 internships",Data Analyst
Class 12,PCM Stream,"Writing,Communication,Physics Lab,Mathematics,Chemistry Lab","Government Jobs,Defence,Research",Defense Officer (Army/Navy/Air Force),"1 projects, 0 internships",Civil Servant (IAS/IPS)
Class 12,PCM Stream,"Python,Mathematics,Physics Lab,Writing,Chemistry Lab,Communication",Research,Civil Servant (IAS/IPS),"0 projects, 0 internships",Civil Servant (IAS/IPS)
Undergraduate,Commerce/B.Com,"SQL,Communication,Time Management,Data Analytics,Financial Accounting",Business,Unknown Career,"2 projects, 1 internships",Chartered Accountant
Undergraduate,Computer Science,"Data Structures,JavaScript,Algorithms,HTML,Node.js,Java","Technology,AI/ML,Business",Data Scientist,"1 projects, 1 internships",Software Engineer
Undergraduate,Computer Science,"Data Structures,CSS,Java,REST APIs,Algorithms,HTML","Technology,Business,AI/ML",Software Engineer,"2 projects, 0 internships",Software Engineer
Class 12,PCM Stream,"Communication,Physics Lab,Chemistry Lab",Research,High School Physics Teacher,"0 projects, 1 internships",Civil Servant (IAS/IPS)
Class 12,PCM Stream,"Problem Solving,Mathematics,Chemistry Lab,Python,Physics Lab,Writing","Engineering,Defence,Government Jobs",Defense Officer (Army/Navy/Air Force),"0 projects, 1 internships",Civil Servant (IAS/IPS)
Class 12,PCM Stream,"Writing,Physics Lab,Mathematics,Chemistry Lab,Problem Solving","Defence,Research,Engineering",Research Scientist,"0 projects, 0 internships",Civil Servant (IAS/IPS)
Undergraduate,Business/BBA,"Product Management,Public Speaking,Business Strategy,Leadership,SEO","Business,Entrepreneurship",Brand Strategist,"0 projects, 0 internships",Product Manager
Undergraduate,Law/LLB,"Leadership,Constitutional Law,Communication,Technical Writing","Social Impact,Government Jobs,Law",Public Prosecutor,"1 projects, 0 internships",Corporate Lawyer
Undergraduate,Electronics & Communication,"Linear Algebra,Python,C++,Physics Lab,Docker",Technology,Embedded Systems Engineer,"1 projects, 1 internships",Embedded Systems Engineer
Undergraduate,Business/BBA,"Public Speaking,Leadership,Communication,SEO",Entrepreneurship,Marketing Manager,"1 projects, 1 internships",Product Manager
Undergraduate,Commerce/B.Com,"Taxation,Data Analytics,Time Management","Business,Government Jobs",Chartered Accountant,"0 projects, 1 internships",Chartered Accountant
Undergraduate,Computer Science,"Git,JavaScript,CSS","Technology,Business,AI/ML",AI/ML Engineer,"1 projects, 0 internships",Software Engineer
Undergraduate,Electronics & Communication,"Data Structures,Kubernetes,Physics Lab,Figma","Engineering,Research",VLSI Design Engineer,"1 projects, 1 internships",Embedded Systems Engineer
Undergraduate,Electronics & Communication,"Docker,C++,AWS,Python,Mathematics,Data Structures","Technology,Engineering,Research",IoT Systems Architect,"2 projects, 1 internships",Embedded Systems Engineer
Undergraduate,Electronics & Communication,"Python,Kubernetes,C++,AWS,Figma",Research,Embedded Systems Engineer,"0 projects, 0 internships",Embedded Systems Engineer
Undergraduate,Business/BBA,"Project Management,Communication,Sales,Business Strategy,Marketing","Management,Business,Entrepreneurship",Brand Strategist,"2 projects, 1 internships",Product Manager
Undergraduate,Science/B.Sc,"Pandas,Mathematics,Statistics",Business,Financial Risk Analyst,"1 projects, 1 internships",Data Analyst
Undergraduate,Science/B.Sc,"SQL,Data Analytics,Communication,Pandas",Technology,Financial Risk Analyst,"2 projects, 1 internships",Data Analyst
Undergraduate,Science/B.Sc,"NumPy,Mathematics,SQL,Pandas,Python","Business,Research",Data Scientist,"0 projects, 0 internships",Data Analyst
Undergraduate,Business/BBA,"Marketing,Business Strategy,Project Management,Public Speaking,SEO","Media,Management,Entrepreneurship",Management Consultant,"0 projects, 1 internships",Product Manager
Class 12,PCM Stream,"Chemistry Lab,Physics Lab,Python",Defence,Defense Officer (Army/Navy/Air Force),"1 projects, 0 internships",Civil Servant (IAS/IPS)
Undergraduate,Business/BBA,"Communication,Product Management,Leadership","Entrepreneurship,Management",Marketing Manager,"0 projects, 0 internships",Product Manager
Undergraduate,Computer Science,"Git,Java,REST APIs",Technology,AI/ML Engineer,"0 projects, 0 internships",Software Engineer
Undergraduate,Electronics & Communication,"C++,Data Structures,Physics Lab",Research,VLSI Design Engineer,"2 projects, 1 internships",Embedded Systems Engineer
Undergraduate,Science/B.Sc,"SQL,Python,Pandas,Communication,Statistics","Technology,Finance,Business",Data Analyst,"1 projects, 0 internships",Data Analyst
Undergraduate,Electronics & Communication,"Mathematics,C++,Linear Algebra",Engineering,Network Security Engineer,"0 projects, 1 internships",Embedded Systems Engineer
Undergraduate,Law/LLB,"Communication,Law,Leadership,Public Speaking","Law,Social Impact,Government Jobs",Corporate Lawyer,"2 projects, 1 internships",Corporate Lawyer
Undergraduate,Electronics & Communication,"Docker,Data Structures,Mathematics","Engineering,Research,Technology",VLSI Design Engineer,"0 projects, 0 internships",Embedded Systems Engineer
Undergraduate,Commerce/B.Com,"Communication,Scrum,Financial Accounting,Problem Solving","Finance,Business,Government Jobs",Financial Consultant,"2 projects, 1 internships",Chartered Accountant
Undergraduate,Law/LLB,"Public Speaking,Legal Writing,Constitutional Law",Government Jobs,Public Prosecutor,"2 projects, 0 internships",Corporate Lawyer
Class 12,PCM Stream,"Python,Communication,Writing,Chemistry Lab,Physics Lab,Problem Solving","Research,Defence,Government Jobs",High School Physics Teacher,"0 projects, 1 internships",Civil Servant (IAS/IPS)
Undergraduate,Electronics & Communication,"Mathematics,C++,AWS,Python",Research,VLSI Design Engineer,"1 projects, 0 internships",Embedded Systems Engineer
Undergraduate,Electronics & Communication,"Linear Algebra,Physics Lab,AWS,Kubernetes,Docker,Python","Engineering,Research",Network Security Engineer,"1 projects, 0 internships",Embedded Systems Engineer
Undergraduate,Commerce/B.Com,"Economics,SQL,Data Analytics","Government Jobs,Business,Finance",Unknown Career,"0 projects, 0 internships",Chartered Accountant
Undergraduate,Commerce/B.Com,"Time Management,Communication,Financial Accounting,Problem Solving","Business,Government Jobs",Unknown Career,"0 projects, 1 internships",Chartered Accountant
Undergraduate,Electronics & Communication,"Figma,Physics Lab,Python,Linear Algebra,Kubernetes","Research,Engineering",VLSI Design Engineer,"1 projects, 1 internships",Embedded Systems Engineer
Undergraduate,Computer Science,"SQL,Git,REST APIs",AI/ML,Cloud Architect,"0 projects, 0 internships",Software Engineer
Undergraduate,Electronics & Communication,"Linear Algebra,Figma,Mathematics,Data Structures,C++,Docker","Technology,Engineering,Research",VLSI Design Engineer,"2 projects, 0 internships",Embedded Systems Engineer
Undergraduate,Science/B.Sc,"Statistics,Communication,Mathematics,Data Analytics,NumPy,SQL","Business,Technology,Research",Financial Risk Analyst,"0 projects, 0 internships",Data Analyst
Undergraduate,Science/B.Sc,"NumPy,SQL,Communication","Finance,Technology,Research",Actuarial Analyst,"2 projects, 1 internships",Data Analyst
Undergraduate,Commerce/B.Com,"Scrum,Economics,Time Management,Taxation","Finance,Government Jobs",Chartered Accountant,"2 projects, 0 internships",Chartered Accountant
Undergraduate,Science/B.Sc,"Communication,SQL,Data Visualization","Research,Finance",Financial Risk Analyst,"2 projects, 1 internships",Data Analyst
Undergraduate,Business/BBA,"Product Management,Marketing,Public Speaking","Business,Management",Marketing Manager,"2 projects, 1 internships",Product Manager
Undergraduate,Electronics & Communication,"Physics Lab,Docker,Figma,Data Structures",Engineering,Embedded Systems Engineer,"0 projects, 1 internships",Embedded Systems Engineer
Undergraduate,Business/BBA,"Public Speaking,Project Management,Business Strategy,Sales,Marketing,Communication",Business,Product Manager,"1 projects, 0 internships",Product Manager
Undergraduate,Business/BBA,"Sales,Project Management,Product Management,Business Strategy,Marketing",Business,Product Manager,"0 projects, 1 internships",Product Manager
Undergraduate,Commerce/B.Com,"Time Management,Economics,SQL,Financial Accounting,Communication,Data Analytics",Business,Financial Consultant,"0 projects, 1 internships",Chartered Accountant
Undergraduate,Law/LLB,"Constitutional Law,Negotiation,Leadership",Government Jobs,Corporate Lawyer,"2 projects, 0 internships",Corporate Lawyer
Class 12,PCM Stream,"Mathematics,Communication,Chemistry Lab","Research,Engineering,Defence",Defense Officer (Army/Navy/Air Force),"2 projects, 1 internships",Civil Servant (IAS/IPS)
Undergraduate,Commerce/B.Com,"Time Management,Problem Solving,Data Analytics,SQL,Economics","Government Jobs,Business",Financial Consultant,"1 projects, 1 internships",Chartered Accountant
Class 12,PCM Stream,"Mathematics,Writing,Physics Lab,Communication,Problem Solving,Chemistry Lab","Government Jobs,Research",High School Physics Teacher,"0 projects, 0 internships",Civil Servant (IAS/IPS)
Undergraduate,Business/BBA,"Marketing,Leadership,Public Speaking,Sales,Business Strategy","Business,Entrepreneurship",Brand Strategist,"0 projects, 1 internships",Product Manager
Undergraduate,Law/LLB,"Technical Writing,Communication,Leadership,Law","Social Impact,Law",Corporate Lawyer,"2 projects, 0 internships",Corporate Lawyer
Undergraduate,Computer Science,"CSS,REST APIs,JavaScript,React,Java","Technology,Business",Cloud Architect,"0 projects, 0 internships",Software Engineer
Undergraduate,Law/LLB,"Leadership,Public Speaking,Technical Writing,Law,Constitutional Law",Government Jobs,Corporate Lawyer,"0 projects, 1 internships",Corporate Lawyer
Undergraduate,Electronics & Communication,"Physics Lab,Python,Figma,Docker,Mathematics,AWS","Technology,Engineering,Research",IoT Systems Architect,"0 projects, 0 internships",Embedded Systems Engineer
Undergraduate,Computer Science,"SQL,Java,Node.js",AI/ML,AI/ML Engineer,"0 projects, 0 internships",Software Engineer
Undergraduate,Electronics & Communication,"Python,Linear Algebra,AWS,Mathematics,Data Structures","Technology,Engineering,Research",VLSI Design Engineer,"1 projects, 1 internships",Embedded Systems Engineer
Undergraduate,Computer Science,"HTML,Java,JavaScript","Technology,AI/ML,Business",Software Engineer,"2 projects, 0 internships",Software Engineer
Undergraduate,Law/LLB,"Leadership,Legal Writing,Communication,Law,Technical Writing","Social Impact,Law,Government Jobs",Patent Attorney,"1 projects, 1 internships",Corporate Lawyer
Undergraduate,Law/LLB,"Law,Public Speaking,Constitutional Law,Communication,Technical Writing","Law,Government Jobs,Social Impact",Corporate Lawyer,"1 projects, 1 internships",Corporate Lawyer
Undergraduate,Law/LLB,"Technical Writing,Constitutional Law,Law,Negotiation,Public Speaking","Government Jobs,Social Impact,Law",Public Prosecutor,"1 projects, 0 internships",Corporate Lawyer
Undergraduate,Commerce/B.Com,"Scrum,Economics,Time Management,Communication,Data Analytics","Finance,Business,Government Jobs",Financial Consultant,"0 projects, 0 internships",Chartered Accountant
Undergraduate,Business/BBA,"Leadership,Marketing,Product Management","Entrepreneurship,Media,Business",Management Consultant,"1 projects, 1 internships",Product Manager
Undergraduate,Business/BBA,"Product Management,Business Strategy,Leadership,Marketing","Media,Management,Entrepreneurship",Product Manager,"2 projects, 0 internships",Product Manager
Class 12,PCM Stream,"Physics Lab,Communication,Python","Government Jobs,Defence",Research Scientist,"0 projects, 0 internships",Civil Servant (IAS/IPS)
Undergraduate,Science/B.Sc,"NumPy,Pandas,Statistics","Finance,Business,Research",Data Scientist,"2 projects, 0 internships",Data Analyst
Undergraduate,Business/BBA,"Sales,SEO,Leadership",Business,Marketing Manager,"2 projects, 0 internships",Product Manager
Undergraduate,Computer Science,"CSS,HTML,Algorithms,SQL,Data Structures,Python","AI/ML,Technology",Software Engineer,"1 projects, 1 internships",Software Engineer
Undergraduate,Computer Science,"C++,Java,Algorithms,Git,JavaScript","Technology,AI/ML,Business",DevOps Engineer,"0 projects, 0 internships",Software Engineer
Undergraduate,Commerce/B.Com,"SQL,Problem Solving,Financial Accounting,Communication","Finance,Government Jobs",Unknown Career,"1 projects, 1 internships",Chartered Accountant
Undergraduate,Commerce/B.Com,"Scrum,Financial Accounting,Data Analytics",Finance,Investment Banker,"2 projects, 1 internships",Chartered Accountant
Class 12,PCM Stream,"Writing,Problem Solving,Communication","Government Jobs,Defence",Defense Officer (Army/Navy/Air Force),"1 projects, 0 internships",Civil Servant (IAS/IPS)
Undergraduate,Law/LLB,"Law,Leadership,Legal Writing,Constitutional Law","Government Jobs,Law",Corporate Lawyer,"2 projects, 0 internships",Corporate Lawyer
Undergraduate,Law/LLB,"Constitutional Law,Negotiation,Technical Writing,Legal Writing,Public Speaking,Communication","Law,Government Jobs",Criminal Defense Lawyer,"2 projects, 1 internships",Corporate Lawyer
Undergraduate,Commerce/B.Com,"Financial Accounting,Taxation,Economics,Problem Solving","Business,Government Jobs,Finance",Unknown Career,"2 projects, 0 internships",Chartered Accountant
Undergraduate,Law/LLB,"Negotiation,Legal Writing,Communication","Law,Government Jobs",Public Prosecutor,"2 projects, 1 internships",Corporate Lawyer
Undergraduate,Law/LLB,"Constitutional Law,Legal Writing,Public Speaking",Law,Criminal Defense Lawyer,"1 projects, 0 internships",Corporate Lawyer
Undergraduate,Science/B.Sc,"Python,Data Analytics,NumPy,Data Visualization,Mathematics,Communication","Business,Technology,Research",Actuarial Analyst,"0 projects, 1 internships",Data Analyst
Undergraduate,Computer Science,"Data Structures,SQL,C++,Python","AI/ML,Technology,Business",Cloud Architect,"0 projects, 0 internships",Software Engineer
Undergraduate,Science/B.Sc,"Mathematics,Communication,Statistics",Technology,Financial Risk Analyst,"0 projects, 0 internships",Data Analyst
Undergraduate,Computer Science,"CSS,HTML,C++","AI/ML,Technology",Cloud Architect,"1 projects, 1 internships",Software Engineer
Undergraduate,Commerce/B.Com,"Problem Solving,Taxation,Financial Accounting","Finance,Business,Government Jobs",Financial Consultant,"2 projects, 1 internships",Chartered Accountant
Undergraduate,Electronics & Communication,"Figma,Mathematics,Linear Algebra,Kubernetes","Research,Engineering",Network Security Engineer,"2 projects, 1 internships",Embedded Systems Engineer
Undergraduate,Law/LLB,"Constitutional Law,Negotiation,Leadership",Social Impact,Corporate Lawyer,"1 projects, 1 internships",Corporate Lawyer
Undergraduate,Science/B.Sc,"Data Analytics,Data Visualization,Mathematics,SQL","Business,Research",Financial Risk Analyst,"1 projects, 1 internships",Data Analyst
Class 12,PCM Stream,"Writing,Mathematics,Python,Problem Solving,Physics Lab,Communication",Government Jobs,Civil Servant (IAS/IPS),"0 projects, 1 internships",Civil Servant (IAS/IPS)
Undergraduate,Science/B.Sc,"Statistics,Data Analytics,Data Visualization,NumPy",Business,Actuarial Analyst,"2 projects, 1 internships",Data Analyst
Undergraduate,Science/B.Sc,"Data Visualization,Statistics,NumPy,Communication,Mathematics","Technology,Business",Actuarial Analyst,"0 projects, 1 internships",Data Analyst
Undergraduate,Commerce/B.Com,"Taxation,Scrum,Data Analytics,Problem Solving,Time Management",Government Jobs,Chartered Accountant,"0 projects, 0 internships",Chartered Accountant
Undergraduate,Computer Science,"Data Structures,HTML,React",Business,DevOps Engineer,"2 projects, 0 internships",Software Engineer
Undergraduate,Electronics & Communication,"Data Structures,Linear Algebra,C++,Mathematics,AWS","Research,Engineering,Technology",Embedded Systems Engineer,"1 projects, 1 internships",Embedded Systems Engineer
Undergraduate,Computer Science,"Node.js,SQL,React,HTML,JavaScript,C++","AI/ML,Technology,Business",Cloud Architect,"1 projects, 0 internships",Software Engineer
Undergraduate,Electronics & Communication,"Python,Linear Algebra,Physics Lab","Technology,Engineering,Research",Embedded Systems Engineer,"2 projects, 0 internships",Embedded Systems Engineer
Undergraduate,Business/BBA,"Sales,Communication,Public Speaking,Leadership,Business Strategy,Marketing","Entrepreneurship,Media,Business",Marketing Manager,"2 projects, 0 internships",Product Manager
Undergraduate,Commerce/B.Com,"Scrum,Problem Solving,Financial Accounting,Taxation,Communication,SQL","Finance,Government Jobs",Investment Banker,"0 projects, 1 internships",Chartered Accountant
Class 12,PCM Stream,"Communication,Physics Lab,Problem Solving,Python","Defence,Government Jobs",High School Physics Teacher,"0 projects, 0 internships",Civil Servant (IAS/IPS)
Undergraduate,Business/BBA,"Product Management,Public Speaking,Communication","Management,Entrepreneurship",Product Manager,"2 projects, 1 internships",Product Manager
Undergraduate,Science/B.Sc,"Data Visualization,SQL,Mathematics,NumPy,Communication","Research,Business",Financial Risk Analyst,"0 projects, 0 internships",Data Analyst
Undergraduate,Law/LLB,"Public Speaking,Leadership,Law","Social Impact,Law",Criminal Defense Lawyer,"0 projects, 1 internships",Corporate Lawyer
Undergraduate,Science/B.Sc,"Communication,Statistics,NumPy,SQL,Mathematics,Data Visualization","Finance,Business",Financial Risk Analyst,"2 projects, 0 internships",Data Analyst
Undergraduate,Computer Science,"Data Structures,REST APIs,CSS,C++,JavaScript,Git","Technology,AI/ML",DevOps Engineer,"0 projects, 0 internships",Software Engineer
Undergraduate,Electronics & Communication,"Docker,Mathematics,Linear Algebra,Kubernetes,Figma","Engineering,Research",Embedded Systems Engineer,"0 projects, 0 internships",Embedded Systems Engineer
Undergraduate,Law/LLB,"Leadership,Public Speaking,Negotiation,Constitutional Law",Social Impact,Criminal Defense Lawyer,"1 projects, 1 internships",Corporate Lawyer
Undergraduate,Electronics & Communication,"Physics Lab,Data Structures,Mathematics,AWS,Kubernetes,Figma","Technology,Research",VLSI Design Engineer,"0 projects, 0 internships",Embedded Systems Engineer
Undergraduate,Science/B.Sc,"Data Analytics,Mathematics,Python,Communication",Business,Financial Risk Analyst,"0 projects, 0 internships",Data Analyst
Undergraduate,Law/LLB,"Technical Writing,Public Speaking,Legal Writing,Negotiation,Communication,Leadership",Government Jobs,Public Prosecutor,"1 projects, 1 internships",Corporate Lawyer
Undergraduate,Business/BBA,"Product Management,Sales,SEO,Project Management","Management,Business,Entrepreneurship",Product Manager,"0 projects, 0 internships",Product Manager
Undergraduate,Business/BBA,"Communication,Marketing,Project Management,Sales,Product Management,SEO",Management,Marketing Manager,"0 projects, 0 internships",Product Manager
Undergraduate,Electronics & Communication,"Figma,Data Structures,Kubernetes","Engineering,Research",IoT Systems Architect,"0 projects, 1 internships",Embedded Systems Engineer
Undergraduate,Science/B.Sc,"Data Visualization,SQL,Python,Communication","Finance,Technology",Financial Risk Analyst,"1 projects, 0 internships",Data Analyst
Undergraduate,Business/BBA,"Sales,SEO,Product Management,Marketing",Business,Product Manager,"1 projects, 1 internships",Product Manager
Undergraduate,Computer Science,"REST APIs,JavaScript,Java",Technology,Cloud Architect,"1 projects, 0 internships",Software Engineer
Undergraduate,Science/B.Sc,"Statistics,Mathematics,SQL,Python","Business,Research,Finance",Data Analyst,"1 projects, 1 internships",Data Analyst
Undergraduate,Computer Science,"JavaScript,Java,Git,Python,CSS,HTML",Technology,DevOps Engineer,"2 projects, 1 internships",Software Engineer
Class 12,PCM Stream,"Mathematics,Problem Solving,Writing,Chemistry Lab,Physics Lab,Communication",Engineering,Civil Servant (IAS/IPS),"2 projects, 1 internships",Civil Servant (IAS/IPS)
Undergraduate,Commerce/B.Com,"Communication,Taxation,SQL,Time Management","Government Jobs,Finance,Business",Investment Banker,"0 projects, 0 internships",Chartered Accountant
Class 12,PCM Stream,"Chemistry Lab,Mathematics,Communication","Engineering,Defence",Civil Servant (IAS/IPS),"2 projects, 1 internships",Civil Servant (IAS/IPS)
Undergraduate,Science/B.Sc,"Data Analytics,NumPy,Statistics,Python","Technology,Research",Data Analyst,"1 projects, 0 internships",Data Analyst
Undergraduate,Electronics & Communication,"Python,Linear Algebra,Physics Lab,AWS",Technology,Embedded Systems Engineer,"2 projects, 1 internships",Embedded Systems Engineer
Undergraduate,Commerce/B.Com,"Problem Solving,Scrum,Economics,Time Management,Communication,SQL","Government Jobs,Business",Investment Banker,"0 projects, 0 internships",Chartered Accountant
Undergraduate,Science/B.Sc,"Python,NumPy,Communication","Research,Finance",Data Analyst,"1 projects, 1 internships",Data Analyst
Undergraduate,Science/B.Sc,"Pandas,Data Visualization,Data Analytics,Statistics,Communication,SQL","Technology,Finance,Research",Data Analyst,"2 projects, 1 internships",Data Analyst
Undergraduate,Commerce/B.Com,"Problem Solving,Taxation,Economics,Time Management,Financial Accounting","Government Jobs,Finance,Business",Investment Banker,"2 projects, 0 internships",Chartered Accountant
Undergraduate,Science/B.Sc,"SQL,Communication,Data Analytics,Pandas,Mathematics","Research,Business,Technology",Data Scientist,"0 projects, 1 internships",Data Analyst
Class 12,PCM Stream,"Writing,Physics Lab,Problem Solving,Python,Mathematics,Communication","Engineering,Defence,Government Jobs",High School Physics Teacher,"0 projects, 0 internships",Civil Servant (IAS/IPS)
Class 12,PCM Stream,"Problem Solving,Physics Lab,Mathematics","Research,Government Jobs",Research Scientist,"1 projects, 1 internships",Civil Servant (IAS/IPS)
Undergraduate,Science/B.Sc,"Python,Pandas,Statistics,NumPy,Data Visualization,Data Analytics","Finance,Business,Technology",Data Scientist,"0 projects, 1 internships",Data Analyst
Undergraduate,Commerce/B.Com,"SQL,Communication,Data Analytics,Financial Accounting,Economics","Business,Finance",Unknown Career,"0 projects, 1 internships",Chartered Accountant
Undergraduate,Science/B.Sc,"Communication,Statistics,NumPy,Data Analytics,Python,SQL","Research,Finance,Technology",Data Analyst,"0 projects, 1 internships",Data Analyst
Undergraduate,Science/B.Sc,"NumPy,SQL,Python,Data Analytics","Technology,Finance,Business",Financial Risk Analyst,"0 projects, 1 internships",Data Analyst
Undergraduate,Computer Science,"Data Structures,Node.js,Git,HTML",Technology,Cloud Architect,"1 projects, 0 internships",Software Engineer
Undergraduate,Computer Science,"HTML,Node.js,REST APIs,Git","Business,AI/ML",Cloud Architect,"0 projects, 0 internships",Software Engineer
Undergraduate,Science/B.Sc,"Statistics,SQL,Pandas,Communication,Mathematics,Python",Finance,Data Scientist,"1 projects, 0 internships",Data Analyst
Undergraduate,Computer Science,"JavaScript,SQL,CSS,Python,HTML",AI/ML,Data Scientist,"1 projects, 1 internships",Software Engineer
Class 12,PCM Stream,"Communication,Writing,Problem Solving,Mathematics,Chemistry Lab",Research,High School Physics Teacher,"0 projects, 1 internships",Civil Servant (IAS/IPS)
Undergraduate,Computer Science,"Python,Git,Node.js","Technology,AI/ML",DevOps Engineer,"1 projects, 1 internships",Software Engineer
Undergraduate,Business/BBA,"Communication,SEO,Sales,Leadership","Media,Management,Business",Product Manager,"2 projects, 1 internships",Product Manager
Undergraduate,Commerce/B.Com,"Scrum,Data Analytics,Taxation,Communication",Government Jobs,Investment Banker,"2 projects, 0 internships",Chartered Accountant
Undergraduate,Commerce/B.Com,"Taxation,Problem Solving,SQL,Time Management",Finance,Chartered Accountant,"1 projects, 0 internships",Chartered Accountant
Undergraduate,Electronics & Communication,"AWS,Mathematics,Figma,Kubernetes,C++","Technology,Research",VLSI Design Engineer,"2 projects, 1 internships",Embedded Systems Engineer
Class 12,PCM Stream,"Chemistry Lab,Writing,Python,Physics Lab,Mathematics",Defence,Defense Officer (Army/Navy/Air Force),"0 projects, 1 internships",Civil Servant (IAS/IPS)
Undergraduate,Business/BBA,"Project Management,Business Strategy,SEO,Communication","Media,Entrepreneurship,Business",Management Consultant,"2 projects, 1 internships",Product Manager
Undergraduate,Law/LLB,"Technical Writing,Negotiation,Constitutional Law,Leadership,Public Speaking,Communication","Social Impact,Law,Government Jobs",Public Prosecutor,"1 projects, 0 internships",Corporate Lawyer
Undergraduate,Business/BBA,"Business Strategy,SEO,Communication,Leadership,Marketing","Entrepreneurship,Media,Management",Brand Strategist,"2 projects, 0 internships",Product Manager
Undergraduate,Law/LLB,"Law,Constitutional Law,Negotiation,Communication,Legal Writing,Leadership","Law,Social Impact,Government Jobs",Public Prosecutor,"0 projects, 1 internships",Corporate Lawyer
Undergraduate,Business/BBA,"Product Management,Public Speaking,Marketing","Entrepreneurship,Management,Business",Brand Strategist,"2 projects, 0 internships",Product Manager
Undergraduate,Business/BBA,"Public Speaking,Marketing,Project Management",Management,Management Consultant,"2 projects, 1 internships",Product Manager
Undergraduate,Law/LLB,"Negotiation,Constitutional Law,Law",Social Impact,Criminal Defense Lawyer,"1 projects, 0 internships",Corporate Lawyer
Undergraduate,Business/BBA,"Product Management,Leadership,Sales",Entrepreneurship,Management Consultant,"1 projects, 1 internships",Product Manager
Undergraduate,Science/B.Sc,"Data Analytics,Pandas,Data Visualization,Communication,NumPy,Mathematics",Finance,Data Analyst,"1 projects, 1 internships",Data Analyst
Class 12,PCM Stream,"Physics Lab,Mathematics,Python,Problem Solving","Research,Engineering,Government Jobs",Defense Officer (Army/Navy/Air Force),"2 projects, 1 internships",Civil Servant (IAS/IPS)
Undergraduate,Science/B.Sc,"Pandas,SQL,Statistics","Technology,Finance,Business",Actuarial Analyst,"1 projects, 1 internships",Data Analyst
Undergraduate,Computer Science,"SQL,JavaScript,CSS,Node.js,REST APIs,Algorithms",Technology,Data Scientist,"1 projects, 1 internships",Software Engineer
Undergraduate,Electronics & Communication,"Python,Linear Algebra,AWS,Figma,C++",Research,VLSI Design Engineer,"1 projects, 0 internships",Embedded Systems Engineer
Undergraduate,Computer Science,"SQL,Java,Node.js,CSS,React","Technology,Business,AI/ML",AI/ML Engineer,"0 projects, 1 internships",Software Engineer
Undergraduate,Electronics & Communication,"Python,Physics Lab,AWS","Technology,Research",Embedded Systems Engineer,"0 projects, 1 internships",Embedded Systems Engineer
Class 12,PCM Stream,"Writing,Mathematics,Physics Lab,Problem Solving,Communication,Chemistry Lab","Research,Defence",High School Physics Teacher,"0 projects, 1 internships",Civil Servant (IAS/IPS)
Undergraduate,Computer Science,"Data Structures,CSS,HTML,Java","AI/ML,Technology,Business",AI/ML Engineer,"1 projects, 1 internships",Software Engineer
Undergraduate,Science/B.Sc,"Statistics,SQL,Data Visualization",Research,Data Scientist,"0 projects, 1 internships",Data Analyst
Undergraduate,Electronics & Communication,"AWS,C++,Physics Lab","Engineering,Technology",Embedded Systems Engineer,"2 projects, 1 internships",Embedded Systems Engineer
Undergraduate,Science/B.Sc,"Pandas,SQL,Data Visualization,Data Analytics,Statistics","Research,Business,Finance",Data Analyst,"1 projects, 0 internships",Data Analyst
Undergraduate,Computer Science,"JavaScript,REST APIs,HTML,Java,Git",AI/ML,AI/ML Engineer,"1 projects, 1 internships",Software Engineer
Undergraduate,Business/BBA,"Product Management,Marketing,Leadership","Entrepreneurship,Media",Product Manager,"2 projects, 0 internships",Product Manager
Class 12,PCM Stream,"Communication,Mathematics,Problem Solving,Python,Writing,Physics Lab",Government Jobs,Civil Servant (IAS/IPS),"0 projects, 1 internships",Civil Servant (IAS/IPS)
Undergraduate,Electronics & Communication,"Data Structures,Physics Lab,Mathematics,Kubernetes,Linear Algebra,Figma","Technology,Engineering,Research",Embedded Systems Engineer,"1 projects, 1 internships",Embedded Systems Engineer
Undergraduate,Business/BBA,"Marketing,Leadership,SEO","Management,Media,Business",Marketing Manager,"0 projects, 1 internships",Product Manager
Undergraduate,Electronics & Communication,"Mathematics,Python,C++,Linear Algebra","Technology,Research",IoT Systems Architect,"2 projects, 1 internships",Embedded Systems Engineer
Class 12,PCM Stream,"Problem Solving,Writing,Mathematics,Communication,Python,Physics Lab","Defence,Research",Defense Officer (Army/Navy/Air Force),"0 projects, 1 internships",Civil Servant (IAS/IPS)
Undergraduate,Commerce/B.Com,"Problem Solving,Scrum,Taxation,Data Analytics,Financial Accounting",Finance,Financial Consultant,"2 projects, 0 internships",Chartered Accountant
Undergraduate,Science/B.Sc,"Communication,Pandas,SQL,Data Analytics,Statistics,Mathematics",Finance,Data Scientist,"0 projects, 0 internships",Data Analyst
Undergraduate,Electronics & Communication,"Data Structures,Physics Lab,Linear Algebra,Mathematics",Engineering,VLSI Design Engineer,"1 projects, 0 internships",Embedded Systems Engineer
Undergraduate,Commerce/B.Com,"Scrum,SQL,Economics,Taxation,Time Management",Government Jobs,Financial Consultant,"0 projects, 1 internships",Chartered Accountant
Undergraduate,Science/B.Sc,"SQL,Pandas,NumPy,Statistics","Technology,Finance",Financial Risk Analyst,"1 projects, 1 internships",Data Analyst
Undergraduate,Commerce/B.Com,"Problem Solving,Communication,Data Analytics,Taxation,Financial Accounting","Government Jobs,Business,Finance",Investment Banker,"1 projects, 1 internships",Chartered Accountant
Undergraduate,Business/BBA,"Communication,Project Management,Marketing,Public Speaking,Business Strategy",Entrepreneurship,Brand Strategist,"2 projects, 0 internships",Product Manager
Class 12,PCM Stream,"Python,Writing,Communication,Mathematics,Chemistry Lab",Research,Research Scientist,"1 projects, 1 internships",Civil Servant (IAS/IPS)
Undergraduate,Law/LLB,"Leadership,Public Speaking,Communication",Social Impact,Public Prosecutor,"0 projects, 1 internships",Corporate Lawyer
Undergraduate,Electronics & Communication,"AWS,Physics Lab,Linear Algebra,Python","Engineering,Research,Technology",IoT Systems Architect,"0 projects, 0 internships",Embedded Systems Engineer
Undergraduate,Business/BBA,"Sales,Marketing,Project Management","Entrepreneurship,Business",Product Manager,"2 projects, 0 internships",Product Manager
Undergraduate,Computer Science,"CSS,C++,HTML,Data Structures,Node.js","Business,Technology,AI/ML",DevOps Engineer,"1 projects, 1 internships",Software Engineer
Class 12,PCM Stream,"Communication,Python,Writing",Engineering,Defense Officer (Army/Navy/Air Force),"2 projects, 0 internships",Civil Servant (IAS/IPS)
Class 12,PCM Stream,"Mathematics,Communication,Python,Problem Solving,Physics Lab,Chemistry Lab","Government Jobs,Defence,Engineering",Research Scientist,"1 projects, 0 internships",Civil Servant (IAS/IPS)
Class 12,PCM Stream,"Python,Communication,Mathematics,Problem Solving,Chemistry Lab,Physics Lab","Engineering,Government Jobs",High School Physics Teacher,"1 projects, 1 internships",Civil Servant (IAS/IPS)
Undergraduate,Business/BBA,"Business Strategy,Project Management,Communication,Leadership",Entrepreneurship,Brand Strategist,"2 projects, 0 internships",Product Manager
Undergraduate,Commerce/B.Com,"Problem Solving,Taxation,Financial Accounting,Time Management,Scrum",Government Jobs,Investment Banker,"0 projects, 0 internships",Chartered Accountant
Undergraduate,Computer Science,"React,Node.js,Java,HTML,CSS,Algorithms","Business,Technology,AI/ML",Cloud Architect,"0 projects, 1 internships",Software Engineer
Undergraduate,Science/B.Sc,"Mathematics,Communication,Data Analytics,NumPy,Statistics,Python","Research,Business",Actuarial Analyst,"1 projects, 1 internships",Data Analyst
Undergraduate,Commerce/B.Com,"Taxation,Economics,Problem Solving,Financial Accounting","Government Jobs,Finance,Business",Unknown Career,"2 projects, 1 internships",Chartered Accountant
Undergraduate,Science/B.Sc,"Mathematics,Python,Communication,Pandas,Data Visualization","Finance,Research",Data Scientist,"1 projects, 1 internships",Data Analyst
Undergraduate,Business/BBA,"Project Management,Leadership,Marketing,SEO,Public Speaking,Product Management",Business,Marketing Manager,"2 projects, 0 internships",Product Manager
Undergraduate,Electronics & Communication,"Kubernetes,Data Structures,AWS","Engineering,Research",Network Security Engineer,"2 projects, 1 internships",Embedded Systems Engineer
Undergraduate,Computer Science,"HTML,CSS,Git,Algorithms,React","Business,AI/ML",Data Scientist,"0 projects, 1 internships",Software Engineer
Undergraduate,Computer Science,"Git,JavaScript,CSS",AI/ML,Cloud Architect,"2 projects, 0 internships",Software Engineer
Undergraduate,Electronics & Communication,"Python,Linear Algebra,Docker,C++,AWS,Kubernetes","Engineering,Technology",Network Security Engineer,"1 projects, 0 internships",Embedded Systems Engineer
Undergraduate,Commerce/B.Com,"Time Management,Data Analytics,Taxation,Problem Solving",Finance,Investment Banker,"2 projects, 1 internships",Chartered Accountant
Undergraduate,Science/B.Sc,"Mathematics,NumPy,Data Visualization",Technology,Actuarial Analyst,"2 projects, 1 internships",Data Analyst
Undergraduate,Computer Science,"REST APIs,Git,React,Algorithms",AI/ML,Cloud Architect,"0 projects, 1 internships",Software Engineer
Undergraduate,Electronics & Communication,"Linear Algebra,AWS,Docker,Figma","Technology,Engineering,Research",Embedded Systems Engineer,"0 projects, 0 internships",Embedded Systems Engineer
Undergraduate,Business/BBA,"Product Management,Public Speaking,Marketing,Communication,Business Strategy","Management,Business",Management Consultant,"1 projects, 1 internships",Product Manager
Undergraduate,Computer Science,"Git,Java,REST APIs,HTML","Technology,AI/ML",DevOps Engineer,"0 projects, 0 internships",Software Engineer
Undergraduate,Business/BBA,"Marketing,SEO,Sales,Leadership,Product Management,Business Strategy",Management,Brand Strategist,"1 projects, 1 internships",Product Manager
Class 12,PCM Stream,"Physics Lab,Writing,Mathematics,Python,Communication,Chemistry Lab","Defence,Research",High School Physics Teacher,"0 projects, 0 internships",Civil Servant (IAS/IPS)
Undergraduate,Science/B.Sc,"Pandas,Data Visualization,SQL,Mathematics,Python,Communication",Technology,Data Scientist,"1 projects, 1 internships",Data Analyst
Undergraduate,Commerce/B.Com,"SQL,Scrum,Financial Accounting,Data Analytics,Communication,Taxation",Finance,Financial Consultant,"0 projects, 1 internships",Chartered Accountant
Undergraduate,Law/LLB,"Communication,Leadership,Negotiation","Law,Government Jobs",Corporate Lawyer,"2 projects, 0 internships",Corporate Lawyer
Class 12,PCM Stream,"Communication,Problem Solving,Python,Physics Lab,Chemistry Lab,Mathematics","Engineering,Government Jobs",Research Scientist,"1 projects, 0 internships",Civil Servant (IAS/IPS)
Undergraduate,Business/BBA,"SEO,Product Management,Communication",Business,Brand Strategist,"1 projects, 0 internships",Product Manager
Undergraduate,Commerce/B.Com,"Financial Accounting,Taxation,Problem Solving","Business,Government Jobs",Financial Consultant,"1 projects, 1 internships",Chartered Accountant
Undergraduate,Commerce/B.Com,"Economics,Problem Solving,Scrum","Business,Finance,Government Jobs",Chartered Accountant,"0 projects, 0 internships",Chartered Accountant
Undergraduate,Electronics & Communication,"AWS,Physics Lab,Linear Algebra,Figma",Engineering,Network Security Engineer,"0 projects, 0 internships",Embedded Systems Engineer
Undergraduate,Electronics & Communication,"C++,Data Structures,Mathematics,Python,Physics Lab","Research,Technology,Engineering",Network Security Engineer,"0 projects, 1 internships",Embedded Systems Engineer
Undergraduate,Business/BBA,"Communication,Product Management,SEO,Business Strategy","Media,Business,Entrepreneurship",Management Consultant,"0 projects, 1 internships",Product Manager
Undergraduate,Electronics & Communication,"Docker,Physics Lab,Data Structures,Python,C++","Technology,Research,Engineering",Embedded Systems Engineer,"2 projects, 1 internships",Embedded Systems Engineer
Undergraduate,Commerce/B.Com,"SQL,Financial Accounting,Data Analytics","Finance,Government Jobs,Business",Unknown Career,"2 projects, 1 internships",Chartered Accountant
Undergraduate,Electronics & Communication,"Docker,Data Structures,Figma","Research,Technology,Engineering",Network Security Engineer,"2 projects, 1 internships",Embedded Systems Engineer
Undergraduate,Science/B.Sc,"Statistics,Data Analytics,Pandas,SQL,Python","Technology,Business,Finance",Data Analyst,"0 projects, 1 internships",Data Analyst
Undergraduate,Law/LLB,"Public Speaking,Leadership,Technical Writing",Social Impact,Public Prosecutor,"1 projects, 0 internships",Corporate Lawyer
Undergraduate,Electronics & Communication,"Docker,Mathematics,C++","Technology,Research",VLSI Design Engineer,"1 projects, 1 internships",Embedded Systems Engineer
Undergraduate,Science/B.Sc,"Statistics,Data Visualization,Mathematics,NumPy,Communication","Finance,Research,Business",Data Scientist,"1 projects, 1 internships",Data Analyst
Undergraduate,Business/BBA,"Communication,Public Speaking,Project Management,Business Strategy","Business,Entrepreneurship",Brand Strategist,"2 projects, 1 internships",Product Manager
Undergraduate,Business/BBA,"Business Strategy,Communication,Public Speaking,Project Management,Sales","Media,Entrepreneurship",Management Consultant,"0 projects, 0 internships",Product Manager
Undergraduate,Electronics & Communication,"C++,Linear Algebra,Python,Kubernetes,Physics Lab,Mathematics","Engineering,Technology",IoT Systems Architect,"2 projects, 0 internships",Embedded Systems Engineer
Undergraduate,Electronics & Communication,"Linear Algebra,Kubernetes,C++","Research,Engineering",IoT Systems Architect,"1 projects, 0 internships",Embedded Systems Engineer
Undergraduate,Electronics & Communication,"Mathematics,Python,Docker,Physics Lab,Data Structures","Engineering,Research,Technology",VLSI Design Engineer,"0 projects, 1 internships",Embedded Systems Engineer
Undergraduate,Law/LLB,"Leadership,Legal Writing,Negotiation,Communication,Public Speaking","Social Impact,Government Jobs,Law",Public Prosecutor,"1 projects, 0 internships",Corporate Lawyer
Class 12,PCM Stream,"Mathematics,Problem Solving,Writing,Python","Government Jobs,Engineering",High School Physics Teacher,"2 projects, 0 internships",Civil Servant (IAS/IPS)
Undergraduate,Electronics & Communication,"Mathematics,Linear Algebra,AWS,Python",Technology,VLSI Design Engineer,"0 projects, 0 internships",Embedded Systems Engineer
Undergraduate,Science/B.Sc,"NumPy,SQL,Python,Pandas,Data Analytics",Technology,Financial Risk Analyst,"1 projects, 1 internships",Data Analyst
Undergraduate,Business/BBA,"SEO,Marketing,Leadership,Sales,Business Strategy,Public Speaking","Business,Management",Product Manager,"1 projects, 0 internships",Product Manager
Undergraduate,Science/B.Sc,"SQL,Python,Pandas,NumPy,Data Analytics",Technology,Financial Risk Analyst,"1 projects, 1 internships",Data Analyst
Undergraduate,Commerce/B.Com,"Data Analytics,Time Management,Taxation,Financial Accounting","Finance,Business,Government Jobs",Unknown Career,"1 projects, 0 internships",Chartered Accountant
Undergraduate,Commerce/B.Com,"Data Analytics,Time Management,SQL,Communication,Problem Solving",Finance,Unknown Career,"0 projects, 1 internships",Chartered Accountant
Undergraduate,Commerce/B.Com,"Data Analytics,Economics,Time Management,Taxation","Finance,Government Jobs,Business",Investment Banker,"1 projects, 1 internships",Chartered Accountant
Undergraduate,Business/BBA,"Sales,Product Management,Public Speaking,Marketing,Leadership,Communication",Management,Brand Strategist,"2 projects, 0 internships",Product Manager
Undergraduate,Science/B.Sc,"Data Analytics,Pandas,NumPy,Communication,Python,Statistics",Research,Data Analyst,"2 projects, 1 internships",Data Analyst
Class 12,PCM Stream,"Python,Communication,Writing,Physics Lab,Chemistry Lab,Mathematics",Government Jobs,High School Physics Teacher,"2 projects, 0 internships",Civil Servant (IAS/IPS)
Undergraduate,Computer Science,"SQL,Python,JavaScript,HTML,React",Business,AI/ML Engineer,"0 projects, 0 internships",Software Engineer
Undergraduate,Computer Science,"React,HTML,Java,C++,Algorithms","Technology,AI/ML,Business",DevOps Engineer,"0 projects, 1 internships",Software Engineer
Undergraduate,Law/LLB,"Legal Writing,Technical Writing,Constitutional Law",Social Impact,Public Prosecutor,"1 projects, 1 internships",Corporate Lawyer
Undergraduate,Commerce/B.Com,"Problem Solving,Economics,Financial Accounting,Scrum",Finance,Investment Banker,"1 projects, 0 internships",Chartered Accountant
Undergraduate,Computer Science,"Git,C++,HTML,REST APIs,React","Technology,AI/ML",Data Scientist,"1 projects, 0 internships",Software Engineer
Undergraduate,Business/BBA,"Marketing,Leadership,Sales,Business Strategy",Media,Product Manager,"2 projects, 1 internships",Product Manager
Class 12,PCM Stream,"Writing,Mathematics,Python,Communication","Engineering,Research",Defense Officer (Army/Navy/Air Force),"0 projects, 0 internships",Civil Servant (IAS/IPS)
Undergraduate,Computer Science,"Algorithms,Git,React,Node.js","AI/ML,Technology,Business",Data Scientist,"1 projects, 1 internships",Software Engineer
Undergraduate,Electronics & Communication,"Python,Figma,Data Structures","Technology,Research,Engineering",IoT Systems Architect,"1 projects, 0 internships",Embedded Systems Engineer
Undergraduate,Electronics & Communication,"Kubernetes,Python,Physics Lab,Linear Algebra","Engineering,Technology,Research",VLSI Design Engineer,"2 projects, 1 internships",Embedded Systems Engineer
Undergraduate,Electronics & Communication,"Figma,Python,Physics Lab",Technology,VLSI Design Engineer,"2 projects, 1 internships",Embedded Systems Engineer
Undergraduate,Commerce/B.Com,"Data Analytics,Financial Accounting,SQL,Taxation","Finance,Business",Unknown Career,"2 projects, 1 internships",Chartered Accountant
Undergraduate,Science/B.Sc,"SQL,Data Analytics,Data Visualization,Pandas,Python,Statistics","Business,Technology",Data Analyst,"1 projects, 1 internships",Data Analyst
Undergraduate,Law/LLB,"Technical Writing,Law,Public Speaking,Communication,Leadership","Government Jobs,Law",Criminal Defense Lawyer,"0 projects, 1 internships",Corporate Lawyer
Undergraduate,Science/B.Sc,"Data Visualization,Pandas,Data Analytics","Research,Business,Technology",Data Analyst,"0 projects, 1 internships",Data Analyst
Undergraduate,Science/B.Sc,"Data Analytics,Mathematics,Statistics,NumPy,Pandas","Business,Technology,Finance",Data Analyst,"2 projects, 0 internships",Data Analyst
Undergraduate,Science/B.Sc,"Pandas,Communication,NumPy","Finance,Technology",Financial Risk Analyst,"0 projects, 0 internships",Data Analyst
Class 12,PCM Stream,"Physics Lab,Writing,Chemistry Lab,Mathematics,Communication",Engineering,High School Physics Teacher,"0 projects, 0 internships",Civil Servant (IAS/IPS)
Undergraduate,Law/LLB,"Legal Writing,Communication,Public Speaking,Negotiation,Leadership",Law,Corporate Lawyer,"2 projects, 1 internships",Corporate Lawyer
Undergraduate,Commerce/B.Com,"Financial Accounting,Communication,Data Analytics,Scrum","Government Jobs,Business,Finance",Financial Consultant,"1 projects, 1 internships",Chartered Accountant
Undergraduate,Science/B.Sc,"NumPy,Data Analytics,Mathematics,Python","Research,Business",Data Analyst,"0 projects, 1 internships",Data Analyst
Undergraduate,Computer Science,"JavaScript,Git,Data Structures,Python,REST APIs,SQL","AI/ML,Technology",Software Engineer,"0 projects, 1 internships",Software Engineer
Undergraduate,Business/BBA,"Marketing,Public Speaking,Business Strategy,SEO",Media,Management Consultant,"1 projects, 0 internships",Product Manager
Undergraduate,Science/B.Sc,"Communication,SQL,Python,Statistics,NumPy,Mathematics","Research,Business,Technology",Financial Risk Analyst,"1 projects, 1 internships",Data Analyst
Undergraduate,Electronics & Communication,"Physics Lab,Linear Algebra,AWS,Docker,C++,Mathematics",Engineering,VLSI Design Engineer,"1 projects, 1 internships",Embedded Systems Engineer
Undergraduate,Computer Science,"C++,Git,REST APIs,React","Technology,AI/ML,Business",Data Scientist,"1 projects, 1 internships",Software Engineer
Undergraduate,Computer Science,"Node.js,REST APIs,HTML,Algorithms",Technology,AI/ML Engineer,"2 projects, 1 internships",Software Engineer
Undergraduate,Business/BBA,"Public Speaking,Marketing,Product Management,Leadership","Media,Entrepreneurship,Management",Management Consultant,"0 projects, 1 internships",Product Manager
Undergraduate,Commerce/B.Com,"Financial Accounting,Time Management,SQL,Problem Solving",Government Jobs,Investment Banker,"2 projects, 1 internships",Chartered Accountant
Undergraduate,Commerce/B.Com,"Communication,Economics,SQL,Time Management,Problem Solving","Government Jobs,Business,Finance",Unknown Career,"1 projects, 1 internships",Chartered Accountant
Undergraduate,Business/BBA,"Sales,SEO,Product Management","Entrepreneurship,Business",Product Manager,"1 projects, 1 internships",Product Manager
Undergraduate,Science/B.Sc,"Data Visualization,Python,NumPy,Mathematics","Research,Finance",Financial Risk Analyst,"1 projects, 1 internships",Data Analyst
Class 12,PCM Stream,"Physics Lab,Communication,Chemistry Lab,Writing","Engineering,Defence,Government Jobs",Civil Servant (IAS/IPS),"2 projects, 1 internships",Civil Servant (IAS/IPS)
Undergraduate,Computer Science,"REST APIs,Java,Python,Data Structures,SQL,React","Business,Technology,AI/ML",Software Engineer,"1 projects, 1 internships",Software Engineer
Undergraduate,Law/LLB,"Technical Writing,Negotiation,Leadership,Legal Writing","Law,Government Jobs",Criminal Defense Lawyer,"2 projects, 0 internships",Corporate Lawyer
Undergraduate,Computer Science,"Data Structures,C++,Algorithms,Java","AI/ML,Business",Cloud Architect,"1 projects, 0 internships",Software Engineer
Undergraduate,Science/B.Sc,"Python,Statistics,Mathematics,Data Visualization,Pandas,NumPy","Research,Technology,Finance",Data Scientist,"2 projects, 1 internships",Data Analyst
Undergraduate,Computer Science,"Algorithms,Git,C++,Python,Node.js,SQL",Technology,Data Scientist,"0 projects, 1 internships",Software Engineer
Undergraduate,Commerce/B.Com,"Communication,Problem Solving,SQL","Government Jobs,Business,Finance",Unknown Career,"2 projects, 0 internships",Chartered Accountant
Undergraduate,Commerce/B.Com,"Financial Accounting,Scrum,Communication","Finance,Business,Government Jobs",Financial Consultant,"2 projects, 0 internships",Chartered Accountant
Undergraduate,Electronics & Communication,"Data Structures,Physics Lab,Docker,Mathematics","Engineering,Technology,Research",IoT Systems Architect,"2 projects, 1 internships",Embedded Systems Engineer
Undergraduate,Business/BBA,"Business Strategy,Sales,Marketing,Leadership,SEO",Entrepreneurship,Management Consultant,"1 projects, 1 internships",Product Manager
Undergraduate,Law/LLB,"Legal Writing,Negotiation,Constitutional Law,Communication,Law","Government Jobs,Social Impact,Law",Corporate Lawyer,"1 projects, 1 internships",Corporate Lawyer
Undergraduate,Electronics & Communication,"Physics Lab,C++,Python,Kubernetes,Figma,AWS","Research,Engineering",Network Security Engineer,"0 projects, 0 internships",Embedded Systems Engineer
Class 12,PCM Stream,"Problem Solving,Communication,Python",Government Jobs,Civil Servant (IAS/IPS),"1 projects, 1 internships",Civil Servant (IAS/IPS)
Undergraduate,Computer Science,"Node.js,HTML,Python","Technology,AI/ML,Business",Cloud Architect,"1 projects, 0 internships",Software Engineer
Undergraduate,Science/B.Sc,"Communication,NumPy,SQL,Mathematics","Research,Technology",Data Analyst,"1 projects, 0 internships",Data Analyst
Undergraduate,Electronics & Communication,"Linear Algebra,Figma,Physics Lab,Docker,Kubernetes","Engineering,Technology,Research",Network Security Engineer,"2 projects, 1 internships",Embedded Systems Engineer
Class 12,PCM Stream,"Chemistry Lab,Communication,Physics Lab,Mathematics,Problem Solving","Government Jobs,Engineering",High School Physics Teacher,"2 projects, 0 internships",Civil Servant (IAS/IPS)
Class 12,PCM Stream,"Mathematics,Communication,Problem Solving,Chemistry Lab","Government Jobs,Research",Civil Servant (IAS/IPS),"1 projects, 0 internships",Civil Servant (IAS/IPS)
Undergraduate,Science/B.Sc,"Statistics,Mathematics,Python,Communication","Technology,Research,Finance",Actuarial Analyst,"2 projects, 1 internships",Data Analyst
Undergraduate,Electronics & Communication,"Physics Lab,Mathematics,C++,Kubernetes,Data Structures","Research,Technology,Engineering",Network Security Engineer,"1 projects, 1 internships",Embedded Systems Engineer
Class 12,PCM Stream,"Problem Solving,Chemistry Lab,Mathematics",Engineering,Civil Servant (IAS/IPS),"0 projects, 0 internships",Civil Servant (IAS/IPS)
Undergraduate,Computer Science,"JavaScript,Node.js,SQL,Algorithms,C++","Technology,Business",Cloud Architect,"1 projects, 0 internships",Software Engineer
Undergraduate,Law/LLB,"Negotiation,Legal Writing,Constitutional Law,Public Speaking,Law","Social Impact,Government Jobs,Law",Public Prosecutor,"2 projects, 0 internships",Corporate Lawyer
Undergraduate,Commerce/B.Com,"Taxation,Problem Solving,Time Management,Economics","Business,Government Jobs,Finance",Unknown Career,"0 projects, 0 internships",Chartered Accountant
Undergraduate,Computer Science,"JavaScript,Node.js,REST APIs,Python,SQL","Technology,AI/ML",DevOps Engineer,"2 projects, 1 internships",Software Engineer
Undergraduate,Electronics & Communication,"Data Structures,Physics Lab,Python,Kubernetes,Mathematics,Linear Algebra","Technology,Engineering,Research",Network Security Engineer,"2 projects, 1 internships",Embedded Systems Engineer
Undergraduate,Business/BBA,"Marketing,Public Speaking,Leadership,Product Management,SEO,Sales","Entrepreneurship,Media,Management",Brand Strategist,"2 projects, 0 internships",Product Manager
Undergraduate,Law/LLB,"Constitutional Law,Negotiation,Technical Writing,Legal Writing,Public Speaking,Communication","Social Impact,Government Jobs",Corporate Lawyer,"0 projects, 1 internships",Corporate Lawyer
Undergraduate,Law/LLB,"Law,Constitutional Law,Public Speaking,Technical Writing,Negotiation","Government Jobs,Social Impact",Public Prosecutor,"0 projects, 0 internships",Corporate Lawyer
Undergraduate,Science/B.Sc,"Mathematics,Data Analytics,Python,Data Visualization","Finance,Research,Business",Actuarial Analyst,"0 projects, 1 internships",Data Analyst
Undergraduate,Law/LLB,"Communication,Constitutional Law,Technical Writing,Leadership","Law,Social Impact",Patent Attorney,"2 projects, 1 internships",Corporate Lawyer
Undergraduate,Law/LLB,"Law,Technical Writing,Communication,Legal Writing,Public Speaking",Law,Patent Attorney,"0 projects, 0 internships",Corporate Lawyer
Undergraduate,Computer Science,"Python,Data Structures,Algorithms,React",AI/ML,Software Engineer,"0 projects, 1 internships",Software Engineer
Undergraduate,Computer Science,"Java,Data Structures,REST APIs",Business,AI/ML Engineer,"1 projects, 0 internships",Software Engineer
Undergraduate,Law/LLB,"Technical Writing,Public Speaking,Leadership,Legal Writing,Communication,Law",Law,Corporate Lawyer,"1 projects, 0 internships",Corporate Lawyer
Class 12,PCM Stream,"Communication,Writing,Python,Problem Solving,Physics Lab","Engineering,Government Jobs,Research",Defense Officer (Army/Navy/Air Force),"0 projects, 0 internships",Civil Servant (IAS/IPS)
Undergraduate,Science/B.Sc,"NumPy,Data Visualization,Python",Technology,Data Analyst,"1 projects, 1 internships",Data Analyst
Undergraduate,Science/B.Sc,"SQL,Data Analytics,Python","Business,Finance",Data Analyst,"0 projects, 0 internships",Data Analyst
Class 12,PCM Stream,"Mathematics,Physics Lab,Python,Chemistry Lab,Communication","Engineering,Research",Research Scientist,"2 projects, 0 internships",Civil Servant (IAS/IPS)
Undergraduate,Computer Science,"React,Git,REST APIs",AI/ML,Software Engineer,"1 projects, 1 internships",Software Engineer
Undergraduate,Law/LLB,"Law,Public Speaking,Leadership","Law,Social Impact",Corporate Lawyer,"1 projects, 1 internships",Corporate Lawyer
Undergraduate,Business/BBA,"Product Management,SEO,Business Strategy","Entrepreneurship,Management",Product Manager,"2 projects, 0 internships",Product Manager
Undergraduate,Science/B.Sc,"SQL,Mathematics,Statistics,Communication,Data Visualization",Finance,Actuarial Analyst,"0 projects, 1 internships",Data Analyst
Undergraduate,Science/B.Sc,"Data Visualization,Communication,Pandas","Technology,Business,Research",Data Scientist,"1 projects, 0 internships",Data Analyst
Undergraduate,Business/BBA,"SEO,Product Management,Leadership,Project Management,Sales,Marketing","Entrepreneurship,Business",Management Consultant,"2 projects, 1 internships",Product Manager
Undergraduate,Commerce/B.Com,"Data Analytics,Scrum,Taxation,Time Management,Problem Solving","Finance,Government Jobs",Chartered Accountant,"1 projects, 0 internships",Chartered Accountant
Undergraduate,Business/BBA,"Public Speaking,Leadership,Project Management,Product Management,Communication",Media,Product Manager,"2 projects, 1 internships",Product Manager
Undergraduate,Computer Science,"Node.js,CSS,C++,React,JavaScript,Python","AI/ML,Technology,Business",AI/ML Engineer,"0 projects, 0 internships",Software Engineer
Undergraduate,Electronics & Communication,"Data Structures,AWS,Physics Lab","Engineering,Research",Embedded Systems Engineer,"1 projects, 0 internships",Embedded Systems Engineer
Undergraduate,Electronics & Communication,"C++,Mathematics,Figma,AWS","Engineering,Technology",Network Security Engineer,"2 projects, 0 internships",Embedded Systems Engineer
Undergraduate,Business/BBA,"Leadership,Project Management,Sales,Marketing,Communication,Product Management","Business,Entrepreneurship,Management",Product Manager,"1 projects, 1 internships",Product Manager
Undergraduate,Science/B.Sc,"Communication,Data Analytics,NumPy,SQL,Python","Business,Finance,Research",Data Analyst,"2 projects, 0 internships",Data Analyst
Undergraduate,Business/BBA,"Product Management,SEO,Public Speaking,Sales,Business Strategy",Business,Product Manager,"2 projects, 1 internships",Product Manager
Undergraduate,Commerce/B.Com,"Scrum,Data Analytics,Economics,Time Management,Communication","Finance,Business",Financial Consultant,"0 projects, 1 internships",Chartered Accountant
Undergraduate,Business/BBA,"SEO,Marketing,Project Management,Public Speaking","Entrepreneurship,Business",Marketing Manager,"0 projects, 1 internships",Product Manager
Undergraduate,Science/B.Sc,"Data Visualization,SQL,Mathematics","Research,Business,Technology",Financial Risk Analyst,"2 projects, 1 internships",Data Analyst
Undergraduate,Computer Science,"JavaScript,Python,CSS,C++,Algorithms",Business,Cloud Architect,"0 projects, 0 internships",Software Engineer
Undergraduate,Business/BBA,"Sales,Leadership,Public Speaking,Product Management,Project Management,SEO","Management,Business,Entrepreneurship",Marketing Manager,"1 projects, 0 internships",Product Manager
Undergraduate,Law/LLB,"Law,Technical Writing,Communication,Legal Writing",Government Jobs,Public Prosecutor,"1 projects, 0 internships",Corporate Lawyer
Undergraduate,Electronics & Communication,"C++,AWS,Physics Lab,Python","Technology,Engineering,Research",Embedded Systems Engineer,"2 projects, 1 internships",Embedded Systems Engineer
Undergraduate,Commerce/B.Com,"Scrum,Communication,SQL,Time Management,Problem Solving",Government Jobs,Investment Banker,"0 projects, 0 internships",Chartered Accountant
Undergraduate,Law/LLB,"Legal Writing,Communication,Public Speaking,Negotiation,Technical Writing","Social Impact,Law,Government Jobs",Corporate Lawyer,"2 projects, 0 internships",Corporate Lawyer
Undergraduate,Business/BBA,"Communication,Project Management,Product Management,Public Speaking,SEO","Entrepreneurship,Business,Management",Marketing Manager,"1 projects, 1 internships",Product Manager
Undergraduate,Science/B.Sc,"Data Analytics,Mathematics,Data Visualization,SQL",Business,Data Scientist,"0 projects, 1 internships",Data Analyst
Undergraduate,Commerce/B.Com,"Data Analytics,Scrum,Communication,Economics,SQL","Finance,Government Jobs,Business",Unknown Career,"0 projects, 0 internships",Chartered Accountant
Undergraduate,Business/BBA,"Business Strategy,SEO,Marketing,Public Speaking",Entrepreneurship,Product Manager,"0 projects, 1 internships",Product Manager
Undergraduate,Law/LLB,"Negotiation,Communication,Public Speaking,Constitutional Law,Legal Writing,Technical Writing","Law,Social Impact,Government Jobs",Public Prosecutor,"2 projects, 1 internships",Corporate Lawyer
Undergraduate,Business/BBA,"Marketing,SEO,Sales,Communication","Business,Media,Entrepreneurship",Management Consultant,"2 projects, 0 internships",Product Manager
Class 12,PCM Stream,"Python,Writing,Mathematics,Communication,Chemistry Lab",Engineering,Defense Officer (Army/Navy/Air Force),"0 projects, 0 internships",Civil Servant (IAS/IPS)
Class 12,PCM Stream,"Problem Solving,Communication,Python","Defence,Engineering",Defense Officer (Army/Navy/Air Force),"2 projects, 1 internships",Civil Servant (IAS/IPS)
Undergraduate,Commerce/B.Com,"Economics,Communication,Scrum,Problem Solving,SQL,Data Analytics","Government Jobs,Finance",Investment Banker,"0 projects, 1 internships",Chartered Accountant
Undergraduate,Business/BBA,"Business Strategy,Leadership,Communication,SEO,Product Management","Business,Media",Management Consultant,"2 projects, 0 internships",Product Manager
Undergraduate,Electronics & Communication,"Figma,Python,AWS,Mathematics,Data Structures","Engineering,Technology",VLSI Design Engineer,"1 projects, 1 internships",Embedded Systems Engineer
Undergraduate,Law/LLB,"Communication,Legal Writing,Law,Constitutional Law,Leadership","Social Impact,Law,Government Jobs",Public Prosecutor,"0 projects, 0 internships",Corporate Lawyer
Class 12,PCM Stream,"Chemistry Lab,Problem Solving,Physics Lab","Research,Government Jobs,Engineering",Research Scientist,"2 projects, 0 internships",Civil Servant (IAS/IPS)
Undergraduate,Law/LLB,"Leadership,Law,Communication","Law,Government Jobs",Public Prosecutor,"2 projects, 1 internships",Corporate Lawyer
Undergraduate,Business/BBA,"Communication,Business Strategy,SEO,Project Management",Management,Management Consultant,"0 projects, 1 internships",Product Manager
Undergraduate,Science/B.Sc,"NumPy,Statistics,Data Analytics,SQL,Communication","Technology,Finance",Data Scientist,"2 projects, 0 internships",Data Analyst
Undergraduate,Law/LLB,"Public Speaking,Communication,Technical Writing,Leadership,Negotiation","Law,Government Jobs",Public Prosecutor,"1 projects, 0 internships",Corporate Lawyer
Class 12,PCM Stream,"Problem Solving,Writing,Physics Lab,Mathematics,Chemistry Lab","Government Jobs,Engineering",Research Scientist,"2 projects, 1 internships",Civil Servant (IAS/IPS)
Class 12,PCM Stream,"Writing,Mathematics,Chemistry Lab","Government Jobs,Research,Engineering",Research Scientist,"2 projects, 0 internships",Civil Servant (IAS/IPS)
Undergraduate,Computer Science,"CSS,React,Node.js,C++,SQL","AI/ML,Business",AI/ML Engineer,"1 projects, 0 internships",Software Engineer
Undergraduate,Science/B.Sc,"Statistics,SQL,Mathematics","Technology,Business",Financial Risk Analyst,"2 projects, 0 internships",Data Analyst
Undergraduate,Computer Science,"Git,Data Structures,JavaScript,React,SQL,Python","AI/ML,Technology,Business",AI/ML Engineer,"0 projects, 1 internships",Software Engineer
Undergraduate,Business/BBA,"SEO,Marketing,Business Strategy,Project Management,Product Management",Media,Brand Strategist,"0 projects, 0 internships",Product Manager
Undergraduate,Computer Science,"CSS,SQL,Algorithms,React,HTML,REST APIs","AI/ML,Technology",DevOps Engineer,"2 projects, 1 internships",Software Engineer
Undergraduate,Business/BBA,"Public Speaking,Marketing,Product Management,Business Strategy,Sales",Media,Brand Strategist,"1 projects, 1 internships",Product Manager
Undergraduate,Commerce/B.Com,"Problem Solving,SQL,Data Analytics","Business,Finance,Government Jobs",Unknown Career,"1 projects, 0 internships",Chartered Accountant
Undergraduate,Computer Science,"HTML,Data Structures,Java,Python",AI/ML,Data Scientist,"1 projects, 1 internships",Software Engineer
Undergraduate,Science/B.Sc,"Python,Pandas,NumPy,Data Analytics",Finance,Financial Risk Analyst,"1 projects, 1 internships",Data Analyst
Class 12,PCM Stream,"Python,Physics Lab,Chemistry Lab,Communication,Writing",Engineering,Research Scientist,"2 projects, 1 internships",Civil Servant (IAS/IPS)
Undergraduate,Science/B.Sc,"Data Analytics,Statistics,Mathematics","Business,Research",Financial Risk Analyst,"1 projects, 0 internships",Data Analyst
Undergraduate,Law/LLB,"Leadership,Communication,Public Speaking,Technical Writing,Negotiation,Constitutional Law","Law,Government Jobs",Patent Attorney,"2 projects, 0 internships",Corporate Lawyer
Undergraduate,Science/B.Sc,"Mathematics,SQL,Data Analytics,Pandas,Python,Statistics","Research,Business",Financial Risk Analyst,"0 projects, 1 internships",Data Analyst
Undergraduate,Science/B.Sc,"Data Analytics,NumPy,Pandas","Finance,Technology",Data Scientist,"0 projects, 1 internships",Data Analyst
Undergraduate,Law/LLB,"Communication,Negotiation,Public Speaking","Law,Government Jobs,Social Impact",Criminal Defense Lawyer,"0 projects, 0 internships",Corporate Lawyer
Undergraduate,Commerce/B.Com,"Financial Accounting,Taxation,Problem Solving","Government Jobs,Business",Investment Banker,"0 projects, 0 internships",Chartered Accountant
Undergraduate,Science/B.Sc,"Data Visualization,Pandas,Mathematics","Research,Technology",Financial Risk Analyst,"1 projects, 0 internships",Data Analyst
Class 12,PCM Stream,"Communication,Python,Mathematics","Engineering,Research",Civil Servant (IAS/IPS),"2 projects, 0 internships",Civil Servant (IAS/IPS)
Undergraduate,Business/BBA,"Sales,Leadership,Product Management,Public Speaking,Communication","Management,Media",Brand Strategist,"0 projects, 1 internships",Product Manager
Undergraduate,Law/LLB,"Public Speaking,Leadership,Legal Writing,Constitutional Law","Government Jobs,Social Impact,Law",Patent Attorney,"0 projects, 1 internships",Corporate Lawyer
Undergraduate,Science/B.Sc,"Data Analytics,Data Visualization,Communication,Mathematics","Business,Research,Finance",Financial Risk Analyst,"0 projects, 1 internships",Data Analyst
Undergraduate,Computer Science,"REST APIs,HTML,Python,Algorithms,React,SQL","AI/ML,Technology,Business",Data Scientist,"1 projects, 1 internships",Software Engineer
Undergraduate,Electronics & Communication,"Linear Algebra,Python,C++,Mathematics,AWS","Technology,Research,Engineering",VLSI Design Engineer,"0 projects, 0 internships",Embedded Systems Engineer
Undergraduate,Electronics & Communication,"Linear Algebra,Mathematics,Data Structures",Engineering,VLSI Design Engineer,"0 projects, 1 internships",Embedded Systems Engineer
Undergraduate,Law/LLB,"Legal Writing,Leadership,Communication,Negotiation","Law,Social Impact,Government Jobs",Public Prosecutor,"0 projects, 0 internships",Corporate Lawyer
Class 12,PCM Stream,"Problem Solving,Mathematics,Communication","Engineering,Government Jobs",Defense Officer (Army/Navy/Air Force),"1 projects, 0 internships",Civil Servant (IAS/IPS)
Undergraduate,Law/LLB,"Public Speaking,Law,Technical Writing,Communication,Negotiation","Government Jobs,Social Impact,Law",Public Prosecutor,"2 projects, 1 internships",Corporate Lawyer
Undergraduate,Business/BBA,"Project Management,Public Speaking,Communication,Product Management,Business Strategy,Leadership",Management,Marketing Manager,"2 projects, 0 internships",Product Manager
Undergraduate,Law/LLB,"Negotiation,Public Speaking,Leadership,Technical Writing",Government Jobs,Patent Attorney,"1 projects, 1 internships",Corporate Lawyer
Undergraduate,Computer Science,"Python,SQL,CSS,C++",Business,DevOps Engineer,"2 projects, 1 internships",Software Engineer
Class 12,PCM Stream,"Communication,Writing,Mathematics,Python,Problem Solving","Research,Defence,Government Jobs",Research Scientist,"1 projects, 0 internships",Civil Servant (IAS/IPS)
Undergraduate,Electronics & Communication,"Linear Algebra,Docker,Data Structures,C++,Python",Technology,Network Security Engineer,"1 projects, 0 internships",Embedded Systems Engineer
Undergraduate,Computer Science,"REST APIs,CSS,JavaScript,Algorithms,Data Structures","AI/ML,Business,Technology",Software Engineer,"2 projects, 0 internships",Software Engineer
Undergraduate,Computer Science,"Git,Java,Data Structures",AI/ML,Cloud Architect,"1 projects, 1 internships",Software Engineer
Undergraduate,Electronics & Communication,"AWS,Docker,Python,Kubernetes,Mathematics,Physics Lab","Research,Technology",VLSI Design Engineer,"2 projects, 0 internships",Embedded Systems Engineer
Undergraduate,Business/BBA,"Public Speaking,SEO,Marketing",Business,Brand Strategist,"0 projects, 1 internships",Product Manager
Class 12,PCM Stream,"Writing,Problem Solving,Chemistry Lab","Engineering,Research,Government Jobs",Research Scientist,"2 projects, 0 internships",Civil Servant (IAS/IPS)
Undergraduate,Commerce/B.Com,"Taxation,SQL,Economics,Time Management,Problem Solving","Finance,Government Jobs",Investment Banker,"1 projects, 0 internships",Chartered Accountant
Undergraduate,Commerce/B.Com,"Problem Solving,SQL,Communication,Financial Accounting","Business,Finance",Unknown Career,"2 projects, 0 internships",Chartered Accountant
Undergraduate,Science/B.Sc,"NumPy,Data Analytics,Mathematics","Research,Business",Actuarial Analyst,"1 projects, 0 internships",Data Analyst
Undergraduate,Commerce/B.Com,"SQL,Scrum,Taxation,Financial Accounting,Communication","Business,Government Jobs,Finance",Chartered Accountant,"0 projects, 0 internships",Chartered Accountant
Undergraduate,Electronics & Communication,"Linear Algebra,AWS,Python,C++,Kubernetes",Technology,Embedded Systems Engineer,"0 projects, 1 internships",Embedded Systems Engineer
Undergraduate,Electronics & Communication,"Kubernetes,Physics Lab,Linear Algebra,Mathematics",Research,IoT Systems Architect,"0 projects, 1 internships",Embedded Systems Engineer
Undergraduate,Law/LLB,"Public Speaking,Communication,Law","Law,Social Impact",Corporate Lawyer,"1 projects, 1 internships",Corporate Lawyer
Undergraduate,Commerce/B.Com,"Scrum,Taxation,Problem Solving,Economics,Communication,Data Analytics","Government Jobs,Business",Chartered Accountant,"0 projects, 1 internships",Chartered Accountant
Undergraduate,Electronics & Communication,"Figma,Docker,Kubernetes,Python,Data Structures",Technology,IoT Systems Architect,"1 projects, 1 internships",Embedded Systems Engineer
Undergraduate,Science/B.Sc,"Statistics,SQL,Data Analytics,Data Visualization,Pandas",Business,Financial Risk Analyst,"0 projects, 1 internships",Data Analyst
Undergraduate,Business/BBA,"Sales,Product Management,Project Management",Management,Management Consultant,"1 projects, 0 internships",Product Manager
Undergraduate,Business/BBA,"Product Management,Marketing,Communication,Sales,SEO","Media,Entrepreneurship",Marketing Manager,"2 projects, 0 internships",Product Manager
Undergraduate,Computer Science,"C++,SQL,Node.js,React,JavaScript",Technology,DevOps Engineer,"0 projects, 0 internships",Software Engineer
Undergraduate,Science/B.Sc,"Statistics,SQL,Data Analytics","Business,Research",Actuarial Analyst,"1 projects, 0 internships",Data Analyst
Undergraduate,Commerce/B.Com,"Scrum,Data Analytics,Communication",Business,Unknown Career,"1 projects, 0 internships",Chartered Accountant
Undergraduate,Commerce/B.Com,"Time Management,Communication,Scrum,Problem Solving,Taxation","Government Jobs,Finance",Chartered Accountant,"2 projects, 0 internships",Chartered Accountant
Undergraduate,Law/LLB,"Law,Constitutional Law,Negotiation,Legal Writing","Social Impact,Government Jobs,Law",Public Prosecutor,"2 projects, 0 internships",Corporate Lawyer
Class 12,PCM Stream,"Chemistry Lab,Writing,Mathematics","Engineering,Research",High School Physics Teacher,"1 projects, 1 internships",Civil Servant (IAS/IPS)
Class 12,PCM Stream,"Mathematics,Physics Lab,Chemistry Lab","Research,Engineering",Research Scientist,"0 projects, 1 internships",Civil Servant (IAS/IPS)
Undergraduate,Computer Science,"Data Structures,Node.js,HTML,Java",AI/ML,Data Scientist,"1 projects, 1 internships",Software Engineer
Undergraduate,Business/BBA,"Public Speaking,Sales,Communication,SEO,Marketing,Leadership","Entrepreneurship,Media",Management Consultant,"1 projects, 1 internships",Product Manager
Undergraduate,Computer Science,"REST APIs,HTML,React,SQL,Data Structures,C++","Technology,Business,AI/ML",Software Engineer,"0 projects, 0 internships",Software Engineer
Undergraduate,Science/B.Sc,"NumPy,Data Analytics,Data Visualization,Python,SQL,Pandas","Business,Research",Actuarial Analyst,"0 projects, 1 internships",Data Analyst
Undergraduate,Science/B.Sc,"Python,Data Visualization,Communication,Mathematics,Statistics",Research,Financial Risk Analyst,"0 projects, 0 internships",Data Analyst
Undergraduate,Computer Science,"Algorithms,Python,Java,CSS,C++,Git","AI/ML,Business,Technology",Software Engineer,"0 projects, 1 internships",Software Engineer
Undergraduate,Electronics & Communication,"Linear Algebra,Python,Figma,Mathematics,C++","Engineering,Technology",Embedded Systems Engineer,"0 projects, 1 internships",Embedded Systems Engineer
Undergraduate,Computer Science,"Python,Node.js,REST APIs","Technology,AI/ML",DevOps Engineer,"2 projects, 0 internships",Software Engineer
Undergraduate,Electronics & Communication,"Kubernetes,C++,Docker,Data Structures","Engineering,Technology,Research",IoT Systems Architect,"2 projects, 0 internships",Embedded Systems Engineer
Undergraduate,Commerce/B.Com,"Time Management,Communication,Economics,Scrum,Problem Solving","Government Jobs,Business",Unknown Career,"1 projects, 0 internships",Chartered Accountant
Undergraduate,Law/LLB,"Public Speaking,Leadership,Negotiation,Communication",Social Impact,Criminal Defense Lawyer,"1 projects, 1 internships",Corporate Lawyer
Undergraduate,Law/LLB,"Public Speaking,Constitutional Law,Legal Writing,Communication,Technical Writing","Social Impact,Law",Corporate Lawyer,"0 projects, 1 internships",Corporate Lawyer
Undergraduate,Electronics & Communication,"Kubernetes,Python,Physics Lab",Engineering,VLSI Design Engineer,"0 projects, 1 internships",Embedded Systems Engineer
Undergraduate,Computer Science,"Java,C++,HTML,Git","AI/ML,Technology,Business",DevOps Engineer,"2 projects, 0 internships",Software Engineer
Undergraduate,Electronics & Communication,"Data Structures,Physics Lab,Docker,AWS,Kubernetes",Engineering,Embedded Systems Engineer,"2 projects, 0 internships",Embedded Systems Engineer
Undergraduate,Law/LLB,"Leadership,Legal Writing,Communication,Technical Writing",Law,Public Prosecutor,"1 projects, 0 internships",Corporate Lawyer
Undergraduate,Commerce/B.Com,"Communication,Taxation,SQL","Finance,Government Jobs",Financial Consultant,"2 projects, 0 internships",Chartered Accountant
Undergraduate,Computer Science,"JavaScript,REST APIs,Algorithms,C++,Node.js",AI/ML,AI/ML Engineer,"1 projects, 0 internships",Software Engineer
Undergraduate,Computer Science,"REST APIs,Python,Algorithms",Business,AI/ML Engineer,"1 projects, 1 internships",Software Engineer
Undergraduate,Electronics & Communication,"Kubernetes,C++,Figma,Physics Lab,Mathematics","Engineering,Technology",VLSI Design Engineer,"1 projects, 0 internships",Embedded Systems Engineer
Undergraduate,Law/LLB,"Leadership,Public Speaking,Constitutional Law,Law","Government Jobs,Social Impact,Law",Criminal Defense Lawyer,"0 projects, 1 internships",Corporate Lawyer
Undergraduate,Electronics & Communication,"Figma,C++,Docker,Physics Lab","Research,Technology",VLSI Design Engineer,"2 projects, 0 internships",Embedded Systems Engineer
Class 12,PCM Stream,"Problem Solving,Python,Communication,Physics Lab,Chemistry Lab","Engineering,Government Jobs",Research Scientist,"2 projects, 1 internships",Civil Servant (IAS/IPS)
Undergraduate,Law/LLB,"Technical Writing,Leadership,Public Speaking,Law",Government Jobs,Corporate Lawyer,"0 projects, 1 internships",Corporate Lawyer
Undergraduate,Computer Science,"REST APIs,Python,Java","AI/ML,Technology,Business",DevOps Engineer,"0 projects, 1 internships",Software Engineer
Undergraduate,Electronics & Communication,"Kubernetes,Linear Algebra,Figma","Engineering,Technology,Research",IoT Systems Architect,"0 projects, 0 internships",Embedded Systems Engineer
Undergraduate,Electronics & Communication,"AWS,Kubernetes,Linear Algebra,Physics Lab,Data Structures","Technology,Engineering",IoT Systems Architect,"0 projects, 0 internships",Embedded Systems Engineer
Class 12,PCM Stream,"Chemistry Lab,Writing,Physics Lab,Python,Communication",Engineering,Research Scientist,"1 projects, 0 internships",Civil Servant (IAS/IPS)
Undergraduate,Electronics & Communication,"Data Structures,Python,Physics Lab,AWS","Research,Engineering",Embedded Systems Engineer,"0 projects, 1 internships",Embedded Systems Engineer
Undergraduate,Computer Science,"CSS,Python,React,Node.js,JavaScript","Technology,Business",AI/ML Engineer,"0 projects, 1 internships",Software Engineer
Undergraduate,Business/BBA,"Product Management,Business Strategy,Project Management,Leadership,Communication,SEO","Business,Entrepreneurship",Marketing Manager,"2 projects, 1 internships",Product Manager
Undergraduate,Law/LLB,"Leadership,Public Speaking,Legal Writing,Law,Negotiation","Government Jobs,Social Impact",Corporate Lawyer,"0 projects, 1 internships",Corporate Lawyer
Undergraduate,Electronics & Communication,"Python,C++,AWS,Linear Algebra,Mathematics","Research,Engineering,Technology",IoT Systems Architect,"0 projects, 0 internships",Embedded Systems Engineer
Undergraduate,Law/LLB,"Negotiation,Law,Legal Writing,Communication,Technical Writing,Leadership",Government Jobs,Criminal Defense Lawyer,"0 projects, 0 internships",Corporate Lawyer
Undergraduate,Computer Science,"React,Algorithms,HTML,Node.js",Business,AI/ML Engineer,"1 projects, 1 internships",Software Engineer
Undergraduate,Computer Science,"JavaScript,Algorithms,REST APIs,Data Structures,Python,SQL",Technology,Software Engineer,"1 projects, 0 internships",Software Engineer
Undergraduate,Computer Science,"Node.js,Algorithms,Git",Business,Software Engineer,"2 projects, 1 internships",Software Engineer
Undergraduate,Science/B.Sc,"Python,Communication,Data Analytics","Research,Business,Finance",Data Scientist,"0 projects, 0 internships",Data Analyst
Undergraduate,Electronics & Communication,"Kubernetes,Linear Algebra,Physics Lab,Mathematics",Technology,IoT Systems Architect,"2 projects, 0 internships",Embedded Systems Engineer
Class 12,PCM Stream,"Communication,Writing,Problem Solving","Defence,Research",Defense Officer (Army/Navy/Air Force),"0 projects, 0 internships",Civil Servant (IAS/IPS)
Undergraduate,Electronics & Communication,"C++,Mathematics,Linear Algebra,Python,Physics Lab,Kubernetes","Research,Technology,Engineering",Embedded Systems Engineer,"1 projects, 0 internships",Embedded Systems Engineer
Undergraduate,Law/LLB,"Negotiation,Law,Constitutional Law,Leadership",Law,Corporate Lawyer,"1 projects, 0 internships",Corporate Lawyer
Undergraduate,Computer Science,"HTML,C++,Algorithms,React","AI/ML,Technology",AI/ML Engineer,"2 projects, 0 internships",Software Engineer
Class 12,PCM Stream,"Writing,Physics Lab,Mathematics,Problem Solving",Engineering,Research Scientist,"0 projects, 0 internships",Civil Servant (IAS/IPS)
Undergraduate,Commerce/B.Com,"SQL,Problem Solving,Economics,Time Management,Data Analytics","Government Jobs,Finance",Chartered Accountant,"0 projects, 1 internships",Chartered Accountant
Class 12,PCM Stream,"Physics Lab,Chemistry Lab,Python,Writing,Communication","Defence,Research,Engineering",Civil Servant (IAS/IPS),"1 projects, 1 internships",Civil Servant (IAS/IPS)
Class 12,PCM Stream,"Communication,Problem Solving,Chemistry Lab,Mathematics,Python","Research,Government Jobs,Defence",Civil Servant (IAS/IPS),"2 projects, 1 internships",Civil Servant (IAS/IPS)
Undergraduate,Electronics & Communication,"Python,C++,Figma,Mathematics,Linear Algebra,Physics Lab","Research,Engineering",Embedded Systems Engineer,"2 projects, 0 internships",Embedded Systems Engineer
Class 12,PCM Stream,"Problem Solving,Communication,Python,Physics Lab,Mathematics,Chemistry Lab","Defence,Government Jobs",Civil Servant (IAS/IPS),"2 projects, 1 internships",Civil Servant (IAS/IPS)
Undergraduate,Business/BBA,"Communication,Public Speaking,SEO,Business Strategy,Product Management","Management,Media",Brand Strategist,"0 projects, 1 internships",Product Manager
Class 12,PCM Stream,"Writing,Communication,Physics Lab,Chemistry Lab,Mathematics",Defence,Research Scientist,"0 projects, 0 internships",Civil Servant (IAS/IPS)
Undergraduate,Computer Science,"Data Structures,Algorithms,Node.js,REST APIs,Java",Technology,Data Scientist,"0 projects, 0 internships",Software Engineer
Undergraduate,Law/LLB,"Law,Leadership,Negotiation,Constitutional Law","Government Jobs,Law",Criminal Defense Lawyer,"0 projects, 1 internships",Corporate Lawyer
Undergraduate,Electronics & Communication,"AWS,Kubernetes,Physics Lab,Docker,Python",Technology,Embedded Systems Engineer,"0 projects, 1 internships",Embedded Systems Engineer
Class 12,PCM Stream,"Physics Lab,Problem Solving,Chemistry Lab",Research,Civil Servant (IAS/IPS),"0 projects, 0 internships",Civil Servant (IAS/IPS)
Undergraduate,Computer Science,"C++,JavaScript,Git,Data Structures,SQL","Business,AI/ML",Software Engineer,"1 projects, 1 internships",Software Engineer
Undergraduate,Business/BBA,"Project Management,Sales,Leadership,Business Strategy,SEO",Management,Management Consultant,"2 projects, 1 internships",Product Manager
Class 12,PCM Stream,"Physics Lab,Problem Solving,Python,Writing,Chemistry Lab","Engineering,Government Jobs",Research Scientist,"0 projects, 1 internships",Civil Servant (IAS/IPS)
Undergraduate,Computer Science,"SQL,JavaScript,Algorithms,C++","Business,AI/ML",Cloud Architect,"2 projects, 1 internships",Software Engineer
Undergraduate,Commerce/B.Com,"Economics,Problem Solving,Time Management,Communication",Finance,Investment Banker,"0 projects, 1 internships",Chartered Accountant
Undergraduate,Business/BBA,"Leadership,Public Speaking,Communication",Media,Management Consultant,"1 projects, 0 internships",Product Manager
Class 12,PCM Stream,"Communication,Physics Lab,Python,Mathematics,Writing,Chemistry Lab","Defence,Research,Government Jobs",Civil Servant (IAS/IPS),"1 projects, 0 internships",Civil Servant (IAS/IPS)
Undergraduate,Computer Science,"JavaScript,Java,React,C++",Technology,DevOps Engineer,"2 projects, 0 internships",Software Engineer
Undergraduate,Commerce/B.Com,"Time Management,Communication,Data Analytics",Government Jobs,Chartered Accountant,"2 projects, 1 internships",Chartered Accountant
Undergraduate,Electronics & Communication,"C++,Figma,Mathematics",Technology,VLSI Design Engineer,"2 projects, 0 internships",Embedded Systems Engineer
Undergraduate,Commerce/B.Com,"Time Management,Problem Solving,SQL,Communication,Financial Accounting,Taxation","Business,Government Jobs,Finance",Chartered Accountant,"2 projects, 1 internships",Chartered Accountant
Undergraduate,Electronics & Communication,"Python,AWS,Figma,Data Structures,Docker,Physics Lab",Engineering,IoT Systems Architect,"2 projects, 0 internships",Embedded Systems Engineer
Class 12,PCM Stream,"Python,Writing,Communication,Chemistry Lab,Physics Lab","Research,Engineering,Government Jobs",Civil Servant (IAS/IPS),"1 projects, 0 internships",Civil Servant (IAS/IPS)
Undergraduate,Commerce/B.Com,"SQL,Taxation,Economics,Problem Solving",Finance,Investment Banker,"1 projects, 0 internships",Chartered Accountant
Undergraduate,Electronics & Communication,"AWS,Python,Kubernetes","Engineering,Technology",VLSI Design Engineer,"1 projects, 1 internships",Embedded Systems Engineer
Undergraduate,Commerce/B.Com,"Economics,Scrum,Data Analytics,Communication,Problem Solving,Time Management",Finance,Unknown Career,"1 projects, 1 internships",Chartered Accountant
Undergraduate,Law/LLB,"Constitutional Law,Communication,Legal Writing,Negotiation,Technical Writing,Leadership","Law,Government Jobs,Social Impact",Public Prosecutor,"2 projects, 1 internships",Corporate Lawyer
Undergraduate,Commerce/B.Com,"Problem Solving,Financial Accounting,Taxation,Data Analytics,Communication,SQL",Business,Investment Banker,"1 projects, 0 internships",Chartered Accountant
Undergraduate,Science/B.Sc,"Mathematics,SQL,Data Visualization,NumPy,Communication,Data Analytics","Research,Business",Financial Risk Analyst,"1 projects, 0 internships",Data Analyst
Undergraduate,Business/BBA,"Business Strategy,Sales,SEO,Communication,Project Management,Product Management","Management,Business,Entrepreneurship",Brand Strategist,"1 projects, 1 internships",Product Manager
Undergraduate,Science/B.Sc,"Data Visualization,Statistics,SQL,Pandas,Data Analytics",Technology,Actuarial Analyst,"0 projects, 0 internships",Data Analyst
Undergraduate,Computer Science,"CSS,Data Structures,Python,Git,SQL","Technology,Business,AI/ML",Data Scientist,"0 projects, 1 internships",Software Engineer
Class 12,PCM Stream,"Chemistry Lab,Mathematics,Python,Physics Lab,Writing,Problem Solving",Defence,Civil Servant (IAS/IPS),"1 projects, 0 internships",Civil Servant (IAS/IPS)
Undergraduate,Electronics & Communication,"AWS,Mathematics,Figma,Kubernetes","Technology,Engineering",Embedded Systems Engineer,"2 projects, 1 internships",Embedded Systems Engineer
Undergraduate,Computer Science,"HTML,Python,Java,React","AI/ML,Business,Technology",Cloud Architect,"0 projects, 1 internships",Software Engineer
Undergraduate,Law/LLB,"Law,Constitutional Law,Communication,Leadership,Public Speaking",Social Impact,Public Prosecutor,"0 projects, 0 internships",Corporate Lawyer
Undergraduate,Electronics & Communication,"Mathematics,C++,Figma,AWS,Data Structures",Technology,Network Security Engineer,"2 projects, 1 internships",Embedded Systems Engineer
Undergraduate,Computer Science,"SQL,JavaScript,Java,C++",Business,Software Engineer,"0 projects, 1 internships",Software Engineer
Undergraduate,Science/B.Sc,"NumPy,Data Visualization,Python,Statistics","Technology,Research",Data Scientist,"1 projects, 0 internships",Data Analyst
Class 12,PCM Stream,"Chemistry Lab,Problem Solving,Python","Research,Government Jobs",Research Scientist,"2 projects, 0 internships",Civil Servant (IAS/IPS)
Undergraduate,Science/B.Sc,"Data Visualization,NumPy,Pandas,Data Analytics,Mathematics","Research,Technology,Business",Data Scientist,"2 projects, 0 internships",Data Analyst
Undergraduate,Law/LLB,"Law,Constitutional Law,Communication,Negotiation,Leadership",Government Jobs,Corporate Lawyer,"1 projects, 1 internships",Corporate Lawyer
Class 12,PCM Stream,"Python,Problem Solving,Physics Lab,Communication,Writing,Chemistry Lab","Research,Defence,Government Jobs",Defense Officer (Army/Navy/Air Force),"1 projects, 0 internships",Civil Servant (IAS/IPS)
Undergraduate,Business/BBA,"Public Speaking,Communication,Marketing,Sales,Leadership","Media,Management,Entrepreneurship",Management Consultant,"0 projects, 1 internships",Product Manager
Undergraduate,Business/BBA,"SEO,Communication,Business Strategy,Project Management,Sales","Management,Business,Entrepreneurship",Management Consultant,"1 projects, 0 internships",Product Manager
Undergraduate,Business/BBA,"Public Speaking,Communication,Sales,Product Management,Leadership",Business,Brand Strategist,"2 projects, 0 internships",Product Manager
Undergraduate,Law/LLB,"Negotiation,Legal Writing,Communication","Government Jobs,Social Impact,Law",Criminal Defense Lawyer,"2 projects, 1 internships",Corporate Lawyer
Undergraduate,Business/BBA,"Communication,Sales,Leadership,Public Speaking,SEO",Entrepreneurship,Product Manager,"2 projects, 0 internships",Product Manager
Undergraduate,Science/B.Sc,"Communication,Data Visualization,Mathematics,SQL",Technology,Financial Risk Analyst,"2 projects, 1 internships",Data Analyst
Undergraduate,Business/BBA,"Sales,Business Strategy,Marketing",Entrepreneurship,Product Manager,"0 projects, 0 internships",Product Manager
Undergraduate,Law/LLB,"Technical Writing,Legal Writing,Communication,Law,Negotiation",Law,Criminal Defense Lawyer,"2 projects, 1 internships",Corporate Lawyer
Class 12,PCM Stream,"Communication,Mathematics,Chemistry Lab,Physics Lab,Problem Solving,Python",Defence,High School Physics Teacher,"2 projects, 1 internships",Civil Servant (IAS/IPS)
Undergraduate,Science/B.Sc,"Data Analytics,Data Visualization,NumPy,Python,Statistics,SQL","Research,Finance",Actuarial Analyst,"0 projects, 0 internships",Data Analyst
Undergraduate,Science/B.Sc,"Pandas,Python,Statistics,NumPy","Research,Business,Finance",Data Analyst,"1 projects, 1 internships",Data Analyst
Undergraduate,Commerce/B.Com,"Communication,Data Analytics,Problem Solving,Scrum,Time Management","Finance,Business",Unknown Career,"2 projects, 1 internships",Chartered Accountant
Undergraduate,Computer Science,"Node.js,JavaScript,Data Structures,CSS",Business,Software Engineer,"0 projects, 1 internships",Software Engineer
Undergraduate,Law/LLB,"Legal Writing,Constitutional Law,Public Speaking,Negotiation,Leadership",Law,Corporate Lawyer,"1 projects, 0 internships",Corporate Lawyer
Undergraduate,Business/BBA,"Project Management,Sales,Marketing,SEO","Management,Business",Management Consultant,"1 projects, 0 internships",Product Manager
Undergraduate,Commerce/B.Com,"Taxation,SQL,Time Management,Problem Solving,Data Analytics","Government Jobs,Business",Financial Consultant,"0 projects, 0 internships",Chartered Accountant
Undergraduate,Law/LLB,"Leadership,Negotiation,Public Speaking,Technical Writing,Constitutional Law",Law,Corporate Lawyer,"2 projects, 0 internships",Corporate Lawyer
Undergraduate,Law/LLB,"Legal Writing,Technical Writing,Constitutional Law,Leadership","Law,Government Jobs,Social Impact",Corporate Lawyer,"1 projects, 1 internships",Corporate Lawyer
Undergraduate,Law/LLB,"Public Speaking,Communication,Constitutional Law,Negotiation,Leadership","Government Jobs,Law",Corporate Lawyer,"1 projects, 1 internships",Corporate Lawyer
Undergraduate,Law/LLB,"Law,Public Speaking,Constitutional Law,Leadership,Legal Writing",Law,Public Prosecutor,"2 projects, 1 internships",Corporate Lawyer
Undergraduate,Electronics & Communication,"Data Structures,Python,Linear Algebra","Research,Technology,Engineering",VLSI Design Engineer,"0 projects, 1 internships",Embedded Systems Engineer
Undergraduate,Electronics & Communication,"AWS,Linear Algebra,Kubernetes","Engineering,Research,Technology",VLSI Design Engineer,"1 projects, 1 internships",Embedded Systems Engineer
Undergraduate,Business/BBA,"Leadership,Marketing,Project Management,Communication",Media,Management Consultant,"2 projects, 0 internships",Product Manager
Undergraduate,Business/BBA,"Leadership,Product Management,Communication,Marketing,Public Speaking,Sales",Entrepreneurship,Management Consultant,"0 projects, 0 internships",Product Manager
Undergraduate,Commerce/B.Com,"Economics,Data Analytics,Communication","Finance,Business,Government Jobs",Chartered Accountant,"1 projects, 1 internships",Chartered Accountant
Undergraduate,Computer Science,"HTML,Algorithms,REST APIs,C++","AI/ML,Technology,Business",Cloud Architect,"0 projects, 1 internships",Software Engineer
Undergraduate,Science/B.Sc,"Mathematics,Data Analytics,Statistics,Pandas,Data Visualization","Business,Finance,Technology",Data Scientist,"2 projects, 1 internships",Data Analyst
Undergraduate,Computer Science,"CSS,Data Structures,Git,JavaScript",Technology,Data Scientist,"0 projects, 0 internships",Software Engineer
Undergraduate,Computer Science,"SQL,Git,CSS","AI/ML,Technology,Business",Cloud Architect,"1 projects, 0 internships",Software Engineer
Class 12,PCM Stream,"Communication,Physics Lab,Chemistry Lab,Mathematics,Python,Problem Solving","Government Jobs,Engineering,Research",Research Scientist,"1 projects, 0 internships",Civil Servant (IAS/IPS)
Class 12,PCM Stream,"Problem Solving,Communication,Writing","Defence,Government Jobs,Engineering",Research Scientist,"2 projects, 0 internships",Civil Servant (IAS/IPS)
Class 12,PCM Stream,"Mathematics,Python,Communication,Problem Solving,Writing","Research,Government Jobs",Civil Servant (IAS/IPS),"2 projects, 1 internships",Civil Servant (IAS/IPS)
Undergraduate,Law/LLB,"Negotiation,Constitutional Law,Law,Leadership","Social Impact,Government Jobs,Law",Public Prosecutor,"0 projects, 0 internships",Corporate Lawyer
Class 12,PCM Stream,"Writing,Python,Mathematics","Government Jobs,Defence,Engineering",Civil Servant (IAS/IPS),"0 projects, 1 internships",Civil Servant (IAS/IPS)
Undergraduate,Science/B.Sc,"SQL,Data Visualization,Data Analytics,Pandas,Communication","Finance,Business,Technology",Data Scientist,"2 projects, 0 internships",Data Analyst
Undergraduate,Law/LLB,"Law,Communication,Public Speaking,Negotiation","Government Jobs,Law,Social Impact",Criminal Defense Lawyer,"2 projects, 1 internships",Corporate Lawyer
Undergraduate,Commerce/B.Com,"Communication,Financial Accounting,Economics,SQL","Government Jobs,Business,Finance",Investment Banker,"2 projects, 0 internships",Chartered Accountant
Undergraduate,Business/BBA,"Sales,Marketing,SEO,Business Strategy,Leadership,Communication","Management,Entrepreneurship,Business",Marketing Manager,"0 projects, 1 internships",Product Manager
Undergraduate,Law/LLB,"Law,Public Speaking,Constitutional Law,Negotiation,Leadership","Social Impact,Law",Criminal Defense Lawyer,"2 projects, 1 internships",Corporate Lawyer
Undergraduate,Computer Science,"HTML,Java,Algorithms","Technology,Business",DevOps Engineer,"1 projects, 1 internships",Software Engineer
Undergraduate,Science/B.Sc,"Python,Pandas,Communication,Mathematics,Data Visualization",Business,Financial Risk Analyst,"0 projects, 1 internships",Data Analyst
Undergraduate,Science/B.Sc,"Communication,Statistics,Mathematics,Data Visualization",Business,Financial Risk Analyst,"2 projects, 1 internships",Data Analyst
Undergraduate,Computer Science,"JavaScript,Git,React","Technology,AI/ML,Business",Data Scientist,"2 projects, 0 internships",Software Engineer
Class 12,PCM Stream,"Writing,Physics Lab,Communication,Chemistry Lab,Problem Solving,Python",Research,Defense Officer (Army/Navy/Air Force),"0 projects, 0 internships",Civil Servant (IAS/IPS)
Undergraduate,Business/BBA,"Product Management,Leadership,Sales",Business,Product Manager,"0 projects, 1 internships",Product Manager
Undergraduate,Science/B.Sc,"Data Visualization,NumPy,Mathematics","Business,Research,Technology",Data Analyst,"0 projects, 1 internships",Data Analyst
Undergraduate,Law/LLB,"Legal Writing,Law,Negotiation,Leadership,Public Speaking","Government Jobs,Law,Social Impact",Public Prosecutor,"1 projects, 0 internships",Corporate Lawyer
Undergraduate,Electronics & Communication,"Physics Lab,Docker,Mathematics,Data Structures,AWS,Figma","Engineering,Research,Technology",IoT Systems Architect,"1 projects, 1 internships",Embedded Systems Engineer
Undergraduate,Law/LLB,"Leadership,Law,Technical Writing,Public Speaking,Negotiation,Constitutional Law","Law,Social Impact,Government Jobs",Corporate Lawyer,"1 projects, 0 internships",Corporate Lawyer
Class 12,PCM Stream,"Problem Solving,Physics Lab,Chemistry Lab,Writing,Communication,Python",Defence,Civil Servant (IAS/IPS),"2 projects, 1 internships",Civil Servant (IAS/IPS)
Undergraduate,Law/LLB,"Public Speaking,Constitutional Law,Technical Writing","Social Impact,Law,Government Jobs",Criminal Defense Lawyer,"0 projects, 1 internships",Corporate Lawyer
Undergraduate,Computer Science,"JavaScript,Node.js,Java,CSS","AI/ML,Technology",Cloud Architect,"1 projects, 1 internships",Software Engineer
Undergraduate,Law/LLB,"Law,Constitutional Law,Legal Writing","Law,Social Impact",Corporate Lawyer,"1 projects, 1 internships",Corporate Lawyer
Undergraduate,Electronics & Communication,"Docker,Physics Lab,Python",Technology,Embedded Systems Engineer,"0 projects, 1 internships",Embedded Systems Engineer
Class 12,PCM Stream,"Physics Lab,Problem Solving,Writing,Chemistry Lab,Communication,Mathematics",Government Jobs,High School Physics Teacher,"2 projects, 1 internships",Civil Servant (IAS/IPS)
Undergraduate,Electronics & Communication,"Figma,Docker,Python,C++","Technology,Engineering",Embedded Systems Engineer,"1 projects, 0 internships",Embedded Systems Engineer
Undergraduate,Science/B.Sc,"Mathematics,Communication,SQL","Business,Research",Financial Risk Analyst,"1 projects, 0 internships",Data Analyst
Undergraduate,Science/B.Sc,"SQL,Mathematics,Data Visualization","Research,Finance",Data Analyst,"1 projects, 1 internships",Data Analyst
Undergraduate,Electronics & Communication,"AWS,Physics Lab,Figma,Mathematics,Linear Algebra","Research,Technology",IoT Systems Architect,"1 projects, 0 internships",Embedded Systems Engineer
Undergraduate,Electronics & Communication,"Physics Lab,Kubernetes,Mathematics","Technology,Engineering,Research",Network Security Engineer,"2 projects, 1 internships",Embedded Systems Engineer
Undergraduate,Business/BBA,"Communication,Product Management,Leadership,Marketing","Entrepreneurship,Media,Management",Management Consultant,"0 projects, 0 internships",Product Manager
Undergraduate,Computer Science,"Data Structures,REST APIs,Java,Node.js",AI/ML,DevOps Engineer,"0 projects, 0 internships",Software Engineer
Undergraduate,Commerce/B.Com,"Financial Accounting,Time Management,Taxation,Scrum,Economics,SQL","Business,Government Jobs",Chartered Accountant,"2 projects, 0 internships",Chartered Accountant
Undergraduate,Science/B.Sc,"Python,Mathematics,Communication,Statistics",Business,Actuarial Analyst,"1 projects, 0 internships",Data Analyst
Undergraduate,Law/LLB,"Negotiation,Constitutional Law,Leadership,Communication,Legal Writing,Public Speaking","Government Jobs,Social Impact,Law",Corporate Lawyer,"1 projects, 1 internships",Corporate Lawyer
Undergraduate,Business/BBA,"Project Management,Marketing,Communication,SEO,Public Speaking,Product Management",Entrepreneurship,Brand Strategist,"0 projects, 1 internships",Product Manager
Undergraduate,Computer Science,"Git,C++,Python,SQL,HTML","Technology,AI/ML",Software Engineer,"0 projects, 1 internships",Software Engineer
Undergraduate,Commerce/B.Com,"Scrum,Financial Accounting,Time Management",Finance,Unknown Career,"2 projects, 1 internships",Chartered Accountant
Undergraduate,Business/BBA,"Project Management,Communication,Sales,Leadership,Product Management","Media,Management,Business",Management Consultant,"0 projects, 0 internships",Product Manager
Undergraduate,Commerce/B.Com,"Communication,Time Management,Financial Accounting,Economics,Scrum",Business,Investment Banker,"1 projects, 1 internships",Chartered Accountant
Class 12,PCM Stream,"Writing,Communication,Chemistry Lab","Research,Defence",Defense Officer (Army/Navy/Air Force),"0 projects, 0 internships",Civil Servant (IAS/IPS)
Undergraduate,Business/BBA,"Sales,Product Management,Public Speaking,Marketing,Business Strategy","Entrepreneurship,Business,Management",Marketing Manager,"2 projects, 0 internships",Product Manager
Undergraduate,Science/B.Sc,"Pandas,NumPy,Data Visualization","Research,Business",Data Scientist,"2 projects, 0 internships",Data Analyst
Undergraduate,Business/BBA,"SEO,Marketing,Business Strategy",Management,Brand Strategist,"0 projects, 0 internships",Product Manager
Undergraduate,Electronics & Communication,"Linear Algebra,Kubernetes,Figma,AWS","Research,Engineering,Technology",IoT Systems Architect,"0 projects, 0 internships",Embedded Systems Engineer
Undergraduate,Computer Science,"Node.js,Java,React,SQL,CSS","Technology,AI/ML,Business",Cloud Architect,"1 projects, 1 internships",Software Engineer
Undergraduate,Law/LLB,"Constitutional Law,Public Speaking,Negotiation,Technical Writing,Legal Writing",Government Jobs,Public Prosecutor,"1 projects, 1 internships",Corporate Lawyer
Undergraduate,Computer Science,"Python,Data Structures,SQL,JavaScript,Git,Algorithms","Business,Technology",Data Scientist,"1 projects, 0 internships",Software Engineer
Undergraduate,Law/LLB,"Legal Writing,Leadership,Public Speaking,Constitutional Law,Law",Government Jobs,Corporate Lawyer,"0 projects, 0 internships",Corporate Lawyer
Class 12,PCM Stream,"Problem Solving,Communication,Python,Mathematics,Physics Lab",Research,Research Scientist,"0 projects, 1 internships",Civil Servant (IAS/IPS)
Class 12,PCM Stream,"Problem Solving,Writing,Python,Chemistry Lab,Mathematics,Communication","Government Jobs,Research",Research Scientist,"2 projects, 0 internships",Civil Servant (IAS/IPS)
Undergraduate,Electronics & Communication,"Mathematics,Linear Algebra,Python","Technology,Research",IoT Systems Architect,"2 projects, 0 internships",Embedded Systems Engineer
Undergraduate,Science/B.Sc,"NumPy,SQL,Python,Data Visualization,Mathematics,Data Analytics","Business,Technology",Financial Risk Analyst,"2 projects, 0 internships",Data Analyst
Undergraduate,Electronics & Communication,"Data Structures,Linear Algebra,Python,Physics Lab,Figma,Kubernetes","Technology,Engineering",Network Security Engineer,"1 projects, 0 internships",Embedded Systems Engineer
Undergraduate,Business/BBA,"Leadership,Sales,Project Management",Business,Marketing Manager,"0 projects, 1 internships",Product Manager
Undergraduate,Business/BBA,"Business Strategy,Product Management,SEO","Management,Entrepreneurship,Media",Product Manager,"0 projects, 1 internships",Product Manager
Undergraduate,Law/LLB,"Legal Writing,Constitutional Law,Public Speaking,Communication,Technical Writing,Leadership",Government Jobs,Criminal Defense Lawyer,"0 projects, 1 internships",Corporate Lawyer
Undergraduate,Computer Science,"Node.js,REST APIs,Data Structures,C++,HTML","Technology,AI/ML",Data Scientist,"0 projects, 1 internships",Software Engineer
Undergraduate,Commerce/B.Com,"Data Analytics,Economics,Communication",Business,Unknown Career,"2 projects, 0 internships",Chartered Accountant
Undergraduate,Business/BBA,"SEO,Sales,Product Management,Communication","Entrepreneurship,Media",Management Consultant,"2 projects, 0 internships",Product Manager
Undergraduate,Electronics & Communication,"Physics Lab,C++,Linear Algebra",Engineering,Network Security Engineer,"2 projects, 1 internships",Embedded Systems Engineer
Undergraduate,Science/B.Sc,"Data Visualization,Data Analytics,Mathematics,Communication,Python,NumPy","Technology,Business",Data Scientist,"0 projects, 1 internships",Data Analyst
Undergraduate,Electronics & Communication,"Mathematics,Figma,Python,Docker,Linear Algebra",Technology,VLSI Design Engineer,"1 projects, 1 internships",Embedded Systems Engineer
Undergraduate,Commerce/B.Com,"Communication,Financial Accounting,Problem Solving,Economics","Government Jobs,Business",Financial Consultant,"1 projects, 1 internships",Chartered Accountant
Undergraduate,Electronics & Communication,"Figma,Docker,Physics Lab,Data Structures","Research,Technology,Engineering",IoT Systems Architect,"1 projects, 0 internships",Embedded Systems Engineer
Undergraduate,Science/B.Sc,"SQL,Data Visualization,Communication,Pandas,Statistics,Data Analytics","Research,Finance",Actuarial Analyst,"2 projects, 1 internships",Data Analyst
Undergraduate,Law/LLB,"Technical Writing,Constitutional Law,Legal Writing","Government Jobs,Social Impact",Patent Attorney,"1 projects, 1 internships",Corporate Lawyer
Undergraduate,Science/B.Sc,"Statistics,SQL,NumPy,Communication,Data Visualization","Finance,Business",Financial Risk Analyst,"2 projects, 1 internships",Data Analyst
Undergraduate,Electronics & Communication,"Figma,Data Structures,C++,Docker,Mathematics","Research,Engineering,Technology",IoT Systems Architect,"1 projects, 0 internships",Embedded Systems Engineer
Undergraduate,Business/BBA,"Business Strategy,Communication,Sales","Media,Entrepreneurship",Brand Strategist,"2 projects, 0 internships",Product Manager
Undergraduate,Law/LLB,"Technical Writing,Leadership,Constitutional Law,Law,Negotiation","Government Jobs,Social Impact,Law",Public Prosecutor,"1 projects, 1 internships",Corporate Lawyer
Undergraduate,Law/LLB,"Constitutional Law,Public Speaking,Negotiation,Communication,Leadership","Law,Social Impact",Patent Attorney,"0 projects, 0 internships",Corporate Lawyer
Undergraduate,Electronics & Communication,"Kubernetes,Mathematics,Data Structures",Research,IoT Systems Architect,"2 projects, 1 internships",Embedded Systems Engineer
Undergraduate,Commerce/B.Com,"Scrum,Problem Solving,Financial Accounting,Data Analytics","Business,Government Jobs",Financial Consultant,"1 projects, 0 internships",Chartered Accountant
Undergraduate,Commerce/B.Com,"Problem Solving,Data Analytics,SQL,Taxation,Time Management","Government Jobs,Finance,Business",Investment Banker,"1 projects, 0 internships",Chartered Accountant
Undergraduate,Commerce/B.Com,"Scrum,Time Management,SQL,Data Analytics,Problem Solving,Financial Accounting","Finance,Government Jobs",Unknown Career,"2 projects, 1 internships",Chartered Accountant
Undergraduate,Commerce/B.Com,"Financial Accounting,Problem Solving,Data Analytics,Time Management",Government Jobs,Unknown Career,"0 projects, 0 internships",Chartered Accountant
Undergraduate,Electronics & Communication,"Figma,Kubernetes,Docker,Linear Algebra","Engineering,Technology,Research",VLSI Design Engineer,"1 projects, 1 internships",Embedded Systems Engineer
Undergraduate,Science/B.Sc,"Python,Mathematics,Data Analytics","Business,Technology",Data Scientist,"1 projects, 0 internships",Data Analyst
Undergraduate,Computer Science,"CSS,React,C++","Business,AI/ML",AI/ML Engineer,"0 projects, 0 internships",Software Engineer
Undergraduate,Science/B.Sc,"Mathematics,Data Analytics,Python","Research,Business,Technology",Data Scientist,"1 projects, 0 internships",Data Analyst
Undergraduate,Law/LLB,"Public Speaking,Communication,Legal Writing,Law,Technical Writing,Constitutional Law","Law,Government Jobs,Social Impact",Patent Attorney,"1 projects, 0 internships",Corporate Lawyer
Undergraduate,Science/B.Sc,"Data Visualization,Python,Mathematics,Pandas,Statistics,NumPy","Finance,Research",Data Analyst,"0 projects, 0 internships",Data Analyst
Undergraduate,Electronics & Communication,"Physics Lab,AWS,Kubernetes,Python,C++,Linear Algebra","Engineering,Technology,Research",Network Security Engineer,"1 projects, 1 internships",Embedded Systems Engineer
Class 12,PCM Stream,"Communication,Python,Problem Solving","Government Jobs,Research,Engineering",Research Scientist,"0 projects, 0 internships",Civil Servant (IAS/IPS)
Undergraduate,Science/B.Sc,"SQL,Statistics,Python,NumPy,Data Visualization","Research,Business,Finance",Financial Risk Analyst,"0 projects, 1 internships",Data Analyst
Undergraduate,Electronics & Communication,"Physics Lab,Data Structures,Python",Engineering,IoT Systems Architect,"2 projects, 0 internships",Embedded Systems Engineer
Undergraduate,Commerce/B.Com,"Taxation,Economics,Financial Accounting,Scrum,SQL,Communication",Finance,Investment Banker,"0 projects, 1 internships",Chartered Accountant
Undergraduate,Business/BBA,"Communication,Business Strategy,Sales,Marketing",Management,Management Consultant,"2 projects, 1 internships",Product Manager
Undergraduate,Commerce/B.Com,"Time Management,Scrum,Economics,Financial Accounting","Government Jobs,Finance",Investment Banker,"1 projects, 1 internships",Chartered Accountant
Undergraduate,Business/BBA,"Business Strategy,SEO,Marketing","Entrepreneurship,Management,Media",Product Manager,"0 projects, 1 internships",Product Manager
Undergraduate,Electronics & Communication,"AWS,Physics Lab,Mathematics,C++,Linear Algebra,Figma","Research,Engineering,Technology",VLSI Design Engineer,"0 projects, 0 internships",Embedded Systems Engineer
Undergraduate,Computer Science,"Node.js,REST APIs,C++,Algorithms,JavaScript","Technology,AI/ML",Cloud Architect,"1 projects, 1 internships",Software Engineer
Undergraduate,Business/BBA,"Project Management,Communication,Product Management,Public Speaking,Marketing","Media,Business",Management Consultant,"2 projects, 1 internships",Product Manager
Undergraduate,Business/BBA,"Sales,Communication,Marketing,Business Strategy,SEO,Project Management",Business,Marketing Manager,"0 projects, 1 internships",Product Manager
Undergraduate,Computer Science,"React,HTML,Algorithms,Data Structures,REST APIs",Technology,AI/ML Engineer,"1 projects, 0 internships",Software Engineer
Class 12,PCM Stream,"Writing,Physics Lab,Problem Solving,Communication,Chemistry Lab",Engineering,Research Scientist,"2 projects, 1 internships",Civil Servant (IAS/IPS)
Undergraduate,Law/LLB,"Technical Writing,Leadership,Law,Public Speaking,Legal Writing,Constitutional Law","Law,Government Jobs",Patent Attorney,"2 projects, 1 internships",Corporate Lawyer
Undergraduate,Computer Science,"REST APIs,CSS,Git","Technology,AI/ML,Business",Cloud Architect,"1 projects, 0 internships",Software Engineer
Undergraduate,Science/B.Sc,"Pandas,Mathematics,SQL,NumPy,Data Analytics","Finance,Technology,Business",Data Scientist,"2 projects, 1 internships",Data Analyst
Undergraduate,Science/B.Sc,"Data Visualization,Statistics,SQL,Pandas","Finance,Business",Data Analyst,"1 projects, 0 internships",Data Analyst
Undergraduate,Business/BBA,"Sales,SEO,Marketing",Entrepreneurship,Management Consultant,"2 projects, 0 internships",Product Manager
Undergraduate,Computer Science,"HTML,SQL,C++",AI/ML,Cloud Architect,"1 projects, 0 internships",Software Engineer
Class 12,PCM Stream,"Communication,Problem Solving,Writing,Chemistry Lab,Python,Physics Lab","Research,Government Jobs",Defense Officer (Army/Navy/Air Force),"1 projects, 0 internships",Civil Servant (IAS/IPS)
Undergraduate,Commerce/B.Com,"Communication,Taxation,Time Management,Scrum,Data Analytics","Government Jobs,Finance,Business",Chartered Accountant,"0 projects, 0 internships",Chartered Accountant
Class 12,PCM Stream,"Chemistry Lab,Physics Lab,Writing,Communication,Mathematics","Defence,Engineering,Government Jobs",Defense Officer (Army/Navy/Air Force),"1 projects, 0 internships",Civil Servant (IAS/IPS)
Undergraduate,Business/BBA,"Sales,SEO,Public Speaking","Business,Entrepreneurship,Management",Product Manager,"1 projects, 0 internships",Product Manager
Undergraduate,Law/LLB,"Public Speaking,Legal Writing,Communication,Technical Writing","Social Impact,Law",Criminal Defense Lawyer,"1 projects, 0 internships",Corporate Lawyer
Undergraduate,Business/BBA,"Public Speaking,Business Strategy,Sales,Marketing,Leadership","Business,Management",Brand Strategist,"1 projects, 1 internships",Product Manager
Undergraduate,Business/BBA,"Project Management,Communication,Public Speaking,SEO,Sales","Business,Management,Entrepreneurship",Management Consultant,"0 projects, 0 internships",Product Manager
Undergraduate,Business/BBA,"Business Strategy,SEO,Leadership,Sales,Communication,Product Management","Entrepreneurship,Media,Management",Marketing Manager,"0 projects, 1 internships",Product Manager
Undergraduate,Science/B.Sc,"Statistics,NumPy,Python,Pandas","Business,Research",Actuarial Analyst,"0 projects, 1 internships",Data Analyst
Undergraduate,Law/LLB,"Communication,Legal Writing,Constitutional Law,Leadership,Negotiation","Law,Social Impact,Government Jobs",Criminal Defense Lawyer,"1 projects, 1 internships",Corporate Lawyer
Undergraduate,Science/B.Sc,"Data Analytics,NumPy,Pandas,SQL,Communication,Mathematics","Technology,Business,Research",Data Analyst,"2 projects, 0 internships",Data Analyst
Undergraduate,Science/B.Sc,"SQL,Mathematics,Pandas,Python,Communication,Data Visualization","Research,Finance",Data Analyst,"0 projects, 0 internships",Data Analyst
Undergraduate,Law/LLB,"Law,Leadership,Constitutional Law,Technical Writing,Legal Writing,Public Speaking","Government Jobs,Law",Patent Attorney,"1 projects, 0 internships",Corporate Lawyer
Undergraduate,Law/LLB,"Negotiation,Leadership,Constitutional Law,Law","Government Jobs,Law",Criminal Defense Lawyer,"1 projects, 0 internships",Corporate Lawyer
Undergraduate,Science/B.Sc,"Python,Statistics,Data Visualization,Pandas,SQL","Business,Research,Finance",Data Scientist,"0 projects, 0 internships",Data Analyst
Undergraduate,Electronics & Communication,"Python,Docker,AWS,Physics Lab,C++,Figma","Engineering,Technology,Research",Network Security Engineer,"1 projects, 0 internships",Embedded Systems Engineer
Class 12,PCM Stream,"Mathematics,Problem Solving,Python,Communication","Government Jobs,Research",Defense Officer (Army/Navy/Air Force),"0 projects, 1 internships",Civil Servant (IAS/IPS)
Undergraduate,Business/BBA,"Project Management,Business Strategy,Marketing,SEO,Product Management,Leadership",Management,Management Consultant,"1 projects, 1 internships",Product Manager
Undergraduate,Business/BBA,"Communication,Marketing,SEO,Project Management,Public Speaking,Product Management","Management,Entrepreneurship,Media",Brand Strategist,"1 projects, 0 internships",Product Manager
Undergraduate,Business/BBA,"Communication,Sales,Leadership","Business,Media",Brand Strategist,"1 projects, 1 internships",Product Manager
Undergraduate,Commerce/B.Com,"SQL,Communication,Problem Solving,Time Management,Scrum","Government Jobs,Finance",Chartered Accountant,"0 projects, 1 internships",Chartered Accountant
Undergraduate,Commerce/B.Com,"Financial Accounting,Taxation,SQL,Time Management,Data Analytics,Economics",Business,Unknown Career,"0 projects, 0 internships",Chartered Accountant
Undergraduate,Commerce/B.Com,"Taxation,Time Management,Data Analytics,SQL,Scrum","Finance,Business",Chartered Accountant,"2 projects, 1 internships",Chartered Accountant
Undergraduate,Science/B.Sc,"Mathematics,Data Analytics,Statistics,Communication,SQL,Data Visualization","Research,Business",Data Analyst,"2 projects, 0 internships",Data Analyst
Undergraduate,Law/LLB,"Technical Writing,Public Speaking,Legal Writing","Government Jobs,Social Impact,Law",Public Prosecutor,"2 projects, 1 internships",Corporate Lawyer
Undergraduate,Business/BBA,"Project Management,Communication,Leadership,Product Management,Marketing,SEO","Media,Business",Product Manager,"0 projects, 0 internships",Product Manager
Undergraduate,Law/LLB,"Constitutional Law,Public Speaking,Legal Writing,Technical Writing,Negotiation,Law","Social Impact,Government Jobs,Law",Criminal Defense Lawyer,"0 projects, 1 internships",Corporate Lawyer
Class 12,PCM Stream,"Physics Lab,Problem Solving,Mathematics,Python,Chemistry Lab,Communication","Defence,Research,Engineering",Research Scientist,"2 projects, 1 internships",Civil Servant (IAS/IPS)
Undergraduate,Computer Science,"Data Structures,C++,JavaScript,Git",Business,Cloud Architect,"1 projects, 1 internships",Software Engineer
Undergraduate,Law/LLB,"Leadership,Negotiation,Technical Writing,Law,Constitutional Law","Social Impact,Government Jobs",Corporate Lawyer,"1 projects, 1 internships",Corporate Lawyer
Undergraduate,Law/LLB,"Public Speaking,Negotiation,Legal Writing,Technical Writing","Social Impact,Government Jobs",Patent Attorney,"1 projects, 0 internships",Corporate Lawyer
Undergraduate,Business/BBA,"SEO,Project Management,Business Strategy,Public Speaking,Marketing","Media,Management",Product Manager,"2 projects, 0 internships",Product Manager
Undergraduate,Business/BBA,"Leadership,Project Management,Business Strategy,Communication",Entrepreneurship,Management Consultant,"0 projects, 0 internships",Product Manager
Undergraduate,Computer Science,"Python,CSS,Git,SQL","AI/ML,Technology,Business",Cloud Architect,"1 projects, 1 internships",Software Engineer
Undergraduate,Science/B.Sc,"Data Visualization,NumPy,Data Analytics,Pandas",Research,Actuarial Analyst,"2 projects, 1 internships",Data Analyst
Undergraduate,Electronics & Communication,"C++,Kubernetes,Python,Physics Lab",Research,IoT Systems Architect,"0 projects, 0 internships",Embedded Systems Engineer
Class 12,PCM Stream,"Physics Lab,Communication,Python,Writing,Chemistry Lab,Mathematics","Defence,Research,Government Jobs",Research Scientist,"0 projects, 1 internships",Civil Servant (IAS/IPS)
Class 12,PCM Stream,"Communication,Chemistry Lab,Writing,Problem Solving,Python","Defence,Government Jobs,Engineering",Research Scientist,"0 projects, 0 internships",Civil Servant (IAS/IPS)
Undergraduate,Business/BBA,"Sales,Public Speaking,Communication,Project Management",Business,Marketing Manager,"2 projects, 1 internships",Product Manager
Undergraduate,Law/LLB,"Technical Writing,Negotiation,Communication,Public Speaking,Law","Law,Social Impact",Public Prosecutor,"2 projects, 1 internships",Corporate Lawyer
Undergraduate,Commerce/B.Com,"Taxation,Financial Accounting,Scrum,SQL","Business,Finance",Financial Consultant,"2 projects, 0 internships",Chartered Accountant
Class 12,PCM Stream,"Physics Lab,Writing,Communication,Chemistry Lab,Problem Solving,Mathematics",Government Jobs,Defense Officer (Army/Navy/Air Force),"1 projects, 0 internships",Civil Servant (IAS/IPS)
Undergraduate,Computer Science,"CSS,SQL,Node.js,REST APIs","AI/ML,Technology",AI/ML Engineer,"0 projects, 1 internships",Software Engineer
Undergraduate,Electronics & Communication,"Kubernetes,AWS,Linear Algebra,Physics Lab,Docker",Engineering,VLSI Design Engineer,"2 projects, 0 internships",Embedded Systems Engineer
Undergraduate,Law/LLB,"Communication,Technical Writing,Leadership","Government Jobs,Law,Social Impact",Corporate Lawyer,"1 projects, 0 internships",Corporate Lawyer
Undergraduate,Business/BBA,"Project Management,SEO,Marketing,Business Strategy,Public Speaking,Communication","Media,Entrepreneurship",Marketing Manager,"0 projects, 1 internships",Product Manager
Undergraduate,Business/BBA,"Public Speaking,Leadership,Marketing,Product Management","Management,Business,Media",Management Consultant,"0 projects, 0 internships",Product Manager
Class 12,PCM Stream,"Communication,Mathematics,Physics Lab,Problem Solving,Writing,Python",Engineering,Research Scientist,"1 projects, 1 internships",Civil Servant (IAS/IPS)
Undergraduate,Business/BBA,"Communication,SEO,Marketing,Business Strategy","Business,Entrepreneurship",Brand Strategist,"0 projects, 1 internships",Product Manager
Undergraduate,Electronics & Communication,"Python,AWS,C++,Linear Algebra,Figma","Engineering,Research",Network Security Engineer,"1 projects, 1 internships",Embedded Systems Engineer
Undergraduate,Science/B.Sc,"Pandas,Statistics,NumPy,SQL,Python,Data Visualization","Business,Technology,Research",Data Scientist,"0 projects, 0 internships",Data Analyst
Undergraduate,Law/LLB,"Legal Writing,Public Speaking,Constitutional Law",Government Jobs,Corporate Lawyer,"2 projects, 1 internships",Corporate Lawyer
Undergraduate,Commerce/B.Com,"Taxation,Economics,Communication,Time Management,Data Analytics",Government Jobs,Chartered Accountant,"2 projects, 1 internships",Chartered Accountant
Undergraduate,Law/LLB,"Law,Communication,Leadership,Technical Writing","Government Jobs,Law",Patent Attorney,"0 projects, 1 internships",Corporate Lawyer
Undergraduate,Science/B.Sc,"Communication,Python,SQL,Data Visualization","Research,Business,Technology",Actuarial Analyst,"1 projects, 0 internships",Data Analyst
Undergraduate,Commerce/B.Com,"Scrum,Problem Solving,Taxation,Financial Accounting",Finance,Investment Banker,"1 projects, 1 internships",Chartered Accountant
Undergraduate,Law/LLB,"Constitutional Law,Leadership,Law","Government Jobs,Social Impact,Law",Patent Attorney,"0 projects, 1 internships",Corporate Lawyer
Undergraduate,Science/B.Sc,"NumPy,Python,Pandas","Business,Finance,Research",Financial Risk Analyst,"2 projects, 1 internships",Data Analyst
Undergraduate,Science/B.Sc,"Mathematics,SQL,Data Analytics,Pandas,NumPy","Technology,Business",Actuarial Analyst,"1 projects, 1 internships",Data Analyst
Undergraduate,Commerce/B.Com,"SQL,Scrum,Time Management,Problem Solving,Financial Accounting","Business,Finance,Government Jobs",Investment Banker,"2 projects, 0 internships",Chartered Accountant
Undergraduate,Business/BBA,"Sales,Business Strategy,Public Speaking,Product Management","Business,Entrepreneurship,Management",Marketing Manager,"2 projects, 1 internships",Product Manager
Undergraduate,Commerce/B.Com,"Data Analytics,Problem Solving,Economics,Communication",Business,Financial Consultant,"0 projects, 1 internships",Chartered Accountant
Class 12,PCM Stream,"Chemistry Lab,Communication,Mathematics,Physics Lab","Defence,Research,Government Jobs",Research Scientist,"1 projects, 0 internships",Civil Servant (IAS/IPS)
Undergraduate,Electronics & Communication,"Mathematics,Data Structures,Linear Algebra,C++","Research,Technology",IoT Systems Architect,"1 projects, 0 internships",Embedded Systems Engineer
Class 12,PCM Stream,"Writing,Mathematics,Physics Lab,Communication,Python",Engineering,Civil Servant (IAS/IPS),"0 projects, 0 internships",Civil Servant (IAS/IPS)
Undergraduate,Computer Science,"Java,Data Structures,Git,REST APIs,C++",Technology,Cloud Architect,"1 projects, 1 internships",Software Engineer
Undergraduate,Law/LLB,"Negotiation,Law,Public Speaking,Technical Writing",Social Impact,Patent Attorney,"0 projects, 0 internships",Corporate Lawyer
Undergraduate,Business/BBA,"Product Management,Sales,Business Strategy,Public Speaking",Entrepreneurship,Marketing Manager,"2 projects, 1 internships",Product Manager
Undergraduate,Commerce/B.Com,"SQL,Time Management,Problem Solving,Economics,Taxation,Scrum",Business,Financial Consultant,"2 projects, 0 internships",Chartered Accountant
Undergraduate,Commerce/B.Com,"SQL,Time Management,Financial Accounting,Economics,Scrum",Finance,Investment Banker,"0 projects, 1 internships",Chartered Accountant
Undergraduate,Law/LLB,"Communication,Law,Technical Writing,Public Speaking","Government Jobs,Social Impact",Criminal Defense Lawyer,"2 projects, 0 internships",Corporate Lawyer
Class 12,PCM Stream,"Python,Problem Solving,Writing,Mathematics",Engineering,Civil Servant (IAS/IPS),"2 projects, 1 internships",Civil Servant (IAS/IPS)
Undergraduate,Computer Science,"CSS,SQL,Data Structures,Node.js,JavaScript,Python","AI/ML,Business,Technology",AI/ML Engineer,"1 projects, 0 internships",Software Engineer
Undergraduate,Law/LLB,"Constitutional Law,Legal Writing,Leadership,Negotiation","Social Impact,Law",Criminal Defense Lawyer,"1 projects, 0 internships",Corporate Lawyer
Class 12,PCM Stream,"Physics Lab,Python,Writing,Communication,Mathematics","Engineering,Government Jobs",Research Scientist,"0 projects, 1 internships",Civil Servant (IAS/IPS)
Undergraduate,Law/LLB,"Constitutional Law,Communication,Negotiation","Government Jobs,Social Impact",Patent Attorney,"0 projects, 0 internships",Corporate Lawyer
Undergraduate,Commerce/B.Com,"Financial Accounting,Economics,Time Management,Scrum,Communication,Problem Solving","Government Jobs,Business",Unknown Career,"0 projects, 1 internships",Chartered Accountant
Undergraduate,Electronics & Communication,"Physics Lab,Mathematics,Linear Algebra",Technology,IoT Systems Architect,"1 projects, 1 internships",Embedded Systems Engineer
Undergraduate,Law/LLB,"Constitutional Law,Law,Technical Writing,Communication","Social Impact,Government Jobs",Corporate Lawyer,"0 projects, 1 internships",Corporate Lawyer
Undergraduate,Electronics & Communication,"Figma,Data Structures,AWS",Engineering,IoT Systems Architect,"2 projects, 0 internships",Embedded Systems Engineer
Undergraduate,Law/LLB,"Law,Constitutional Law,Public Speaking,Negotiation,Legal Writing","Government Jobs,Social Impact,Law",Patent Attorney,"2 projects, 0 internships",Corporate Lawyer
Undergraduate,Law/LLB,"Constitutional Law,Law,Technical Writing,Public Speaking,Communication,Leadership",Social Impact,Public Prosecutor,"1 projects, 0 internships",Corporate Lawyer
Undergraduate,Business/BBA,"Sales,SEO,Leadership,Project Management,Public Speaking,Marketing","Media,Management,Entrepreneurship",Management Consultant,"0 projects, 0 internships",Product Manager
Undergraduate,Commerce/B.Com,"Economics,Communication,Data Analytics","Government Jobs,Finance,Business",Financial Consultant,"2 projects, 1 internships",Chartered Accountant
Undergraduate,Computer Science,"React,JavaScript,SQL","Technology,Business,AI/ML",DevOps Engineer,"0 projects, 0 internships",Software Engineer
Undergraduate,Computer Science,"REST APIs,Java,SQL,JavaScript,C++,Node.js","AI/ML,Technology",AI/ML Engineer,"1 projects, 0 internships",Software Engineer
Undergraduate,Business/BBA,"Sales,Business Strategy,Communication",Business,Brand Strategist,"1 projects, 1 internships",Product Manager
Undergraduate,Electronics & Communication,"Kubernetes,Data Structures,Python",Engineering,IoT Systems Architect,"2 projects, 0 internships",Embedded Systems Engineer
Undergraduate,Law/LLB,"Legal Writing,Leadership,Public Speaking,Negotiation,Law,Communication","Law,Social Impact",Corporate Lawyer,"1 projects, 0 internships",Corporate Lawyer
Undergraduate,Commerce/B.Com,"Scrum,SQL,Taxation,Economics","Business,Government Jobs",Financial Consultant,"0 projects, 1 internships",Chartered Accountant
Undergraduate,Science/B.Sc,"NumPy,Pandas,Statistics,Python",Research,Data Scientist,"0 projects, 0 internships",Data Analyst
Undergraduate,Electronics & Communication,"Docker,AWS,Figma,Mathematics","Engineering,Technology,Research",IoT Systems Architect,"0 projects, 0 internships",Embedded Systems Engineer
Undergraduate,Law/LLB,"Constitutional Law,Technical Writing,Public Speaking","Government Jobs,Social Impact",Criminal Defense Lawyer,"2 projects, 0 internships",Corporate Lawyer
Undergraduate,Computer Science,"SQL,Node.js,Java","Technology,Business",DevOps Engineer,"2 projects, 1 internships",Software Engineer
Class 12,PCM Stream,"Python,Mathematics,Physics Lab",Defence,High School Physics Teacher,"2 projects, 0 internships",Civil Servant (IAS/IPS)
Undergraduate,Law/LLB,"Legal Writing,Communication,Leadership,Constitutional Law,Public Speaking",Government Jobs,Patent Attorney,"2 projects, 1 internships",Corporate Lawyer
Undergraduate,Law/LLB,"Law,Legal Writing,Constitutional Law",Government Jobs,Criminal Defense Lawyer,"1 projects, 1 internships",Corporate Lawyer
Undergraduate,Business/BBA,"SEO,Marketing,Communication,Sales,Product Management","Business,Entrepreneurship",Product Manager,"0 projects, 0 internships",Product Manager
Undergraduate,Electronics & Communication,"Linear Algebra,Kubernetes,Python","Technology,Engineering,Research",VLSI Design Engineer,"2 projects, 0 internships",Embedded Systems Engineer
Undergraduate,Business/BBA,"SEO,Business Strategy,Sales,Product Management,Project Management","Entrepreneurship,Business",Product Manager,"0 projects, 1 internships",Product Manager
Undergraduate,Electronics & Communication,"Python,Data Structures,Figma,AWS","Technology,Research,Engineering",IoT Systems Architect,"1 projects, 1 internships",Embedded Systems Engineer
Undergraduate,Commerce/B.Com,"Taxation,Communication,Financial Accounting,SQL,Data Analytics",Finance,Chartered Accountant,"2 projects, 1 internships",Chartered Accountant
Undergraduate,Commerce/B.Com,"Financial Accounting,Communication,Scrum,Taxation,Problem Solving","Business,Finance,Government Jobs",Unknown Career,"2 projects, 0 internships",Chartered Accountant
Undergraduate,Business/BBA,"Business Strategy,Communication,SEO,Leadership,Public Speaking",Entrepreneurship,Brand Strategist,"2 projects, 0 internships",Product Manager
Class 12,PCM Stream,"Writing,Mathematics,Problem Solving","Defence,Government Jobs",Research Scientist,"0 projects, 1 internships",Civil Servant (IAS/IPS)
Undergraduate,Science/B.Sc,"Mathematics,Statistics,SQL",Business,Data Analyst,"2 projects, 1 internships",Data Analyst
Undergraduate,Electronics & Communication,"Figma,Data Structures,C++","Engineering,Research",Network Security Engineer,"2 projects, 0 internships",Embedded Systems Engineer
Undergraduate,Electronics & Communication,"AWS,Python,Physics Lab","Technology,Research",Network Security Engineer,"0 projects, 1 internships",Embedded Systems Engineer
Undergraduate,Commerce/B.Com,"Economics,Scrum,Time Management",Finance,Financial Consultant,"1 projects, 0 internships",Chartered Accountant
Class 12,PCM Stream,"Physics Lab,Communication,Python,Mathematics,Writing","Engineering,Government Jobs",Civil Servant (IAS/IPS),"0 projects, 1 internships",Civil Servant (IAS/IPS)
Undergraduate,Business/BBA,"Public Speaking,Marketing,Communication","Entrepreneurship,Business",Management Consultant,"2 projects, 1 internships",Product Manager
Undergraduate,Law/LLB,"Communication,Constitutional Law,Leadership,Technical Writing,Public Speaking",Government Jobs,Patent Attorney,"2 projects, 0 internships",Corporate Lawyer
Undergraduate,Business/BBA,"Product Management,Business Strategy,Marketing","Media,Management",Management Consultant,"2 projects, 0 internships",Product Manager
Undergraduate,Commerce/B.Com,"Communication,Financial Accounting,SQL,Data Analytics","Business,Government Jobs",Investment Banker,"0 projects, 0 internships",Chartered Accountant
Undergraduate,Science/B.Sc,"Data Visualization,SQL,Statistics,Communication","Research,Business",Financial Risk Analyst,"1 projects, 1 internships",Data Analyst
Undergraduate,Law/LLB,"Legal Writing,Communication,Constitutional Law","Government Jobs,Law",Public Prosecutor,"0 projects, 0 internships",Corporate Lawyer
Undergraduate,Electronics & Communication,"Figma,Docker,C++,Mathematics,Data Structures,Physics Lab",Research,VLSI Design Engineer,"0 projects, 1 internships",Embedded Systems Engineer
Undergraduate,Science/B.Sc,"Communication,Mathematics,Data Visualization",Technology,Data Analyst,"0 projects, 1 internships",Data Analyst
Undergraduate,Computer Science,"Node.js,CSS,React,REST APIs,JavaScript","Technology,Business,AI/ML",AI/ML Engineer,"0 projects, 0 internships",Software Engineer
Undergraduate,Electronics & Communication,"Data Structures,Mathematics,Kubernetes,Docker,Python,Physics Lab","Engineering,Technology,Research",Network Security Engineer,"2 projects, 0 internships",Embedded Systems Engineer
Undergraduate,Electronics & Communication,"Data Structures,Kubernetes,Docker,Figma",Engineering,Embedded Systems Engineer,"2 projects, 0 internships",Embedded Systems Engineer
Undergraduate,Law/LLB,"Technical Writing,Leadership,Communication,Public Speaking,Law","Government Jobs,Law,Social Impact",Criminal Defense Lawyer,"2 projects, 0 internships",Corporate Lawyer
Class 12,PCM Stream,"Writing,Communication,Physics Lab,Mathematics,Chemistry Lab","Government Jobs,Defence",Civil Servant (IAS/IPS),"2 projects, 0 internships",Civil Servant (IAS/IPS)
Undergraduate,Computer Science,"C++,Python,Algorithms,HTML,Git,Java","Business,Technology,AI/ML",Data Scientist,"0 projects, 1 internships",Software Engineer
Undergraduate,Science/B.Sc,"NumPy,Mathematics,Python,SQL",Finance,Financial Risk Analyst,"2 projects, 0 internships",Data Analyst
Undergraduate,Computer Science,"Git,Algorithms,SQL,Python","AI/ML,Technology,Business",DevOps Engineer,"1 projects, 0 internships",Software Engineer
Undergraduate,Electronics & Communication,"Kubernetes,Linear Algebra,Data Structures","Research,Engineering",VLSI Design Engineer,"2 projects, 1 internships",Embedded Systems Engineer
Undergraduate,Commerce/B.Com,"Economics,Data Analytics,Taxation,SQL,Time Management","Government Jobs,Business,Finance",Unknown Career,"1 projects, 0 internships",Chartered Accountant
Undergraduate,Commerce/B.Com,"Time Management,Communication,SQL,Scrum,Financial Accounting","Government Jobs,Business,Finance",Chartered Accountant,"1 projects, 0 internships",Chartered Accountant
Undergraduate,Business/BBA,"SEO,Public Speaking,Product Management,Business Strategy,Communication,Project Management",Entrepreneurship,Brand Strategist,"1 projects, 0 internships",Product Manager
Undergraduate,Business/BBA,"Sales,Business Strategy,Leadership,Marketing,Public Speaking,Communication","Business,Media,Management",Management Consultant,"1 projects, 1 internships",Product Manager
Undergraduate,Electronics & Communication,"Kubernetes,Data Structures,Physics Lab,Mathematics,C++",Research,VLSI Design Engineer,"1 projects, 1 internships",Embedded Systems Engineer
Class 12,PCM Stream,"Physics Lab,Writing,Python",Research,Research Scientist,"1 projects, 1 internships",Civil Servant (IAS/IPS)
Undergraduate,Electronics & Communication,"Physics Lab,Data Structures,C++,Docker,Linear Algebra","Research,Technology,Engineering",VLSI Design Engineer,"1 projects, 1 internships",Embedded Systems Engineer
Undergraduate,Commerce/B.Com,"Time Management,Taxation,Financial Accounting","Government Jobs,Business,Finance",Unknown Career,"0 projects, 0 internships",Chartered Accountant
Undergraduate,Commerce/B.Com,"Communication,Scrum,Data Analytics,Time Management,SQL,Problem Solving","Business,Government Jobs",Unknown Career,"2 projects, 1 internships",Chartered Accountant
Undergraduate,Commerce/B.Com,"SQL,Problem Solving,Scrum,Taxation","Business,Government Jobs",Chartered Accountant,"2 projects, 1 internships",Chartered Accountant
Undergraduate,Commerce/B.Com,"Scrum,Taxation,Data Analytics,Problem Solving,Economics,Communication",Business,Chartered Accountant,"2 projects, 1 internships",Chartered Accountant
Undergraduate,Electronics & Communication,"C++,AWS,Python,Figma,Physics Lab","Research,Technology,Engineering",VLSI Design Engineer,"2 projects, 0 internships",Embedded Systems Engineer
Undergraduate,Science/B.Sc,"Python,Pandas,NumPy",Research,Data Scientist,"1 projects, 0 internships",Data Analyst
Undergraduate,Computer Science,"REST APIs,C++,SQL,React,Python,Algorithms","AI/ML,Business,Technology",AI/ML Engineer,"1 projects, 1 internships",Software Engineer
Undergraduate,Commerce/B.Com,"SQL,Taxation,Scrum,Communication,Economics,Problem Solving",Finance,Chartered Accountant,"0 projects, 1 internships",Chartered Accountant
Class 12,PCM Stream,"Chemistry Lab,Physics Lab,Python,Problem Solving,Mathematics","Research,Defence",Research Scientist,"0 projects, 1 internships",Civil Servant (IAS/IPS)
Undergraduate,Computer Science,"Python,SQL,Node.js",Technology,Software Engineer,"2 projects, 0 internships",Software Engineer
Undergraduate,Computer Science,"Algorithms,Git,REST APIs,Java",Business,Data Scientist,"0 projects, 1 internships",Software Engineer
Undergraduate,Science/B.Sc,"Statistics,Pandas,Data Analytics,Mathematics,Python","Finance,Research,Business",Financial Risk Analyst,"0 projects, 0 internships",Data Analyst
Undergraduate,Electronics & Communication,"Python,C++,Mathematics,AWS,Physics Lab","Technology,Research",Embedded Systems Engineer,"1 projects, 1 internships",Embedded Systems Engineer
Undergraduate,Commerce/B.Com,"Taxation,Data Analytics,Economics,Scrum,Problem Solving","Government Jobs,Finance",Chartered Accountant,"1 projects, 1 internships",Chartered Accountant
Undergraduate,Electronics & Communication,"Docker,Kubernetes,Mathematics,C++,Python","Engineering,Technology",Network Security Engineer,"0 projects, 1 internships",Embedded Systems Engineer
Undergraduate,Electronics & Communication,"Mathematics,Physics Lab,Docker,AWS",Engineering,VLSI Design Engineer,"2 projects, 1 internships",Embedded Systems Engineer
Undergraduate,Science/B.Sc,"SQL,Data Visualization,Python,Data Analytics,Pandas,Mathematics","Research,Finance",Financial Risk Analyst,"0 projects, 0 internships",Data Analyst
Class 12,PCM Stream,"Problem Solving,Writing,Physics Lab,Mathematics","Government Jobs,Engineering,Defence",Defense Officer (Army/Navy/Air Force),"2 projects, 1 internships",Civil Servant (IAS/IPS)
Undergraduate,Business/BBA,"Business Strategy,Product Management,Sales,Leadership","Entrepreneurship,Management,Media",Marketing Manager,"1 projects, 0 internships",Product Manager
Undergraduate,Science/B.Sc,"NumPy,Communication,Pandas,Data Analytics,SQL","Technology,Business,Research",Actuarial Analyst,"0 projects, 1 internships",Data Analyst
Class 12,PCM Stream,"Chemistry Lab,Problem Solving,Physics Lab,Writing","Research,Defence",High School Physics Teacher,"1 projects, 0 internships",Civil Servant (IAS/IPS)
Undergraduate,Business/BBA,"Leadership,Business Strategy,SEO,Marketing,Product Management","Management,Media",Brand Strategist,"0 projects, 1 internships",Product Manager
Undergraduate,Commerce/B.Com,"Economics,Financial Accounting,Time Management",Finance,Unknown Career,"1 projects, 1 internships",Chartered Accountant
Undergraduate,Science/B.Sc,"Data Visualization,Data Analytics,NumPy,Statistics,SQL","Finance,Technology,Business",Actuarial Analyst,"2 projects, 1 internships",Data Analyst
Undergraduate,Computer Science,"REST APIs,Git,C++",Business,Software Engineer,"1 projects, 0 internships",Software Engineer
Undergraduate,Law/LLB,"Public Speaking,Technical Writing,Negotiation","Law,Social Impact,Government Jobs",Public Prosecutor,"0 projects, 1 internships",Corporate Lawyer
Undergraduate,Computer Science,"JavaScript,Algorithms,Python","Business,Technology",AI/ML Engineer,"0 projects, 0 internships",Software Engineer
Undergraduate,Computer Science,"SQL,HTML,Python","Business,AI/ML",AI/ML Engineer,"2 projects, 1 internships",Software Engineer
Undergraduate,Law/LLB,"Public Speaking,Constitutional Law,Technical Writing,Negotiation,Communication",Social Impact,Criminal Defense Lawyer,"0 projects, 1 internships",Corporate Lawyer
Undergraduate,Science/B.Sc,"Data Analytics,Communication,Python,Mathematics","Business,Finance",Data Scientist,"0 projects, 1 internships",Data Analyst
Undergraduate,Electronics & Communication,"Docker,Kubernetes,Linear Algebra,AWS,Python,Mathematics","Engineering,Research",Network Security Engineer,"2 projects, 1 internships",Embedded Systems Engineer
Undergraduate,Electronics & Communication,"Data Structures,Mathematics,Kubernetes","Engineering,Technology,Research",VLSI Design Engineer,"1 projects, 1 internships",Embedded Systems Engineer
Undergraduate,Business/BBA,"Business Strategy,Leadership,Project Management,Public Speaking,Communication","Business,Media,Management",Marketing Manager,"0 projects, 0 internships",Product Manager
Undergraduate,Business/BBA,"Business Strategy,Marketing,Public Speaking,Product Management,Leadership","Entrepreneurship,Management,Media",Brand Strategist,"1 projects, 1 internships",Product Manager
Undergraduate,Computer Science,"Git,Data Structures,React,Node.js,Java",Technology,AI/ML Engineer,"1 projects, 1 internships",Software Engineer
Class 12,PCM Stream,"Writing,Problem Solving,Mathematics,Chemistry Lab,Python",Government Jobs,High School Physics Teacher,"2 projects, 0 internships",Civil Servant (IAS/IPS)
Undergraduate,Computer Science,"Data Structures,REST APIs,Node.js","Business,AI/ML",Cloud Architect,"0 projects, 0 internships",Software Engineer
Undergraduate,Law/LLB,"Law,Technical Writing,Constitutional Law,Legal Writing,Public Speaking,Communication","Government Jobs,Social Impact,Law",Corporate Lawyer,"1 projects, 1 internships",Corporate Lawyer
Undergraduate,Electronics & Communication,"Physics Lab,Data Structures,Mathematics,C++,AWS","Technology,Engineering",IoT Systems Architect,"2 projects, 0 internships",Embedded Systems Engineer
Undergraduate,Law/LLB,"Public Speaking,Legal Writing,Law","Law,Social Impact",Public Prosecutor,"1 projects, 1 internships",Corporate Lawyer
Undergraduate,Commerce/B.Com,"Time Management,Scrum,Data Analytics,Taxation,Problem Solving","Government Jobs,Business,Finance",Investment Banker,"0 projects, 0 internships",Chartered Accountant
Undergraduate,Business/BBA,"SEO,Marketing,Communication","Business,Media",Product Manager,"1 projects, 0 internships",Product Manager
Undergraduate,Electronics & Communication,"Figma,Linear Algebra,C++,AWS,Kubernetes",Engineering,VLSI Design Engineer,"2 projects, 1 internships",Embedded Systems Engineer
Undergraduate,Computer Science,"Git,Node.js,Python,Java,SQL","AI/ML,Business",Data Scientist,"1 projects, 1 internships",Software Engineer
Undergraduate,Commerce/B.Com,"Communication,Financial Accounting,Data Analytics,SQL,Problem Solving,Time Management","Finance,Business,Government Jobs",Investment Banker,"0 projects, 1 internships",Chartered Accountant
Class 12,PCM Stream,"Communication,Mathematics,Python,Chemistry Lab,Physics Lab,Writing",Engineering,Research Scientist,"1 projects, 1 internships",Civil Servant (IAS/IPS)
Undergraduate,Science/B.Sc,"NumPy,Pandas,Data Visualization,Statistics","Technology,Research,Business",Data Analyst,"0 projects, 1 internships",Data Analyst
Undergraduate,Electronics & Communication,"Docker,Mathematics,Kubernetes,Physics Lab",Engineering,VLSI Design Engineer,"0 projects, 0 internships",Embedded Systems Engineer
Undergraduate,Commerce/B.Com,"Time Management,SQL,Economics,Taxation,Data Analytics,Problem Solving",Business,Financial Consultant,"0 projects, 1 internships",Chartered Accountant
Undergraduate,Business/BBA,"Public Speaking,Project Management,Product Management",Media,Management Consultant,"1 projects, 0 internships",Product Manager
Undergraduate,Computer Science,"Data Structures,Node.js,SQL,CSS,Java,HTML","AI/ML,Business,Technology",DevOps Engineer,"2 projects, 1 internships",Software Engineer
Class 12,PCM Stream,"Chemistry Lab,Python,Problem Solving,Physics Lab,Writing","Engineering,Defence,Research",Research Scientist,"0 projects, 0 internships",Civil Servant (IAS/IPS)
Undergraduate,Computer Science,"Java,Git,REST APIs","AI/ML,Technology",AI/ML Engineer,"2 projects, 0 internships",Software Engineer
Undergraduate,Computer Science,"Node.js,SQL,HTML",Technology,Cloud Architect,"1 projects, 0 internships",Software Engineer
Undergraduate,Computer Science,"HTML,SQL,JavaScript,C++",Technology,Software Engineer,"0 projects, 0 internships",Software Engineer
Undergraduate,Computer Science,"Python,Data Structures,JavaScript","Business,Technology,AI/ML",Data Scientist,"1 projects, 1 internships",Software Engineer
Undergraduate,Commerce/B.Com,"Taxation,Communication,Problem Solving","Government Jobs,Finance",Financial Consultant,"1 projects, 1 internships",Chartered Accountant
Undergraduate,Electronics & Communication,"Python,Docker,Data Structures,Kubernetes,Figma,C++",Engineering,IoT Systems Architect,"0 projects, 0 internships",Embedded Systems Engineer
Class 12,PCM Stream,"Writing,Mathematics,Physics Lab,Problem Solving,Communication","Research,Defence,Engineering",High School Physics Teacher,"1 projects, 0 internships",Civil Servant (IAS/IPS)
Undergraduate,Commerce/B.Com,"Financial Accounting,Problem Solving,Communication,Economics,Taxation","Government Jobs,Finance,Business",Financial Consultant,"2 projects, 0 internships",Chartered Accountant
Undergraduate,Science/B.Sc,"Communication,SQL,NumPy","Research,Finance,Business",Data Scientist,"1 projects, 0 internships",Data Analyst
Undergraduate,Commerce/B.Com,"Problem Solving,Scrum,Communication,Taxation",Business,Investment Banker,"1 projects, 1 internships",Chartered Accountant
Class 12,PCM Stream,"Problem Solving,Mathematics,Chemistry Lab,Writing,Physics Lab","Defence,Government Jobs,Research",Defense Officer (Army/Navy/Air Force),"1 projects, 1 internships",Civil Servant (IAS/IPS)
Undergraduate,Computer Science,"REST APIs,Node.js,Git","Business,AI/ML",Cloud Architect,"0 projects, 0 internships",Software Engineer
Undergraduate,Business/BBA,"Project Management,Public Speaking,Communication,Marketing","Business,Media",Marketing Manager,"0 projects, 1 internships",Product Manager
Undergraduate,Computer Science,"REST APIs,CSS,SQL,Java,HTML",AI/ML,AI/ML Engineer,"1 projects, 0 internships",Software Engineer
Undergraduate,Science/B.Sc,"Python,Data Analytics,Mathematics,Statistics,NumPy","Finance,Research",Data Scientist,"2 projects, 1 internships",Data Analyst
Undergraduate,Law/LLB,"Negotiation,Constitutional Law,Technical Writing",Government Jobs,Public Prosecutor,"1 projects, 1 internships",Corporate Lawyer
Undergraduate,Law/LLB,"Leadership,Legal Writing,Public Speaking,Communication,Constitutional Law,Negotiation","Government Jobs,Social Impact,Law",Patent Attorney,"1 projects, 0 internships",Corporate Lawyer
Undergraduate,Electronics & Communication,"Linear Algebra,Kubernetes,Docker,Data Structures,AWS",Technology,Embedded Systems Engineer,"0 projects, 1 internships",Embedded Systems Engineer
Undergraduate,Business/BBA,"Project Management,Public Speaking,Product Management,Communication,Marketing,Sales","Management,Media,Business",Brand Strategist,"2 projects, 1 internships",Product Manager
Undergraduate,Computer Science,"Git,Node.js,JavaScript","Business,AI/ML,Technology",DevOps Engineer,"1 projects, 0 internships",Software Engineer
Class 12,PCM Stream,"Communication,Python,Writing","Engineering,Research,Defence",Civil Servant (IAS/IPS),"2 projects, 1 internships",Civil Servant (IAS/IPS)
Undergraduate,Electronics & Communication,"Linear Algebra,Kubernetes,Mathematics,AWS",Research,IoT Systems Architect,"1 projects, 1 internships",Embedded Systems Engineer
Undergraduate,Science/B.Sc,"Python,Data Visualization,SQL,Statistics,Pandas,NumPy",Finance,Data Analyst,"2 projects, 1 internships",Data Analyst
Class 12,PCM Stream,"Physics Lab,Writing,Mathematics","Government Jobs,Engineering",Research Scientist,"0 projects, 0 internships",Civil Servant (IAS/IPS)
Undergraduate,Computer Science,"SQL,Java,Node.js","Technology,Business,AI/ML",AI/ML Engineer,"2 projects, 1 internships",Software Engineer
Undergraduate,Business/BBA,"Product Management,Leadership,Business Strategy,SEO,Communication,Marketing","Business,Entrepreneurship",Brand Strategist,"0 projects, 0 internships",Product Manager
Undergraduate,Business/BBA,"Business Strategy,Public Speaking,SEO,Project Management,Communication","Entrepreneurship,Media,Management",Brand Strategist,"0 projects, 1 internships",Product Manager
Undergraduate,Science/B.Sc,"Mathematics,Data Analytics,Python,SQL,Pandas","Business,Finance,Research",Data Analyst,"1 projects, 0 internships",Data Analyst
Undergraduate,Computer Science,"C++,Python,HTML,JavaScript,Algorithms",Business,Software Engineer,"1 projects, 0 internships",Software Engineer
Undergraduate,Commerce/B.Com,"Financial Accounting,Problem Solving,Scrum,Data Analytics,Taxation",Government Jobs,Financial Consultant,"0 projects, 0 internships",Chartered Accountant
Undergraduate,Computer Science,"C++,JavaScript,SQL,Python,Java",Business,DevOps Engineer,"1 projects, 0 internships",Software Engineer
Undergraduate,Computer Science,"Java,CSS,Node.js,JavaScript","AI/ML,Technology,Business",Cloud Architect,"1 projects, 0 internships",Software Engineer
Class 12,PCM Stream,"Writing,Communication,Chemistry Lab,Python,Problem Solving",Government Jobs,Defense Officer (Army/Navy/Air Force),"1 projects, 0 internships",Civil Servant (IAS/IPS)
Class 12,PCM Stream,"Chemistry Lab,Communication,Problem Solving,Mathematics",Engineering,High School Physics Teacher,"1 projects, 1 internships",Civil Servant (IAS/IPS)
Undergraduate,Law/LLB,"Public Speaking,Legal Writing,Leadership","Government Jobs,Social Impact",Criminal Defense Lawyer,"2 projects, 0 internships",Corporate Lawyer
Undergraduate,Science/B.Sc,"Data Visualization,Mathematics,Statistics,Data Analytics","Technology,Research,Business",Data Analyst,"2 projects, 1 internships",Data Analyst
Undergraduate,Science/B.Sc,"Mathematics,Data Visualization,Python,NumPy,SQL,Communication",Technology,Data Analyst,"1 projects, 0 internships",Data Analyst
Undergraduate,Law/LLB,"Communication,Constitutional Law,Negotiation,Leadership,Legal Writing,Public Speaking","Social Impact,Government Jobs",Public Prosecutor,"1 projects, 1 internships",Corporate Lawyer
Undergraduate,Commerce/B.Com,"SQL,Scrum,Data Analytics,Taxation,Time Management,Economics",Business,Unknown Career,"0 projects, 1 internships",Chartered Accountant
Undergraduate,Business/BBA,"SEO,Public Speaking,Leadership","Management,Media,Business",Product Manager,"1 projects, 0 internships",Product Manager
Undergraduate,Law/LLB,"Law,Leadership,Technical Writing,Public Speaking,Legal Writing,Communication","Government Jobs,Law",Corporate Lawyer,"2 projects, 0 internships",Corporate Lawyer
Undergraduate,Business/BBA,"Leadership,Marketing,Public Speaking,SEO","Entrepreneurship,Management,Business",Product Manager,"2 projects, 1 internships",Product Manager
Undergraduate,Electronics & Communication,"Figma,AWS,Data Structures,Mathematics",Engineering,Embedded Systems Engineer,"2 projects, 0 internships",Embedded Systems Engineer
Undergraduate,Science/B.Sc,"Python,NumPy,Data Analytics,SQL,Pandas","Business,Finance,Technology",Financial Risk Analyst,"0 projects, 1 internships",Data Analyst
Undergraduate,Business/BBA,"SEO,Business Strategy,Sales,Leadership,Product Management","Business,Entrepreneurship",Marketing Manager,"2 projects, 0 internships",Product Manager
Undergraduate,Commerce/B.Com,"Data Analytics,Taxation,Time Management,Problem Solving",Business,Financial Consultant,"2 projects, 1 internships",Chartered Accountant
Class 12,PCM Stream,"Communication,Problem Solving,Writing,Mathematics","Defence,Research",High School Physics Teacher,"0 projects, 1 internships",Civil Servant (IAS/IPS)
Undergraduate,Computer Science,"REST APIs,Data Structures,Python,Node.js","Business,AI/ML,Technology",Cloud Architect,"0 projects, 1 internships",Software Engineer
Undergraduate,Computer Science,"JavaScript,React,Git,CSS",Technology,Data Scientist,"0 projects, 0 internships",Software Engineer
Undergraduate,Law/LLB,"Negotiation,Law,Constitutional Law,Communication,Technical Writing,Public Speaking","Social Impact,Government Jobs,Law",Criminal Defense Lawyer,"2 projects, 1 internships",Corporate Lawyer
Undergraduate,Computer Science,"Java,Algorithms,Data Structures,Python,JavaScript,HTML","Business,Technology,AI/ML",Data Scientist,"1 projects, 0 internships",Software Engineer
Undergraduate,Computer Science,"C++,Node.js,Git,SQL","AI/ML,Business,Technology",Data Scientist,"2 projects, 0 internships",Software Engineer
Undergraduate,Business/BBA,"SEO,Product Management,Leadership,Public Speaking",Business,Product Manager,"2 projects, 1 internships",Product Manager
Undergraduate,Business/BBA,"Leadership,Product Management,Communication,Sales","Media,Entrepreneurship,Management",Management Consultant,"2 projects, 0 internships",Product Manager
Undergraduate,Law/LLB,"Constitutional Law,Negotiation,Public Speaking,Law,Leadership","Government Jobs,Social Impact,Law",Patent Attorney,"0 projects, 1 internships",Corporate Lawyer
Undergraduate,Commerce/B.Com,"Data Analytics,Problem Solving,Communication,SQL,Scrum","Business,Government Jobs,Finance",Unknown Career,"1 projects, 1 internships",Chartered Accountant
Undergraduate,Commerce/B.Com,"Communication,SQL,Problem Solving,Economics,Time Management,Taxation",Government Jobs,Unknown Career,"2 projects, 0 internships",Chartered Accountant
Undergraduate,Science/B.Sc,"SQL,Data Analytics,Python,Data Visualization,Statistics","Research,Finance,Technology",Actuarial Analyst,"2 projects, 0 internships",Data Analyst
Undergraduate,Science/B.Sc,"Data Analytics,Pandas,Communication",Finance,Actuarial Analyst,"2 projects, 1 internships",Data Analyst
Class 12,PCM Stream,"Communication,Problem Solving,Physics Lab","Government Jobs,Research,Defence",Defense Officer (Army/Navy/Air Force),"0 projects, 0 internships",Civil Servant (IAS/IPS)
Class 12,PCM Stream,"Problem Solving,Chemistry Lab,Mathematics,Writing,Communication,Physics Lab",Engineering,Defense Officer (Army/Navy/Air Force),"1 projects, 0 internships",Civil Servant (IAS/IPS)
Undergraduate,Science/B.Sc,"Communication,NumPy,Python,Data Visualization","Technology,Business",Data Scientist,"0 projects, 0 internships",Data Analyst
Undergraduate,Law/LLB,"Technical Writing,Law,Communication,Leadership,Public Speaking,Constitutional Law","Social Impact,Government Jobs",Criminal Defense Lawyer,"0 projects, 1 internships",Corporate Lawyer
Class 12,PCM Stream,"Communication,Physics Lab,Writing,Chemistry Lab,Mathematics,Problem Solving","Research,Defence,Engineering",Civil Servant (IAS/IPS),"1 projects, 1 internships",Civil Servant (IAS/IPS)
Undergraduate,Commerce/B.Com,"Communication,Data Analytics,Taxation,Problem Solving,Scrum,SQL","Finance,Government Jobs",Investment Banker,"1 projects, 1 internships",Chartered Accountant
Undergraduate,Business/BBA,"Sales,Leadership,Public Speaking,Project Management","Business,Media,Entrepreneurship",Marketing Manager,"2 projects, 0 internships",Product Manager
Undergraduate,Computer Science,"SQL,C++,Python,React,Java,CSS",AI/ML,Software Engineer,"2 projects, 0 internships",Software Engineer
Class 12,PCM Stream,"Communication,Python,Problem Solving","Government Jobs,Research",Defense Officer (Army/Navy/Air Force),"1 projects, 1 internships",Civil Servant (IAS/IPS)
Undergraduate,Commerce/B.Com,"Financial Accounting,Scrum,Economics,Taxation",Government Jobs,Chartered Accountant,"2 projects, 0 internships",Chartered Accountant
Undergraduate,Science/B.Sc,"NumPy,Data Analytics,Pandas",Finance,Actuarial Analyst,"0 projects, 1 internships",Data Analyst
Undergraduate,Business/BBA,"Sales,Leadership,Communication,Business Strategy,Product Management","Business,Management",Product Manager,"0 projects, 1 internships",Product Manager
Undergraduate,Electronics & Communication,"Docker,AWS,Python","Technology,Research,Engineering",VLSI Design Engineer,"1 projects, 1 internships",Embedded Systems Engineer
Undergraduate,Commerce/B.Com,"SQL,Financial Accounting,Economics,Data Analytics,Communication,Time Management",Business,Chartered Accountant,"1 projects, 0 internships",Chartered Accountant
Undergraduate,Law/LLB,"Communication,Law,Constitutional Law,Negotiation",Law,Criminal Defense Lawyer,"1 projects, 0 internships",Corporate Lawyer
Undergraduate,Computer Science,"Python,HTML,Data Structures,Algorithms,Java,React","Technology,AI/ML",Data Scientist,"2 projects, 0 internships",Software Engineer
Undergraduate,Commerce/B.Com,"Problem Solving,Scrum,SQL,Data Analytics,Taxation","Government Jobs,Business",Investment Banker,"2 projects, 1 internships",Chartered Accountant
Class 12,PCM Stream,"Mathematics,Physics Lab,Chemistry Lab,Writing","Research,Defence,Engineering",Civil Servant (IAS/IPS),"0 projects, 0 internships",Civil Servant (IAS/IPS)
Undergraduate,Law/LLB,"Communication,Law,Public Speaking,Technical Writing","Social Impact,Government Jobs,Law",Patent Attorney,"2 projects, 0 internships",Corporate Lawyer
Undergraduate,Electronics & Communication,"Docker,Kubernetes,Physics Lab","Engineering,Research",Embedded Systems Engineer,"2 projects, 1 internships",Embedded Systems Engineer
Undergraduate,Computer Science,"Data Structures,CSS,SQL,Git","AI/ML,Technology,Business",Software Engineer,"1 projects, 1 internships",Software Engineer
Undergraduate,Computer Science,"Java,Git,Algorithms,React,CSS",Technology,Cloud Architect,"2 projects, 1 internships",Software Engineer
Undergraduate,Law/LLB,"Technical Writing,Communication,Law,Constitutional Law,Legal Writing","Law,Government Jobs,Social Impact",Criminal Defense Lawyer,"1 projects, 1 internships",Corporate Lawyer
Undergraduate,Law/LLB,"Public Speaking,Constitutional Law,Negotiation,Legal Writing,Leadership","Social Impact,Government Jobs,Law",Criminal Defense Lawyer,"2 projects, 0 internships",Corporate Lawyer
Undergraduate,Business/BBA,"Public Speaking,Leadership,Project Management,Marketing",Business,Marketing Manager,"2 projects, 1 internships",Product Manager
Undergraduate,Science/B.Sc,"Pandas,Mathematics,Python",Technology,Data Scientist,"0 projects, 0 internships",Data Analyst
Undergraduate,Electronics & Communication,"Data Structures,Linear Algebra,Figma,Docker,Kubernetes,Mathematics","Engineering,Technology,Research",IoT Systems Architect,"2 projects, 1 internships",Embedded Systems Engineer
Undergraduate,Law/LLB,"Leadership,Communication,Public Speaking,Constitutional Law,Legal Writing,Law","Law,Government Jobs,Social Impact",Public Prosecutor,"0 projects, 1 internships",Corporate Lawyer
Undergraduate,Computer Science,"Python,Node.js,Data Structures","Technology,AI/ML,Business",Data Scientist,"0 projects, 1 internships",Software Engineer
Class 12,PCM Stream,"Python,Writing,Chemistry Lab","Engineering,Research,Government Jobs",Civil Servant (IAS/IPS),"2 projects, 0 internships",Civil Servant (IAS/IPS)
Undergraduate,Commerce/B.Com,"Problem Solving,Data Analytics,SQL,Economics,Communication,Time Management","Finance,Business",Investment Banker,"1 projects, 0 internships",Chartered Accountant
Undergraduate,Science/B.Sc,"NumPy,Data Analytics,Data Visualization,Python,Statistics,Communication","Finance,Research,Business",Data Analyst,"2 projects, 0 internships",Data Analyst
Undergraduate,Electronics & Communication,"Kubernetes,Mathematics,Data Structures,Docker",Research,VLSI Design Engineer,"0 projects, 1 internships",Embedded Systems Engineer
Class 12,PCM Stream,"Communication,Writing,Problem Solving,Physics Lab,Chemistry Lab",Government Jobs,High School Physics Teacher,"0 projects, 0 internships",Civil Servant (IAS/IPS)
Undergraduate,Computer Science,"CSS,HTML,React,Node.js,REST APIs,Data Structures","Technology,Business",Cloud Architect,"2 projects, 0 internships",Software Engineer
Class 12,PCM Stream,"Communication,Physics Lab,Problem Solving,Writing,Mathematics,Chemistry Lab","Engineering,Defence",Defense Officer (Army/Navy/Air Force),"0 projects, 1 internships",Civil Servant (IAS/IPS)
Class 12,PCM Stream,"Python,Chemistry Lab,Problem Solving,Communication,Physics Lab","Defence,Research,Engineering",Research Scientist,"0 projects, 1 internships",Civil Servant (IAS/IPS)
Undergraduate,Law/LLB,"Negotiation,Communication,Constitutional Law,Leadership,Law","Social Impact,Government Jobs",Patent Attorney,"2 projects, 1 internships",Corporate Lawyer
Undergraduate,Business/BBA,"SEO,Product Management,Sales,Public Speaking,Business Strategy,Marketing","Management,Business,Media",Management Consultant,"1 projects, 1 internships",Product Manager
Undergraduate,Law/LLB,"Negotiation,Public Speaking,Leadership,Law,Technical Writing",Government Jobs,Public Prosecutor,"1 projects, 1 internships",Corporate Lawyer
Undergraduate,Computer Science,"Node.js,CSS,Algorithms,React,HTML,REST APIs","AI/ML,Technology",DevOps Engineer,"0 projects, 1 internships",Software Engineer
Undergraduate,Business/BBA,"Business Strategy,Sales,Project Management,Communication,SEO","Entrepreneurship,Media,Management",Brand Strategist,"2 projects, 1 internships",Product Manager
Undergraduate,Computer Science,"Python,Java,Node.js,C++,SQL,Git",AI/ML,DevOps Engineer,"2 projects, 1 internships",Software Engineer
Undergraduate,Computer Science,"Git,SQL,JavaScript,C++,Java,REST APIs","AI/ML,Business,Technology",AI/ML Engineer,"0 projects, 0 internships",Software Engineer
Undergraduate,Business/BBA,"Project Management,Product Management,SEO,Marketing",Media,Brand Strategist,"0 projects, 0 internships",Product Manager
Undergraduate,Business/BBA,"Public Speaking,Product Management,Business Strategy,Sales",Management,Product Manager,"2 projects, 0 internships",Product Manager
Undergraduate,Law/LLB,"Law,Communication,Public Speaking",Government Jobs,Public Prosecutor,"2 projects, 0 internships",Corporate Lawyer
Undergraduate,Business/BBA,"Communication,Business Strategy,Sales,Project Management","Entrepreneurship,Management,Business",Management Consultant,"2 projects, 0 internships",Product Manager
Undergraduate,Computer Science,"JavaScript,Node.js,CSS,Java,React","Business,Technology",AI/ML Engineer,"0 projects, 1 internships",Software Engineer
Class 12,PCM Stream,"Chemistry Lab,Problem Solving,Physics Lab","Government Jobs,Research,Engineering",Research Scientist,"0 projects, 0 internships",Civil Servant (IAS/IPS)
Undergraduate,Commerce/B.Com,"Taxation,Financial Accounting,Scrum,SQL,Data Analytics,Time Management",Government Jobs,Chartered Accountant,"1 projects, 1 internships",Chartered Accountant
Class 12,PCM Stream,"Chemistry Lab,Python,Writing,Mathematics","Research,Engineering",Civil Servant (IAS/IPS),"0 projects, 0 internships",Civil Servant (IAS/IPS)
Undergraduate,Science/B.Sc,"Statistics,Communication,Python,Pandas","Research,Finance",Actuarial Analyst,"2 projects, 1 internships",Data Analyst
Undergraduate,Business/BBA,"Marketing,Product Management,Leadership,Sales","Entrepreneurship,Media,Management",Brand Strategist,"0 projects, 1 internships",Product Manager
Undergraduate,Law/LLB,"Law,Leadership,Technical Writing","Government Jobs,Social Impact,Law",Criminal Defense Lawyer,"0 projects, 0 internships",Corporate Lawyer
Undergraduate,Law/LLB,"Leadership,Technical Writing,Negotiation,Legal Writing",Law,Patent Attorney,"0 projects, 1 internships",Corporate Lawyer
Undergraduate,Electronics & Communication,"Physics Lab,Figma,Data Structures,Docker,Mathematics,Linear Algebra","Technology,Research,Engineering",IoT Systems Architect,"2 projects, 1 internships",Embedded Systems Engineer
Undergraduate,Law/LLB,"Law,Legal Writing,Communication,Leadership,Technical Writing,Public Speaking","Law,Government Jobs,Social Impact",Patent Attorney,"0 projects, 0 internships",Corporate Lawyer
Undergraduate,Business/BBA,"Product Management,Business Strategy,Public Speaking,Marketing,Project Management","Management,Business",Marketing Manager,"2 projects, 1 internships",Product Manager
Class 12,PCM Stream,"Problem Solving,Chemistry Lab,Physics Lab,Python,Mathematics,Writing","Research,Defence",Civil Servant (IAS/IPS),"0 projects, 0 internships",Civil Servant (IAS/IPS)
Undergraduate,Commerce/B.Com,"Time Management,Problem Solving,Economics,Financial Accounting",Government Jobs,Unknown Career,"1 projects, 0 internships",Chartered Accountant
Class 12,PCM Stream,"Physics Lab,Writing,Python,Communication,Problem Solving","Engineering,Defence",Research Scientist,"0 projects, 1 internships",Civil Servant (IAS/IPS)
Undergraduate,Business/BBA,"Communication,Project Management,SEO,Product Management,Business Strategy,Leadership",Entrepreneurship,Management Consultant,"0 projects, 1 internships",Product Manager
Undergraduate,Computer Science,"SQL,Java,C++,REST APIs,HTML","Technology,AI/ML",Software Engineer,"0 projects, 1 internships",Software Engineer
Undergraduate,Computer Science,"SQL,Algorithms,Git,React",Business,AI/ML Engineer,"2 projects, 0 internships",Software Engineer
Undergraduate,Commerce/B.Com,"Time Management,Scrum,Problem Solving,Taxation","Government Jobs,Business",Investment Banker,"1 projects, 1 internships",Chartered Accountant
Class 12,PCM Stream,"Communication,Mathematics,Problem Solving,Physics Lab,Writing,Chemistry Lab","Defence,Research,Engineering",Research Scientist,"1 projects, 0 internships",Civil Servant (IAS/IPS)
Undergraduate,Science/B.Sc,"Python,Communication,Mathematics,Statistics,SQL","Finance,Business",Data Analyst,"1 projects, 0 internships",Data Analyst
Class 12,PCM Stream,"Physics Lab,Writing,Mathematics",Research,High School Physics Teacher,"1 projects, 0 internships",Civil Servant (IAS/IPS)
Undergraduate,Computer Science,"REST APIs,CSS,React,SQL,HTML,Algorithms",Technology,Cloud Architect,"1 projects, 0 internships",Software Engineer
Undergraduate,Science/B.Sc,"Mathematics,NumPy,Data Visualization,Pandas,Data Analytics,SQL",Technology,Data Scientist,"1 projects, 0 internships",Data Analyst
Undergraduate,Commerce/B.Com,"Time Management,SQL,Communication",Finance,Chartered Accountant,"2 projects, 0 internships",Chartered Accountant
Undergraduate,Electronics & Communication,"Physics Lab,Kubernetes,Data Structures,Python,Mathematics,Docker","Engineering,Research,Technology",VLSI Design Engineer,"2 projects, 0 internships",Embedded Systems Engineer
Undergraduate,Science/B.Sc,"Statistics,Data Visualization,Pandas,Python,Data Analytics,Mathematics","Technology,Business",Financial Risk Analyst,"2 projects, 1 internships",Data Analyst
Undergraduate,Science/B.Sc,"Data Visualization,Mathematics,SQL,Statistics","Research,Finance,Technology",Financial Risk Analyst,"1 projects, 1 internships",Data Analyst
Undergraduate,Business/BBA,"Sales,Business Strategy,Leadership,Communication,Marketing,Product Management",Business,Management Consultant,"0 projects, 1 internships",Product Manager
Undergraduate,Law/LLB,"Public Speaking,Law,Constitutional Law,Leadership,Communication","Law,Government Jobs,Social Impact",Public Prosecutor,"2 projects, 0 internships",Corporate Lawyer
Undergraduate,Business/BBA,"Marketing,Leadership,Project Management,SEO",Business,Marketing Manager,"0 projects, 1 internships",Product Manager
Undergraduate,Science/B.Sc,"Communication,Pandas,Mathematics,Data Analytics,SQL","Business,Finance",Financial Risk Analyst,"0 projects, 0 internships",Data Analyst
Undergraduate,Science/B.Sc,"Mathematics,SQL,Data Analytics",Technology,Data Scientist,"2 projects, 1 internships",Data Analyst
Undergraduate,Computer Science,"SQL,Java,CSS,React","AI/ML,Business,Technology",Cloud Architect,"2 projects, 0 internships",Software Engineer
Undergraduate,Commerce/B.Com,"Data Analytics,Economics,Communication,Taxation,Scrum,Financial Accounting",Business,Investment Banker,"1 projects, 1 internships",Chartered Accountant
