id,title,organization,category,description,education,min_year,max_year,branch,skills,location,mode,deadline,prize,stipend,fee,url,source,last_verified,status
1,Smart India Hackathon 2026,DAAD,Hackathons,"Detailed description for Smart India Hackathon 2026. National level digital product building competition solving government problems. This provides a perfect match for students looking to excel in their career paths, build hands-on skills, and gain industry recognition.",Undergraduate,2,4,Computer Science,React,Hyderabad,OFFLINE,2026-08-06,"Rs. 1,00,000","Rs. 1,00,000",0,https://sih.gov.in,https://sih.gov.in,2026-08-27,EXPIRED
2,Google Summer of Code (GSoC) - Season 1,IEEE,Internships,"Detailed description for Google Summer of Code (GSoC) - Season 1. Global program matching students with open source organizations. This provides a perfect match for students looking to excel in their career paths, build hands-on skills, and gain industry recognition.",Diploma,1,4,Business/BBA,"JavaScript,C++,Git",Delhi,HYBRID,2026-08-03,N/A,Stipend ($1500 - $3000),0,https://summerofcode.withgoogle.com,https://summerofcode.withgoogle.com,2026-08-29,EXPIRED
3,ISRO Fellowship Program - Season 1,Microsoft,Fellowships,"Detailed description for ISRO Fellowship Program - Season 1. Research fellowship for postgraduate students in aerospace, remote sensing, and computing. This provides a perfect match for students looking to excel in their career paths, build hands-on skills, and gain industry recognition.",Class 12,2,5,Law/LLB,"Research Methodology,Python,Academic Writing",Hyderabad,ONLINE,2026-07-20,"Rs. 35,000 / month","Rs. 35,000 / month",0,https://isro.gov.in,https://isro.gov.in,2026-08-26,EXPIRED
4,Kaggle ML Competition: Indian Housing 2026,Startup India,Competitions,"Detailed description for Kaggle ML Competition: Indian Housing 2026. Solve machine learning regression challenges on public Indian dataset. This provides a perfect match for students looking to excel in their career paths, build hands-on skills, and gain industry recognition.",Class 10,1,5,Electrical Engineering,"Statistics,Python,Machine Learning",Bangalore,HYBRID,2026-09-27,"Prizes up to $10,000",N/A,0,https://kaggle.com,https://kaggle.com,2026-08-26,ACTIVE
5,Microsoft Learn Student Ambassador - Season 1,TCS,Ambassador Programs,"Detailed description for Microsoft Learn Student Ambassador - Season 1. Host workshops and build technical communities in your local college. This provides a perfect match for students looking to excel in their career paths, build hands-on skills, and gain industry recognition.",Graduate,2,5,Law/LLB,"Leadership,Public Speaking,Communication",Bangalore,OFFLINE,2026-11-24,N/A,N/A,0,https://mvp.microsoft.com,https://mvp.microsoft.com,2026-08-26,ACTIVE
6,AWS Cloud Practitioner Certification Scholarship - Season 1,Google,Certifications,"Detailed description for AWS Cloud Practitioner Certification Scholarship - Season 1. Voucher scholarship providing 100% exam fee discount for students. This provides a perfect match for students looking to excel in their career paths, build hands-on skills, and gain industry recognition.",Class 12,2,4,Business/BBA,AWS,Hyderabad,OFFLINE,2026-12-02,N/A,N/A,0,https://aws.amazon.com,https://aws.amazon.com,2026-08-28,ACTIVE
7,NITI Aayog Internship Scheme 2026,Microsoft,Internships,"Detailed description for NITI Aayog Internship Scheme 2026. Work on public policy research and analysis under central government experts. This provides a perfect match for students looking to excel in their career paths, build hands-on skills, and gain industry recognition.",Class 10,1,3,Science/B.Sc,"Data Analytics,Communication",Hyderabad,OFFLINE,2026-10-12,N/A,N/A,0,https://niti.gov.in,https://niti.gov.in,2026-08-28,ACTIVE
8,UNESCO Youth Volunteering Fellowship - Season 1,Amazon,Volunteering,"Detailed description for UNESCO Youth Volunteering Fellowship - Season 1. Volunteer for community educational and digital literacy workshops. This provides a perfect match for students looking to excel in their career paths, build hands-on skills, and gain industry recognition.",Undergraduate,2,4,Commerce/B.Com,"Social Work,Communication",Chennai,OFFLINE,2026-07-20,N/A,N/A,0,https://unesco.org,https://unesco.org,2026-08-28,EXPIRED
9,Study Abroad in Germany: DAAD Scholarship - Season 1,Microsoft,Study Abroad,"Detailed description for Study Abroad in Germany: DAAD Scholarship - Season 1. Postgraduate full-degree funding for engineering and science graduates. This provides a perfect match for students looking to excel in their career paths, build hands-on skills, and gain industry recognition.",Class 12,1,4,Law/LLB,"Research Methodology,German Language",Chennai,ONLINE,2026-12-12,N/A,N/A,0,https://daad.de,https://daad.de,2026-08-28,ACTIVE
10,Startup India Seed Fund Challenge 2026,Smart India Hackathon,Entrepreneurship,"Detailed description for Startup India Seed Fund Challenge 2026. Submit startup pitch to receive incubator grants and mentorship. This provides a perfect match for students looking to excel in their career paths, build hands-on skills, and gain industry recognition.",Graduate,2,3,Commerce/B.Com,"Business Strategy,Public Speaking,Financial Accounting",Pune,OFFLINE,2026-10-24,Up to Rs. 20 Lakhs funding,Up to Rs. 20 Lakhs funding,0,https://startupindia.gov.in,https://startupindia.gov.in,2026-08-29,ACTIVE
11,Adobe India Women in Tech Internship - Season 1,USIEF,Internships,"Detailed description for Adobe India Women in Tech Internship - Season 1. Summer internship for female engineering students in product development. This provides a perfect match for students looking to excel in their career paths, build hands-on skills, and gain industry recognition.",Undergraduate,1,4,Electrical Engineering,"Data Structures,C++,Algorithms",Delhi,HYBRID,2026-12-10,"Stipend Rs. 1,00,000 / month","Stipend Rs. 1,00,000 / month",0,https://adobe.com,https://adobe.com,2026-08-28,ACTIVE
12,TCS CodeVita Coding Competition - Season 1,Ministry of Education,Competitions,"Detailed description for TCS CodeVita Coding Competition - Season 1. Global coding contest testing algorithmic problem-solving speed. This provides a perfect match for students looking to excel in their career paths, build hands-on skills, and gain industry recognition.",Undergraduate,2,4,Electrical Engineering,Algorithms,Remote,ONLINE,2026-09-17,"Prizes up to $20,000 + Job interview",N/A,0,https://tcscodevita.com,https://tcscodevita.com,2026-08-27,ACTIVE
13,UN Sustainable Development Goals Workshop 2026,Startup India,Workshops,"Detailed description for UN Sustainable Development Goals Workshop 2026. Five-day interactive virtual seminar on local social impact strategies. This provides a perfect match for students looking to excel in their career paths, build hands-on skills, and gain industry recognition.",Diploma,2,5,Commerce/B.Com,Communication,Remote,OFFLINE,2026-07-27,N/A,N/A,0,https://sdg.un.org,https://sdg.un.org,2026-08-27,EXPIRED
14,International Conference on AI & ML (ICML India) - Season 1,IIT Madras,Conferences,"Detailed description for International Conference on AI & ML (ICML India) - Season 1. Global research conference featuring top papers in AI/ML advancements. This provides a perfect match for students looking to excel in their career paths, build hands-on skills, and gain industry recognition.",Undergraduate,2,5,Biotechnology,"Deep Learning,Machine Learning,Research Methodology",Chennai,OFFLINE,2026-10-19,N/A,N/A,"Rs. 2,000",https://icml.cc,https://icml.cc,2026-08-25,ACTIVE
15,DRDO Young Scientist Lab Project - Season 1,USIEF,Research,"Detailed description for DRDO Young Scientist Lab Project - Season 1. Participate in defense robotics and computer vision project implementation. This provides a perfect match for students looking to excel in their career paths, build hands-on skills, and gain industry recognition.",Class 10,2,4,Law/LLB,"Python,Machine Learning",Kolkata,OFFLINE,2026-10-31,"Monthly stipend Rs. 31,000","Monthly stipend Rs. 31,000",0,https://drdo.gov.in,https://drdo.gov.in,2026-08-27,ACTIVE
16,GitHub Campus Expert Program 2026,Udemy,Ambassador Programs,"Detailed description for GitHub Campus Expert Program 2026. Learn public speaking and tech organization skills supported by GitHub. This provides a perfect match for students looking to excel in their career paths, build hands-on skills, and gain industry recognition.",Diploma,2,4,Science/B.Sc,"Leadership,Communication,Git",Remote,ONLINE,2026-07-15,N/A,N/A,0,https://education.github.com,https://education.github.com,2026-08-29,EXPIRED
17,G20 Youth Summit Innovation Challenge - Season 1,NITI Aayog,Innovation Challenges,"Detailed description for G20 Youth Summit Innovation Challenge - Season 1. Propose tech blueprints addressing renewable energy distribution. This provides a perfect match for students looking to excel in their career paths, build hands-on skills, and gain industry recognition.",Class 12,1,4,Arts/Humanities,"Business Strategy,Problem Solving",Hyderabad,ONLINE,2026-11-02,"Certificate + Cash prize Rs. 50,000","Certificate + Cash prize Rs. 50,000",0,https://g20.org,https://g20.org,2026-08-25,ACTIVE
18,Stanford University Knight-Hennessy Scholars - Season 1,USIEF,Study Abroad,"Detailed description for Stanford University Knight-Hennessy Scholars - Season 1. Full funding for graduate degrees at Stanford University in any field. This provides a perfect match for students looking to excel in their career paths, build hands-on skills, and gain industry recognition.",Diploma,2,5,Electrical Engineering,"Academic Writing,Research Methodology",Pune,OFFLINE,2026-07-17,N/A,N/A,0,https://knight-hennessy.stanford.edu,https://knight-hennessy.stanford.edu,2026-08-25,EXPIRED
19,L&T Build India Scholarship 2026,IIT Bombay,Scholarships,"Detailed description for L&T Build India Scholarship 2026. Sponsorship for M.Tech in Construction Technology at IIT Madras/Delhi. This provides a perfect match for students looking to excel in their career paths, build hands-on skills, and gain industry recognition.",Class 12,1,4,Electronics & Communication,Physics,Pune,ONLINE,2026-12-17,"Tuition sponsored + Stipend Rs. 15,000","Tuition sponsored + Stipend Rs. 15,000",0,https://lntecc.com,https://lntecc.com,2026-08-27,ACTIVE
20,National Talent Search Examination (NTSE) - Season 1,DAAD,Exams,"Detailed description for National Talent Search Examination (NTSE) - Season 1. National scholarship exam identifying academic talent in high school. This provides a perfect match for students looking to excel in their career paths, build hands-on skills, and gain industry recognition.",Diploma,2,4,Electrical Engineering,"Problem Solving,Mathematics",Remote,OFFLINE,2026-08-02,N/A,N/A,0,https://ncert.nic.in,https://ncert.nic.in,2026-08-29,EXPIRED
21,Smart India Hackathon - Season 2,Major League Hacking,Hackathons,"Detailed description for Smart India Hackathon - Season 2. National level digital product building competition solving government problems. This provides a perfect match for students looking to excel in their career paths, build hands-on skills, and gain industry recognition.",Postgraduate,1,4,Mechanical Engineering,"SQL,React,Python",Kolkata,OFFLINE,2026-11-06,"Rs. 1,00,000","Rs. 1,00,000",0,https://sih.gov.in,https://sih.gov.in,2026-08-26,ACTIVE
22,Google Summer of Code (GSoC) 2026,Smart India Hackathon,Internships,"Detailed description for Google Summer of Code (GSoC) 2026. Global program matching students with open source organizations. This provides a perfect match for students looking to excel in their career paths, build hands-on skills, and gain industry recognition.",Class 10,2,4,Biotechnology,"JavaScript,Git",Pune,OFFLINE,2026-08-07,N/A,Stipend ($1500 - $3000),0,https://summerofcode.withgoogle.com,https://summerofcode.withgoogle.com,2026-08-28,EXPIRED
23,ISRO Fellowship Program - Season 2,IEEE,Fellowships,"Detailed description for ISRO Fellowship Program - Season 2. Research fellowship for postgraduate students in aerospace, remote sensing, and computing. This provides a perfect match for students looking to excel in their career paths, build hands-on skills, and gain industry recognition.",Graduate,2,5,Commerce/B.Com,"Python,Academic Writing",Pune,HYBRID,2026-11-11,"Rs. 35,000 / month","Rs. 35,000 / month",0,https://isro.gov.in,https://isro.gov.in,2026-08-27,ACTIVE
24,Kaggle ML Competition: Indian Housing - Season 2,Microsoft,Competitions,"Detailed description for Kaggle ML Competition: Indian Housing - Season 2. Solve machine learning regression challenges on public Indian dataset. This provides a perfect match for students looking to excel in their career paths, build hands-on skills, and gain industry recognition.",Class 12,1,3,All Branches,Machine Learning,Chennai,ONLINE,2026-11-21,"Prizes up to $10,000",N/A,0,https://kaggle.com,https://kaggle.com,2026-08-28,ACTIVE
25,Microsoft Learn Student Ambassador 2026,USIEF,Ambassador Programs,"Detailed description for Microsoft Learn Student Ambassador 2026. Host workshops and build technical communities in your local college. This provides a perfect match for students looking to excel in their career paths, build hands-on skills, and gain industry recognition.",Undergraduate,1,3,Civil Engineering,Leadership,Remote,HYBRID,2026-07-12,N/A,N/A,0,https://mvp.microsoft.com,https://mvp.microsoft.com,2026-08-29,EXPIRED
26,AWS Cloud Practitioner Certification Scholarship - Season 2,UNESCO,Certifications,"Detailed description for AWS Cloud Practitioner Certification Scholarship - Season 2. Voucher scholarship providing 100% exam fee discount for students. This provides a perfect match for students looking to excel in their career paths, build hands-on skills, and gain industry recognition.",Class 12,1,4,Electrical Engineering,"Kubernetes,AWS",Delhi,OFFLINE,2026-12-22,N/A,N/A,0,https://aws.amazon.com,https://aws.amazon.com,2026-08-29,ACTIVE
27,NITI Aayog Internship Scheme - Season 2,Microsoft,Internships,"Detailed description for NITI Aayog Internship Scheme - Season 2. Work on public policy research and analysis under central government experts. This provides a perfect match for students looking to excel in their career paths, build hands-on skills, and gain industry recognition.",Postgraduate,2,3,Electronics & Communication,"Communication,Data Analytics",Remote,HYBRID,2026-08-18,N/A,N/A,0,https://niti.gov.in,https://niti.gov.in,2026-08-28,EXPIRED
28,UNESCO Youth Volunteering Fellowship 2026,CERN,Volunteering,"Detailed description for UNESCO Youth Volunteering Fellowship 2026. Volunteer for community educational and digital literacy workshops. This provides a perfect match for students looking to excel in their career paths, build hands-on skills, and gain industry recognition.",Class 12,2,3,Science/B.Sc,"Leadership,Communication,Social Work",Remote,OFFLINE,2026-08-04,N/A,N/A,0,https://unesco.org,https://unesco.org,2026-08-28,EXPIRED
29,Study Abroad in Germany: DAAD Scholarship - Season 2,ISRO,Study Abroad,"Detailed description for Study Abroad in Germany: DAAD Scholarship - Season 2. Postgraduate full-degree funding for engineering and science graduates. This provides a perfect match for students looking to excel in their career paths, build hands-on skills, and gain industry recognition.",Diploma,1,3,Business/BBA,"German Language,Research Methodology",Kolkata,OFFLINE,2026-09-17,N/A,N/A,0,https://daad.de,https://daad.de,2026-08-25,ACTIVE
30,Startup India Seed Fund Challenge - Season 2,British Council,Entrepreneurship,"Detailed description for Startup India Seed Fund Challenge - Season 2. Submit startup pitch to receive incubator grants and mentorship. This provides a perfect match for students looking to excel in their career paths, build hands-on skills, and gain industry recognition.",Undergraduate,2,3,Science/B.Sc,Public Speaking,Delhi,HYBRID,2026-09-24,Up to Rs. 20 Lakhs funding,Up to Rs. 20 Lakhs funding,0,https://startupindia.gov.in,https://startupindia.gov.in,2026-08-29,ACTIVE
31,Adobe India Women in Tech Internship 2026,CERN,Internships,"Detailed description for Adobe India Women in Tech Internship 2026. Summer internship for female engineering students in product development. This provides a perfect match for students looking to excel in their career paths, build hands-on skills, and gain industry recognition.",Undergraduate,2,5,Mechanical Engineering,"Java,C++,Algorithms",Bangalore,ONLINE,2026-12-14,"Stipend Rs. 1,00,000 / month","Stipend Rs. 1,00,000 / month",0,https://adobe.com,https://adobe.com,2026-08-25,ACTIVE
32,TCS CodeVita Coding Competition - Season 2,Udemy,Competitions,"Detailed description for TCS CodeVita Coding Competition - Season 2. Global coding contest testing algorithmic problem-solving speed. This provides a perfect match for students looking to excel in their career paths, build hands-on skills, and gain industry recognition.",Graduate,1,3,Electronics & Communication,"Algorithms,Data Structures,Java",Bangalore,ONLINE,2026-10-22,"Prizes up to $20,000 + Job interview",N/A,0,https://tcscodevita.com,https://tcscodevita.com,2026-08-27,ACTIVE
33,UN Sustainable Development Goals Workshop - Season 2,Reliance Foundation,Workshops,"Detailed description for UN Sustainable Development Goals Workshop - Season 2. Five-day interactive virtual seminar on local social impact strategies. This provides a perfect match for students looking to excel in their career paths, build hands-on skills, and gain industry recognition.",Postgraduate,2,3,Law/LLB,Teamwork,Bangalore,ONLINE,2026-12-19,N/A,N/A,0,https://sdg.un.org,https://sdg.un.org,2026-08-25,ACTIVE
34,International Conference on AI & ML (ICML India) 2026,USIEF,Conferences,"Detailed description for International Conference on AI & ML (ICML India) 2026. Global research conference featuring top papers in AI/ML advancements. This provides a perfect match for students looking to excel in their career paths, build hands-on skills, and gain industry recognition.",Diploma,2,5,Medicine/MBBS,"Research Methodology,Machine Learning",Kolkata,HYBRID,2026-09-17,N/A,N/A,"Rs. 2,000",https://icml.cc,https://icml.cc,2026-08-25,ACTIVE
35,DRDO Young Scientist Lab Project - Season 2,ISRO,Research,"Detailed description for DRDO Young Scientist Lab Project - Season 2. Participate in defense robotics and computer vision project implementation. This provides a perfect match for students looking to excel in their career paths, build hands-on skills, and gain industry recognition.",Postgraduate,2,5,Science/B.Sc,"Python,Machine Learning,C++",Delhi,OFFLINE,2026-10-10,"Monthly stipend Rs. 31,000","Monthly stipend Rs. 31,000",0,https://drdo.gov.in,https://drdo.gov.in,2026-08-26,ACTIVE
36,GitHub Campus Expert Program - Season 2,ACM,Ambassador Programs,"Detailed description for GitHub Campus Expert Program - Season 2. Learn public speaking and tech organization skills supported by GitHub. This provides a perfect match for students looking to excel in their career paths, build hands-on skills, and gain industry recognition.",Graduate,1,5,Arts/Humanities,"Git,Communication,Leadership",Chennai,ONLINE,2026-09-28,N/A,N/A,0,https://education.github.com,https://education.github.com,2026-08-29,ACTIVE
37,G20 Youth Summit Innovation Challenge 2026,Buddy4Study,Innovation Challenges,"Detailed description for G20 Youth Summit Innovation Challenge 2026. Propose tech blueprints addressing renewable energy distribution. This provides a perfect match for students looking to excel in their career paths, build hands-on skills, and gain industry recognition.",Undergraduate,2,4,Arts/Humanities,"Leadership,Business Strategy,Problem Solving",Hyderabad,OFFLINE,2026-11-08,"Certificate + Cash prize Rs. 50,000","Certificate + Cash prize Rs. 50,000",0,https://g20.org,https://g20.org,2026-08-26,ACTIVE
38,Stanford University Knight-Hennessy Scholars - Season 2,HDFC Bank,Study Abroad,"Detailed description for Stanford University Knight-Hennessy Scholars - Season 2. Full funding for graduate degrees at Stanford University in any field. This provides a perfect match for students looking to excel in their career paths, build hands-on skills, and gain industry recognition.",Postgraduate,1,5,Arts/Humanities,"Leadership,Research Methodology",Hyderabad,ONLINE,2026-08-05,N/A,N/A,0,https://knight-hennessy.stanford.edu,https://knight-hennessy.stanford.edu,2026-08-27,EXPIRED
39,L&T Build India Scholarship - Season 2,ISRO,Scholarships,"Detailed description for L&T Build India Scholarship - Season 2. Sponsorship for M.Tech in Construction Technology at IIT Madras/Delhi. This provides a perfect match for students looking to excel in their career paths, build hands-on skills, and gain industry recognition.",Undergraduate,2,4,Computer Science,"Civil Engineering,Physics",Pune,HYBRID,2026-12-21,"Tuition sponsored + Stipend Rs. 15,000","Tuition sponsored + Stipend Rs. 15,000",0,https://lntecc.com,https://lntecc.com,2026-08-29,ACTIVE
40,National Talent Search Examination (NTSE) 2026,Amazon,Exams,"Detailed description for National Talent Search Examination (NTSE) 2026. National scholarship exam identifying academic talent in high school. This provides a perfect match for students looking to excel in their career paths, build hands-on skills, and gain industry recognition.",Class 12,2,5,Biotechnology,Problem Solving,Mumbai,HYBRID,2026-10-02,N/A,N/A,0,https://ncert.nic.in,https://ncert.nic.in,2026-08-29,ACTIVE
41,Smart India Hackathon - Season 3,Amazon,Hackathons,"Detailed description for Smart India Hackathon - Season 3. National level digital product building competition solving government problems. This provides a perfect match for students looking to excel in their career paths, build hands-on skills, and gain industry recognition.",Undergraduate,2,4,Arts/Humanities,"SQL,React",Chennai,OFFLINE,2026-11-10,"Rs. 1,00,000","Rs. 1,00,000",0,https://sih.gov.in,https://sih.gov.in,2026-08-26,ACTIVE
42,Google Summer of Code (GSoC) - Season 3,TCS,Internships,"Detailed description for Google Summer of Code (GSoC) - Season 3. Global program matching students with open source organizations. This provides a perfect match for students looking to excel in their career paths, build hands-on skills, and gain industry recognition.",Undergraduate,1,4,Arts/Humanities,JavaScript,Mumbai,HYBRID,2026-12-17,N/A,Stipend ($1500 - $3000),0,https://summerofcode.withgoogle.com,https://summerofcode.withgoogle.com,2026-08-25,UPCOMING
43,ISRO Fellowship Program 2026,Microsoft,Fellowships,"Detailed description for ISRO Fellowship Program 2026. Research fellowship for postgraduate students in aerospace, remote sensing, and computing. This provides a perfect match for students looking to excel in their career paths, build hands-on skills, and gain industry recognition.",Class 10,2,5,Mechanical Engineering,"Research Methodology,Academic Writing",Delhi,ONLINE,2026-12-10,"Rs. 35,000 / month","Rs. 35,000 / month",0,https://isro.gov.in,https://isro.gov.in,2026-08-29,ACTIVE
44,Kaggle ML Competition: Indian Housing - Season 3,Smart India Hackathon,Competitions,"Detailed description for Kaggle ML Competition: Indian Housing - Season 3. Solve machine learning regression challenges on public Indian dataset. This provides a perfect match for students looking to excel in their career paths, build hands-on skills, and gain industry recognition.",Undergraduate,2,5,Commerce/B.Com,"Python,Machine Learning",Pune,OFFLINE,2026-08-28,"Prizes up to $10,000",N/A,0,https://kaggle.com,https://kaggle.com,2026-08-25,EXPIRED
45,Microsoft Learn Student Ambassador - Season 3,Microsoft,Ambassador Programs,"Detailed description for Microsoft Learn Student Ambassador - Season 3. Host workshops and build technical communities in your local college. This provides a perfect match for students looking to excel in their career paths, build hands-on skills, and gain industry recognition.",Postgraduate,2,5,Electrical Engineering,Public Speaking,Remote,ONLINE,2026-12-22,N/A,N/A,0,https://mvp.microsoft.com,https://mvp.microsoft.com,2026-08-26,ACTIVE
46,AWS Cloud Practitioner Certification Scholarship 2026,TCS,Certifications,"Detailed description for AWS Cloud Practitioner Certification Scholarship 2026. Voucher scholarship providing 100% exam fee discount for students. This provides a perfect match for students looking to excel in their career paths, build hands-on skills, and gain industry recognition.",Class 12,2,5,Medicine/MBBS,"Docker,AWS,Kubernetes",Kolkata,HYBRID,2026-10-17,N/A,N/A,0,https://aws.amazon.com,https://aws.amazon.com,2026-08-26,ACTIVE
47,NITI Aayog Internship Scheme - Season 3,AICTE,Internships,"Detailed description for NITI Aayog Internship Scheme - Season 3. Work on public policy research and analysis under central government experts. This provides a perfect match for students looking to excel in their career paths, build hands-on skills, and gain industry recognition.",Undergraduate,1,3,Medicine/MBBS,"Data Analytics,Communication,Research Methodology",Kolkata,ONLINE,2026-07-14,N/A,N/A,0,https://niti.gov.in,https://niti.gov.in,2026-08-27,EXPIRED
48,UNESCO Youth Volunteering Fellowship - Season 3,UNESCO,Volunteering,"Detailed description for UNESCO Youth Volunteering Fellowship - Season 3. Volunteer for community educational and digital literacy workshops. This provides a perfect match for students looking to excel in their career paths, build hands-on skills, and gain industry recognition.",Postgraduate,2,3,Biotechnology,"Leadership,Communication",Chennai,HYBRID,2026-12-05,N/A,N/A,0,https://unesco.org,https://unesco.org,2026-08-28,ACTIVE
49,Study Abroad in Germany: DAAD Scholarship 2026,HDFC Bank,Study Abroad,"Detailed description for Study Abroad in Germany: DAAD Scholarship 2026. Postgraduate full-degree funding for engineering and science graduates. This provides a perfect match for students looking to excel in their career paths, build hands-on skills, and gain industry recognition.",Graduate,2,5,All Branches,Research Methodology,Delhi,HYBRID,2026-11-30,N/A,N/A,0,https://daad.de,https://daad.de,2026-08-25,ACTIVE
50,Startup India Seed Fund Challenge - Season 3,Buddy4Study,Entrepreneurship,"Detailed description for Startup India Seed Fund Challenge - Season 3. Submit startup pitch to receive incubator grants and mentorship. This provides a perfect match for students looking to excel in their career paths, build hands-on skills, and gain industry recognition.",Undergraduate,1,5,All Branches,"Financial Accounting,Public Speaking",Kolkata,ONLINE,2026-11-01,Up to Rs. 20 Lakhs funding,Up to Rs. 20 Lakhs funding,0,https://startupindia.gov.in,https://startupindia.gov.in,2026-08-26,ACTIVE
51,Adobe India Women in Tech Internship - Season 3,AICTE,Internships,"Detailed description for Adobe India Women in Tech Internship - Season 3. Summer internship for female engineering students in product development. This provides a perfect match for students looking to excel in their career paths, build hands-on skills, and gain industry recognition.",Class 10,2,5,Business/BBA,"Java,Algorithms",Mumbai,ONLINE,2026-07-13,"Stipend Rs. 1,00,000 / month","Stipend Rs. 1,00,000 / month",0,https://adobe.com,https://adobe.com,2026-08-25,EXPIRED
52,TCS CodeVita Coding Competition 2026,IEEE,Competitions,"Detailed description for TCS CodeVita Coding Competition 2026. Global coding contest testing algorithmic problem-solving speed. This provides a perfect match for students looking to excel in their career paths, build hands-on skills, and gain industry recognition.",Diploma,1,4,Electronics & Communication,"Data Structures,Java,C++",Chennai,HYBRID,2026-07-21,"Prizes up to $20,000 + Job interview",N/A,0,https://tcscodevita.com,https://tcscodevita.com,2026-08-27,EXPIRED
53,UN Sustainable Development Goals Workshop - Season 3,DAAD,Workshops,"Detailed description for UN Sustainable Development Goals Workshop - Season 3. Five-day interactive virtual seminar on local social impact strategies. This provides a perfect match for students looking to excel in their career paths, build hands-on skills, and gain industry recognition.",Postgraduate,1,3,Business/BBA,Communication,Hyderabad,OFFLINE,2026-09-14,N/A,N/A,0,https://sdg.un.org,https://sdg.un.org,2026-08-27,ACTIVE
54,International Conference on AI & ML (ICML India) - Season 3,Microsoft,Conferences,"Detailed description for International Conference on AI & ML (ICML India) - Season 3. Global research conference featuring top papers in AI/ML advancements. This provides a perfect match for students looking to excel in their career paths, build hands-on skills, and gain industry recognition.",Class 10,2,5,Medicine/MBBS,Research Methodology,Bangalore,OFFLINE,2026-12-17,N/A,N/A,"Rs. 2,000",https://icml.cc,https://icml.cc,2026-08-29,ACTIVE
55,DRDO Young Scientist Lab Project 2026,GitHub,Research,"Detailed description for DRDO Young Scientist Lab Project 2026. Participate in defense robotics and computer vision project implementation. This provides a perfect match for students looking to excel in their career paths, build hands-on skills, and gain industry recognition.",Class 10,1,3,Computer Science,C++,Hyderabad,HYBRID,2026-08-08,"Monthly stipend Rs. 31,000","Monthly stipend Rs. 31,000",0,https://drdo.gov.in,https://drdo.gov.in,2026-08-25,EXPIRED
56,GitHub Campus Expert Program - Season 3,IEEE,Ambassador Programs,"Detailed description for GitHub Campus Expert Program - Season 3. Learn public speaking and tech organization skills supported by GitHub. This provides a perfect match for students looking to excel in their career paths, build hands-on skills, and gain industry recognition.",Postgraduate,1,5,Computer Science,"Git,Leadership,Communication",Bangalore,HYBRID,2026-12-06,N/A,N/A,0,https://education.github.com,https://education.github.com,2026-08-29,ACTIVE
57,G20 Youth Summit Innovation Challenge - Season 3,Coursera,Innovation Challenges,"Detailed description for G20 Youth Summit Innovation Challenge - Season 3. Propose tech blueprints addressing renewable energy distribution. This provides a perfect match for students looking to excel in their career paths, build hands-on skills, and gain industry recognition.",Class 12,2,3,Science/B.Sc,"Business Strategy,Problem Solving,Leadership",Mumbai,ONLINE,2026-10-17,"Certificate + Cash prize Rs. 50,000","Certificate + Cash prize Rs. 50,000",0,https://g20.org,https://g20.org,2026-08-28,ACTIVE
58,Stanford University Knight-Hennessy Scholars 2026,Google,Study Abroad,"Detailed description for Stanford University Knight-Hennessy Scholars 2026. Full funding for graduate degrees at Stanford University in any field. This provides a perfect match for students looking to excel in their career paths, build hands-on skills, and gain industry recognition.",Diploma,1,3,Biotechnology,"Leadership,Research Methodology",Delhi,HYBRID,2026-12-06,N/A,N/A,0,https://knight-hennessy.stanford.edu,https://knight-hennessy.stanford.edu,2026-08-28,ACTIVE
59,L&T Build India Scholarship - Season 3,UNESCO,Scholarships,"Detailed description for L&T Build India Scholarship - Season 3. Sponsorship for M.Tech in Construction Technology at IIT Madras/Delhi. This provides a perfect match for students looking to excel in their career paths, build hands-on skills, and gain industry recognition.",Class 12,2,5,Commerce/B.Com,"Civil Engineering,CAD",Bangalore,HYBRID,2026-07-21,"Tuition sponsored + Stipend Rs. 15,000","Tuition sponsored + Stipend Rs. 15,000",0,https://lntecc.com,https://lntecc.com,2026-08-25,EXPIRED
60,National Talent Search Examination (NTSE) - Season 3,NITI Aayog,Exams,"Detailed description for National Talent Search Examination (NTSE) - Season 3. National scholarship exam identifying academic talent in high school. This provides a perfect match for students looking to excel in their career paths, build hands-on skills, and gain industry recognition.",Postgraduate,1,3,Mechanical Engineering,"Mathematics,Problem Solving",Pune,OFFLINE,2026-12-26,N/A,N/A,0,https://ncert.nic.in,https://ncert.nic.in,2026-08-27,ACTIVE
61,Smart India Hackathon 2026,Coursera,Hackathons,"Detailed description for Smart India Hackathon 2026. National level digital product building competition solving government problems. This provides a perfect match for students looking to excel in their career paths, build hands-on skills, and gain industry recognition.",Class 10,2,4,Arts/Humanities,"Python,React,SQL",Hyderabad,HYBRID,2026-07-19,"Rs. 1,00,000","Rs. 1,00,000",0,https://sih.gov.in,https://sih.gov.in,2026-08-26,EXPIRED
62,Google Summer of Code (GSoC) - Season 4,Smart India Hackathon,Internships,"Detailed description for Google Summer of Code (GSoC) - Season 4. Global program matching students with open source organizations. This provides a perfect match for students looking to excel in their career paths, build hands-on skills, and gain industry recognition.",Postgraduate,1,5,Electronics & Communication,"Git,C++",Kolkata,OFFLINE,2026-07-19,N/A,Stipend ($1500 - $3000),0,https://summerofcode.withgoogle.com,https://summerofcode.withgoogle.com,2026-08-25,EXPIRED
63,ISRO Fellowship Program - Season 4,IIT Madras,Fellowships,"Detailed description for ISRO Fellowship Program - Season 4. Research fellowship for postgraduate students in aerospace, remote sensing, and computing. This provides a perfect match for students looking to excel in their career paths, build hands-on skills, and gain industry recognition.",Class 12,2,3,Law/LLB,Research Methodology,Bangalore,OFFLINE,2026-11-23,"Rs. 35,000 / month","Rs. 35,000 / month",0,https://isro.gov.in,https://isro.gov.in,2026-08-29,ACTIVE
64,Kaggle ML Competition: Indian Housing 2026,Microsoft,Competitions,"Detailed description for Kaggle ML Competition: Indian Housing 2026. Solve machine learning regression challenges on public Indian dataset. This provides a perfect match for students looking to excel in their career paths, build hands-on skills, and gain industry recognition.",Graduate,1,3,Medicine/MBBS,"Python,Statistics,Machine Learning",Bangalore,HYBRID,2026-08-19,"Prizes up to $10,000",N/A,0,https://kaggle.com,https://kaggle.com,2026-08-28,EXPIRED
65,Microsoft Learn Student Ambassador - Season 4,ISRO,Ambassador Programs,"Detailed description for Microsoft Learn Student Ambassador - Season 4. Host workshops and build technical communities in your local college. This provides a perfect match for students looking to excel in their career paths, build hands-on skills, and gain industry recognition.",Diploma,1,5,Arts/Humanities,"Public Speaking,Communication",Hyderabad,HYBRID,2026-08-06,N/A,N/A,0,https://mvp.microsoft.com,https://mvp.microsoft.com,2026-08-29,EXPIRED
66,AWS Cloud Practitioner Certification Scholarship - Season 4,Amazon,Certifications,"Detailed description for AWS Cloud Practitioner Certification Scholarship - Season 4. Voucher scholarship providing 100% exam fee discount for students. This provides a perfect match for students looking to excel in their career paths, build hands-on skills, and gain industry recognition.",Class 12,1,3,Computer Science,"AWS,Kubernetes",Remote,ONLINE,2026-12-27,N/A,N/A,0,https://aws.amazon.com,https://aws.amazon.com,2026-08-28,ACTIVE
67,NITI Aayog Internship Scheme 2026,Buddy4Study,Internships,"Detailed description for NITI Aayog Internship Scheme 2026. Work on public policy research and analysis under central government experts. This provides a perfect match for students looking to excel in their career paths, build hands-on skills, and gain industry recognition.",Graduate,2,3,Civil Engineering,Research Methodology,Kolkata,ONLINE,2026-07-16,N/A,N/A,0,https://niti.gov.in,https://niti.gov.in,2026-08-25,EXPIRED
68,UNESCO Youth Volunteering Fellowship - Season 4,Smart India Hackathon,Volunteering,"Detailed description for UNESCO Youth Volunteering Fellowship - Season 4. Volunteer for community educational and digital literacy workshops. This provides a perfect match for students looking to excel in their career paths, build hands-on skills, and gain industry recognition.",Undergraduate,2,4,Medicine/MBBS,Social Work,Remote,HYBRID,2026-08-01,N/A,N/A,0,https://unesco.org,https://unesco.org,2026-08-25,EXPIRED
69,Study Abroad in Germany: DAAD Scholarship - Season 4,TCS,Study Abroad,"Detailed description for Study Abroad in Germany: DAAD Scholarship - Season 4. Postgraduate full-degree funding for engineering and science graduates. This provides a perfect match for students looking to excel in their career paths, build hands-on skills, and gain industry recognition.",Class 10,1,3,Arts/Humanities,"Research Methodology,German Language",Mumbai,HYBRID,2026-11-02,N/A,N/A,0,https://daad.de,https://daad.de,2026-08-28,ACTIVE
70,Startup India Seed Fund Challenge 2026,GitHub,Entrepreneurship,"Detailed description for Startup India Seed Fund Challenge 2026. Submit startup pitch to receive incubator grants and mentorship. This provides a perfect match for students looking to excel in their career paths, build hands-on skills, and gain industry recognition.",Postgraduate,1,4,All Branches,"Financial Accounting,Public Speaking",Remote,ONLINE,2026-07-23,Up to Rs. 20 Lakhs funding,Up to Rs. 20 Lakhs funding,0,https://startupindia.gov.in,https://startupindia.gov.in,2026-08-28,EXPIRED
71,Adobe India Women in Tech Internship - Season 4,British Council,Internships,"Detailed description for Adobe India Women in Tech Internship - Season 4. Summer internship for female engineering students in product development. This provides a perfect match for students looking to excel in their career paths, build hands-on skills, and gain industry recognition.",Diploma,1,5,Science/B.Sc,Data Structures,Kolkata,ONLINE,2026-10-01,"Stipend Rs. 1,00,000 / month","Stipend Rs. 1,00,000 / month",0,https://adobe.com,https://adobe.com,2026-08-25,ACTIVE
72,TCS CodeVita Coding Competition - Season 4,Buddy4Study,Competitions,"Detailed description for TCS CodeVita Coding Competition - Season 4. Global coding contest testing algorithmic problem-solving speed. This provides a perfect match for students looking to excel in their career paths, build hands-on skills, and gain industry recognition.",Undergraduate,1,3,Law/LLB,"Python,Data Structures",Chennai,OFFLINE,2026-10-22,"Prizes up to $20,000 + Job interview",N/A,0,https://tcscodevita.com,https://tcscodevita.com,2026-08-26,ACTIVE
73,UN Sustainable Development Goals Workshop 2026,Startup India,Workshops,"Detailed description for UN Sustainable Development Goals Workshop 2026. Five-day interactive virtual seminar on local social impact strategies. This provides a perfect match for students looking to excel in their career paths, build hands-on skills, and gain industry recognition.",Diploma,2,3,Business/BBA,"Leadership,Teamwork",Hyderabad,ONLINE,2026-11-13,N/A,N/A,0,https://sdg.un.org,https://sdg.un.org,2026-08-27,ACTIVE
74,International Conference on AI & ML (ICML India) - Season 4,Coursera,Conferences,"Detailed description for International Conference on AI & ML (ICML India) - Season 4. Global research conference featuring top papers in AI/ML advancements. This provides a perfect match for students looking to excel in their career paths, build hands-on skills, and gain industry recognition.",Undergraduate,1,3,Commerce/B.Com,"Research Methodology,Deep Learning,Machine Learning",Bangalore,ONLINE,2026-11-20,N/A,N/A,"Rs. 2,000",https://icml.cc,https://icml.cc,2026-08-28,ACTIVE
75,DRDO Young Scientist Lab Project - Season 4,UNESCO,Research,"Detailed description for DRDO Young Scientist Lab Project - Season 4. Participate in defense robotics and computer vision project implementation. This provides a perfect match for students looking to excel in their career paths, build hands-on skills, and gain industry recognition.",Class 10,2,4,Medicine/MBBS,"Python,C++,Computer Vision",Delhi,OFFLINE,2026-12-03,"Monthly stipend Rs. 31,000","Monthly stipend Rs. 31,000",0,https://drdo.gov.in,https://drdo.gov.in,2026-08-29,ACTIVE
76,GitHub Campus Expert Program 2026,Kaggle,Ambassador Programs,"Detailed description for GitHub Campus Expert Program 2026. Learn public speaking and tech organization skills supported by GitHub. This provides a perfect match for students looking to excel in their career paths, build hands-on skills, and gain industry recognition.",Undergraduate,1,5,All Branches,Communication,Mumbai,HYBRID,2026-08-31,N/A,N/A,0,https://education.github.com,https://education.github.com,2026-08-29,CLOSING_SOON
77,G20 Youth Summit Innovation Challenge - Season 4,TCS,Innovation Challenges,"Detailed description for G20 Youth Summit Innovation Challenge - Season 4. Propose tech blueprints addressing renewable energy distribution. This provides a perfect match for students looking to excel in their career paths, build hands-on skills, and gain industry recognition.",Undergraduate,1,3,All Branches,"Problem Solving,Business Strategy",Delhi,HYBRID,2026-08-30,"Certificate + Cash prize Rs. 50,000","Certificate + Cash prize Rs. 50,000",0,https://g20.org,https://g20.org,2026-08-29,EXPIRED
78,Stanford University Knight-Hennessy Scholars - Season 4,Infosys,Study Abroad,"Detailed description for Stanford University Knight-Hennessy Scholars - Season 4. Full funding for graduate degrees at Stanford University in any field. This provides a perfect match for students looking to excel in their career paths, build hands-on skills, and gain industry recognition.",Postgraduate,1,4,Biotechnology,Academic Writing,Bangalore,HYBRID,2026-12-05,N/A,N/A,0,https://knight-hennessy.stanford.edu,https://knight-hennessy.stanford.edu,2026-08-27,ACTIVE
79,L&T Build India Scholarship 2026,ISRO,Scholarships,"Detailed description for L&T Build India Scholarship 2026. Sponsorship for M.Tech in Construction Technology at IIT Madras/Delhi. This provides a perfect match for students looking to excel in their career paths, build hands-on skills, and gain industry recognition.",Postgraduate,1,5,Civil Engineering,"CAD,Physics",Bangalore,OFFLINE,2026-10-24,"Tuition sponsored + Stipend Rs. 15,000","Tuition sponsored + Stipend Rs. 15,000",0,https://lntecc.com,https://lntecc.com,2026-08-28,ACTIVE
80,National Talent Search Examination (NTSE) - Season 4,DRDO,Exams,"Detailed description for National Talent Search Examination (NTSE) - Season 4. National scholarship exam identifying academic talent in high school. This provides a perfect match for students looking to excel in their career paths, build hands-on skills, and gain industry recognition.",Postgraduate,1,4,Electronics & Communication,Problem Solving,Bangalore,ONLINE,2026-11-05,N/A,N/A,0,https://ncert.nic.in,https://ncert.nic.in,2026-08-29,ACTIVE
81,Smart India Hackathon - Season 5,Google,Hackathons,"Detailed description for Smart India Hackathon - Season 5. National level digital product building competition solving government problems. This provides a perfect match for students looking to excel in their career paths, build hands-on skills, and gain industry recognition.",Undergraduate,2,5,Mechanical Engineering,"SQL,React,Python",Chennai,ONLINE,2026-12-07,"Rs. 1,00,000","Rs. 1,00,000",0,https://sih.gov.in,https://sih.gov.in,2026-08-29,ACTIVE
82,Google Summer of Code (GSoC) 2026,CERN,Internships,"Detailed description for Google Summer of Code (GSoC) 2026. Global program matching students with open source organizations. This provides a perfect match for students looking to excel in their career paths, build hands-on skills, and gain industry recognition.",Class 12,2,5,Commerce/B.Com,JavaScript,Chennai,OFFLINE,2026-07-16,N/A,Stipend ($1500 - $3000),0,https://summerofcode.withgoogle.com,https://summerofcode.withgoogle.com,2026-08-28,EXPIRED
83,ISRO Fellowship Program - Season 5,IIT Bombay,Fellowships,"Detailed description for ISRO Fellowship Program - Season 5. Research fellowship for postgraduate students in aerospace, remote sensing, and computing. This provides a perfect match for students looking to excel in their career paths, build hands-on skills, and gain industry recognition.",Undergraduate,1,4,Commerce/B.Com,Academic Writing,Hyderabad,ONLINE,2026-09-29,"Rs. 35,000 / month","Rs. 35,000 / month",0,https://isro.gov.in,https://isro.gov.in,2026-08-25,ACTIVE
84,Kaggle ML Competition: Indian Housing - Season 5,Infosys,Competitions,"Detailed description for Kaggle ML Competition: Indian Housing - Season 5. Solve machine learning regression challenges on public Indian dataset. This provides a perfect match for students looking to excel in their career paths, build hands-on skills, and gain industry recognition.",Undergraduate,1,5,Science/B.Sc,"Python,Statistics",Hyderabad,OFFLINE,2026-10-24,"Prizes up to $10,000",N/A,0,https://kaggle.com,https://kaggle.com,2026-08-29,ACTIVE
85,Microsoft Learn Student Ambassador 2026,Tata Trusts,Ambassador Programs,"Detailed description for Microsoft Learn Student Ambassador 2026. Host workshops and build technical communities in your local college. This provides a perfect match for students looking to excel in their career paths, build hands-on skills, and gain industry recognition.",Postgraduate,1,5,Business/BBA,"Communication,Leadership,Public Speaking",Pune,OFFLINE,2026-12-02,N/A,N/A,0,https://mvp.microsoft.com,https://mvp.microsoft.com,2026-08-28,ACTIVE
86,AWS Cloud Practitioner Certification Scholarship - Season 5,Kaggle,Certifications,"Detailed description for AWS Cloud Practitioner Certification Scholarship - Season 5. Voucher scholarship providing 100% exam fee discount for students. This provides a perfect match for students looking to excel in their career paths, build hands-on skills, and gain industry recognition.",Diploma,1,4,Civil Engineering,"AWS,Docker,Kubernetes",Mumbai,HYBRID,2026-09-28,N/A,N/A,0,https://aws.amazon.com,https://aws.amazon.com,2026-08-25,ACTIVE
87,NITI Aayog Internship Scheme - Season 5,USIEF,Internships,"Detailed description for NITI Aayog Internship Scheme - Season 5. Work on public policy research and analysis under central government experts. This provides a perfect match for students looking to excel in their career paths, build hands-on skills, and gain industry recognition.",Diploma,2,4,Electrical Engineering,"Research Methodology,Communication,Data Analytics",Chennai,HYBRID,2026-08-14,N/A,N/A,0,https://niti.gov.in,https://niti.gov.in,2026-08-28,EXPIRED
88,UNESCO Youth Volunteering Fellowship 2026,Major League Hacking,Volunteering,"Detailed description for UNESCO Youth Volunteering Fellowship 2026. Volunteer for community educational and digital literacy workshops. This provides a perfect match for students looking to excel in their career paths, build hands-on skills, and gain industry recognition.",Postgraduate,2,5,Arts/Humanities,"Leadership,Communication,Social Work",Remote,ONLINE,2026-11-01,N/A,N/A,0,https://unesco.org,https://unesco.org,2026-08-29,ACTIVE
89,Study Abroad in Germany: DAAD Scholarship - Season 5,TCS,Study Abroad,"Detailed description for Study Abroad in Germany: DAAD Scholarship - Season 5. Postgraduate full-degree funding for engineering and science graduates. This provides a perfect match for students looking to excel in their career paths, build hands-on skills, and gain industry recognition.",Undergraduate,2,4,Medicine/MBBS,"Research Methodology,German Language",Bangalore,ONLINE,2026-07-28,N/A,N/A,0,https://daad.de,https://daad.de,2026-08-25,EXPIRED
90,Startup India Seed Fund Challenge - Season 5,Coursera,Entrepreneurship,"Detailed description for Startup India Seed Fund Challenge - Season 5. Submit startup pitch to receive incubator grants and mentorship. This provides a perfect match for students looking to excel in their career paths, build hands-on skills, and gain industry recognition.",Postgraduate,1,3,Electrical Engineering,"Business Strategy,Public Speaking,Financial Accounting",Remote,HYBRID,2026-08-29,Up to Rs. 20 Lakhs funding,Up to Rs. 20 Lakhs funding,0,https://startupindia.gov.in,https://startupindia.gov.in,2026-08-27,EXPIRED
91,Adobe India Women in Tech Internship 2026,IIT Bombay,Internships,"Detailed description for Adobe India Women in Tech Internship 2026. Summer internship for female engineering students in product development. This provides a perfect match for students looking to excel in their career paths, build hands-on skills, and gain industry recognition.",Undergraduate,1,4,Computer Science,Algorithms,Bangalore,OFFLINE,2026-12-22,"Stipend Rs. 1,00,000 / month","Stipend Rs. 1,00,000 / month",0,https://adobe.com,https://adobe.com,2026-08-27,ACTIVE
92,TCS CodeVita Coding Competition - Season 5,Ministry of Education,Competitions,"Detailed description for TCS CodeVita Coding Competition - Season 5. Global coding contest testing algorithmic problem-solving speed. This provides a perfect match for students looking to excel in their career paths, build hands-on skills, and gain industry recognition.",Postgraduate,2,3,Civil Engineering,Python,Mumbai,HYBRID,2026-12-18,"Prizes up to $20,000 + Job interview",N/A,0,https://tcscodevita.com,https://tcscodevita.com,2026-08-29,ACTIVE
93,UN Sustainable Development Goals Workshop - Season 5,Infosys,Workshops,"Detailed description for UN Sustainable Development Goals Workshop - Season 5. Five-day interactive virtual seminar on local social impact strategies. This provides a perfect match for students looking to excel in their career paths, build hands-on skills, and gain industry recognition.",Postgraduate,1,3,Computer Science,Communication,Bangalore,ONLINE,2026-12-07,N/A,N/A,0,https://sdg.un.org,https://sdg.un.org,2026-08-29,ACTIVE
94,International Conference on AI & ML (ICML India) 2026,Kaggle,Conferences,"Detailed description for International Conference on AI & ML (ICML India) 2026. Global research conference featuring top papers in AI/ML advancements. This provides a perfect match for students looking to excel in their career paths, build hands-on skills, and gain industry recognition.",Diploma,1,5,Commerce/B.Com,"Research Methodology,Deep Learning,Machine Learning",Bangalore,OFFLINE,2026-11-13,N/A,N/A,"Rs. 2,000",https://icml.cc,https://icml.cc,2026-08-25,ACTIVE
95,DRDO Young Scientist Lab Project - Season 5,DAAD,Research,"Detailed description for DRDO Young Scientist Lab Project - Season 5. Participate in defense robotics and computer vision project implementation. This provides a perfect match for students looking to excel in their career paths, build hands-on skills, and gain industry recognition.",Graduate,1,4,Law/LLB,"Computer Vision,C++",Hyderabad,OFFLINE,2026-09-23,"Monthly stipend Rs. 31,000","Monthly stipend Rs. 31,000",0,https://drdo.gov.in,https://drdo.gov.in,2026-08-25,ACTIVE
96,GitHub Campus Expert Program - Season 5,Coursera,Ambassador Programs,"Detailed description for GitHub Campus Expert Program - Season 5. Learn public speaking and tech organization skills supported by GitHub. This provides a perfect match for students looking to excel in their career paths, build hands-on skills, and gain industry recognition.",Diploma,2,4,Medicine/MBBS,"Leadership,Communication",Delhi,OFFLINE,2026-10-11,N/A,N/A,0,https://education.github.com,https://education.github.com,2026-08-28,ACTIVE
97,G20 Youth Summit Innovation Challenge 2026,UNESCO,Innovation Challenges,"Detailed description for G20 Youth Summit Innovation Challenge 2026. Propose tech blueprints addressing renewable energy distribution. This provides a perfect match for students looking to excel in their career paths, build hands-on skills, and gain industry recognition.",Postgraduate,2,5,Electrical Engineering,"Business Strategy,Problem Solving",Remote,ONLINE,2026-09-23,"Certificate + Cash prize Rs. 50,000","Certificate + Cash prize Rs. 50,000",0,https://g20.org,https://g20.org,2026-08-28,ACTIVE
98,Stanford University Knight-Hennessy Scholars - Season 5,IEEE,Study Abroad,"Detailed description for Stanford University Knight-Hennessy Scholars - Season 5. Full funding for graduate degrees at Stanford University in any field. This provides a perfect match for students looking to excel in their career paths, build hands-on skills, and gain industry recognition.",Graduate,2,4,Civil Engineering,"Academic Writing,Research Methodology",Remote,ONLINE,2026-12-01,N/A,N/A,0,https://knight-hennessy.stanford.edu,https://knight-hennessy.stanford.edu,2026-08-26,ACTIVE
99,L&T Build India Scholarship - Season 5,USIEF,Scholarships,"Detailed description for L&T Build India Scholarship - Season 5. Sponsorship for M.Tech in Construction Technology at IIT Madras/Delhi. This provides a perfect match for students looking to excel in their career paths, build hands-on skills, and gain industry recognition.",Postgraduate,2,5,Business/BBA,"Physics,Civil Engineering,CAD",Mumbai,OFFLINE,2026-12-23,"Tuition sponsored + Stipend Rs. 15,000","Tuition sponsored + Stipend Rs. 15,000",0,https://lntecc.com,https://lntecc.com,2026-08-26,ACTIVE
100,National Talent Search Examination (NTSE) 2026,Udemy,Exams,"Detailed description for National Talent Search Examination (NTSE) 2026. National scholarship exam identifying academic talent in high school. This provides a perfect match for students looking to excel in their career paths, build hands-on skills, and gain industry recognition.",Class 12,2,4,Arts/Humanities,"Problem Solving,Mathematics",Delhi,HYBRID,2026-11-02,N/A,N/A,0,https://ncert.nic.in,https://ncert.nic.in,2026-08-25,ACTIVE
101,Smart India Hackathon - Season 6,AICTE,Hackathons,"Detailed description for Smart India Hackathon - Season 6. National level digital product building competition solving government problems. This provides a perfect match for students looking to excel in their career paths, build hands-on skills, and gain industry recognition.",Graduate,2,4,Commerce/B.Com,"SQL,React,Python",Remote,ONLINE,2026-11-22,"Rs. 1,00,000","Rs. 1,00,000",0,https://sih.gov.in,https://sih.gov.in,2026-08-28,ACTIVE
102,Google Summer of Code (GSoC) - Season 6,UNESCO,Internships,"Detailed description for Google Summer of Code (GSoC) - Season 6. Global program matching students with open source organizations. This provides a perfect match for students looking to excel in their career paths, build hands-on skills, and gain industry recognition.",Class 12,2,3,Science/B.Sc,"Git,Python",Delhi,OFFLINE,2026-11-19,N/A,Stipend ($1500 - $3000),0,https://summerofcode.withgoogle.com,https://summerofcode.withgoogle.com,2026-08-25,ACTIVE
103,ISRO Fellowship Program 2026,British Council,Fellowships,"Detailed description for ISRO Fellowship Program 2026. Research fellowship for postgraduate students in aerospace, remote sensing, and computing. This provides a perfect match for students looking to excel in their career paths, build hands-on skills, and gain industry recognition.",Graduate,1,5,Business/BBA,"Academic Writing,Research Methodology",Bangalore,HYBRID,2026-11-09,"Rs. 35,000 / month","Rs. 35,000 / month",0,https://isro.gov.in,https://isro.gov.in,2026-08-28,ACTIVE
104,Kaggle ML Competition: Indian Housing - Season 6,British Council,Competitions,"Detailed description for Kaggle ML Competition: Indian Housing - Season 6. Solve machine learning regression challenges on public Indian dataset. This provides a perfect match for students looking to excel in their career paths, build hands-on skills, and gain industry recognition.",Graduate,2,4,Mechanical Engineering,"Statistics,Machine Learning",Pune,ONLINE,2026-08-25,"Prizes up to $10,000",N/A,0,https://kaggle.com,https://kaggle.com,2026-08-28,EXPIRED
105,Microsoft Learn Student Ambassador - Season 6,IIT Bombay,Ambassador Programs,"Detailed description for Microsoft Learn Student Ambassador - Season 6. Host workshops and build technical communities in your local college. This provides a perfect match for students looking to excel in their career paths, build hands-on skills, and gain industry recognition.",Diploma,2,5,Electrical Engineering,"Leadership,Communication,Public Speaking",Bangalore,HYBRID,2026-09-06,N/A,N/A,0,https://mvp.microsoft.com,https://mvp.microsoft.com,2026-08-25,CLOSING_SOON
106,AWS Cloud Practitioner Certification Scholarship 2026,Amazon,Certifications,"Detailed description for AWS Cloud Practitioner Certification Scholarship 2026. Voucher scholarship providing 100% exam fee discount for students. This provides a perfect match for students looking to excel in their career paths, build hands-on skills, and gain industry recognition.",Class 10,1,5,Business/BBA,Kubernetes,Hyderabad,OFFLINE,2026-11-27,N/A,N/A,0,https://aws.amazon.com,https://aws.amazon.com,2026-08-29,ACTIVE
107,NITI Aayog Internship Scheme - Season 6,Kaggle,Internships,"Detailed description for NITI Aayog Internship Scheme - Season 6. Work on public policy research and analysis under central government experts. This provides a perfect match for students looking to excel in their career paths, build hands-on skills, and gain industry recognition.",Class 10,1,5,Computer Science,"Data Analytics,Communication",Pune,ONLINE,2026-11-01,N/A,N/A,0,https://niti.gov.in,https://niti.gov.in,2026-08-25,ACTIVE
108,UNESCO Youth Volunteering Fellowship - Season 6,NITI Aayog,Volunteering,"Detailed description for UNESCO Youth Volunteering Fellowship - Season 6. Volunteer for community educational and digital literacy workshops. This provides a perfect match for students looking to excel in their career paths, build hands-on skills, and gain industry recognition.",Postgraduate,1,5,Arts/Humanities,Communication,Hyderabad,OFFLINE,2026-10-08,N/A,N/A,0,https://unesco.org,https://unesco.org,2026-08-27,ACTIVE
109,Study Abroad in Germany: DAAD Scholarship 2026,Buddy4Study,Study Abroad,"Detailed description for Study Abroad in Germany: DAAD Scholarship 2026. Postgraduate full-degree funding for engineering and science graduates. This provides a perfect match for students looking to excel in their career paths, build hands-on skills, and gain industry recognition.",Class 10,1,3,Mechanical Engineering,"German Language,Research Methodology",Pune,HYBRID,2026-08-15,N/A,N/A,0,https://daad.de,https://daad.de,2026-08-28,EXPIRED
110,Startup India Seed Fund Challenge - Season 6,Ministry of Education,Entrepreneurship,"Detailed description for Startup India Seed Fund Challenge - Season 6. Submit startup pitch to receive incubator grants and mentorship. This provides a perfect match for students looking to excel in their career paths, build hands-on skills, and gain industry recognition.",Diploma,2,5,Science/B.Sc,Public Speaking,Bangalore,OFFLINE,2026-11-08,Up to Rs. 20 Lakhs funding,Up to Rs. 20 Lakhs funding,0,https://startupindia.gov.in,https://startupindia.gov.in,2026-08-25,ACTIVE
111,Adobe India Women in Tech Internship - Season 6,Coursera,Internships,"Detailed description for Adobe India Women in Tech Internship - Season 6. Summer internship for female engineering students in product development. This provides a perfect match for students looking to excel in their career paths, build hands-on skills, and gain industry recognition.",Postgraduate,2,3,Arts/Humanities,"Java,Data Structures,Algorithms",Kolkata,HYBRID,2026-10-14,"Stipend Rs. 1,00,000 / month","Stipend Rs. 1,00,000 / month",0,https://adobe.com,https://adobe.com,2026-08-25,ACTIVE
112,TCS CodeVita Coding Competition 2026,Smart India Hackathon,Competitions,"Detailed description for TCS CodeVita Coding Competition 2026. Global coding contest testing algorithmic problem-solving speed. This provides a perfect match for students looking to excel in their career paths, build hands-on skills, and gain industry recognition.",Postgraduate,2,3,Electronics & Communication,Python,Hyderabad,ONLINE,2026-12-22,"Prizes up to $20,000 + Job interview",N/A,0,https://tcscodevita.com,https://tcscodevita.com,2026-08-26,ACTIVE
113,UN Sustainable Development Goals Workshop - Season 6,ACM,Workshops,"Detailed description for UN Sustainable Development Goals Workshop - Season 6. Five-day interactive virtual seminar on local social impact strategies. This provides a perfect match for students looking to excel in their career paths, build hands-on skills, and gain industry recognition.",Undergraduate,2,3,Biotechnology,Leadership,Chennai,OFFLINE,2026-11-15,N/A,N/A,0,https://sdg.un.org,https://sdg.un.org,2026-08-27,ACTIVE
114,International Conference on AI & ML (ICML India) - Season 6,CERN,Conferences,"Detailed description for International Conference on AI & ML (ICML India) - Season 6. Global research conference featuring top papers in AI/ML advancements. This provides a perfect match for students looking to excel in their career paths, build hands-on skills, and gain industry recognition.",Undergraduate,2,3,Electrical Engineering,"Deep Learning,Machine Learning,Research Methodology",Hyderabad,HYBRID,2026-12-04,N/A,N/A,"Rs. 2,000",https://icml.cc,https://icml.cc,2026-08-27,ACTIVE
115,DRDO Young Scientist Lab Project 2026,CERN,Research,"Detailed description for DRDO Young Scientist Lab Project 2026. Participate in defense robotics and computer vision project implementation. This provides a perfect match for students looking to excel in their career paths, build hands-on skills, and gain industry recognition.",Graduate,2,5,All Branches,"Computer Vision,Python",Pune,HYBRID,2026-09-28,"Monthly stipend Rs. 31,000","Monthly stipend Rs. 31,000",0,https://drdo.gov.in,https://drdo.gov.in,2026-08-25,ACTIVE
116,GitHub Campus Expert Program - Season 6,IIT Madras,Ambassador Programs,"Detailed description for GitHub Campus Expert Program - Season 6. Learn public speaking and tech organization skills supported by GitHub. This provides a perfect match for students looking to excel in their career paths, build hands-on skills, and gain industry recognition.",Class 12,2,3,Mechanical Engineering,"Leadership,Communication",Mumbai,ONLINE,2026-08-11,N/A,N/A,0,https://education.github.com,https://education.github.com,2026-08-27,EXPIRED
117,G20 Youth Summit Innovation Challenge - Season 6,UNESCO,Innovation Challenges,"Detailed description for G20 Youth Summit Innovation Challenge - Season 6. Propose tech blueprints addressing renewable energy distribution. This provides a perfect match for students looking to excel in their career paths, build hands-on skills, and gain industry recognition.",Undergraduate,1,5,Commerce/B.Com,"Leadership,Business Strategy,Problem Solving",Chennai,ONLINE,2026-12-14,"Certificate + Cash prize Rs. 50,000","Certificate + Cash prize Rs. 50,000",0,https://g20.org,https://g20.org,2026-08-27,ACTIVE
118,Stanford University Knight-Hennessy Scholars 2026,Kaggle,Study Abroad,"Detailed description for Stanford University Knight-Hennessy Scholars 2026. Full funding for graduate degrees at Stanford University in any field. This provides a perfect match for students looking to excel in their career paths, build hands-on skills, and gain industry recognition.",Class 10,2,4,Arts/Humanities,Leadership,Remote,HYBRID,2026-12-07,N/A,N/A,0,https://knight-hennessy.stanford.edu,https://knight-hennessy.stanford.edu,2026-08-27,ACTIVE
119,L&T Build India Scholarship - Season 6,Smart India Hackathon,Scholarships,"Detailed description for L&T Build India Scholarship - Season 6. Sponsorship for M.Tech in Construction Technology at IIT Madras/Delhi. This provides a perfect match for students looking to excel in their career paths, build hands-on skills, and gain industry recognition.",Postgraduate,1,5,Biotechnology,"Civil Engineering,CAD,Physics",Mumbai,OFFLINE,2026-09-22,"Tuition sponsored + Stipend Rs. 15,000","Tuition sponsored + Stipend Rs. 15,000",0,https://lntecc.com,https://lntecc.com,2026-08-25,ACTIVE
120,National Talent Search Examination (NTSE) - Season 6,Tata Trusts,Exams,"Detailed description for National Talent Search Examination (NTSE) - Season 6. National scholarship exam identifying academic talent in high school. This provides a perfect match for students looking to excel in their career paths, build hands-on skills, and gain industry recognition.",Graduate,2,5,Commerce/B.Com,Mathematics,Delhi,HYBRID,2026-12-25,N/A,N/A,0,https://ncert.nic.in,https://ncert.nic.in,2026-08-27,ACTIVE
121,Smart India Hackathon 2026,USIEF,Hackathons,"Detailed description for Smart India Hackathon 2026. National level digital product building competition solving government problems. This provides a perfect match for students looking to excel in their career paths, build hands-on skills, and gain industry recognition.",Postgraduate,1,5,Civil Engineering,"Python,React",Chennai,OFFLINE,2026-07-27,"Rs. 1,00,000","Rs. 1,00,000",0,https://sih.gov.in,https://sih.gov.in,2026-08-29,EXPIRED
122,Google Summer of Code (GSoC) - Season 7,Udemy,Internships,"Detailed description for Google Summer of Code (GSoC) - Season 7. Global program matching students with open source organizations. This provides a perfect match for students looking to excel in their career paths, build hands-on skills, and gain industry recognition.",Diploma,2,4,Medicine/MBBS,"Java,Python,JavaScript",Chennai,ONLINE,2026-12-20,N/A,Stipend ($1500 - $3000),0,https://summerofcode.withgoogle.com,https://summerofcode.withgoogle.com,2026-08-28,ACTIVE
123,ISRO Fellowship Program - Season 7,Coursera,Fellowships,"Detailed description for ISRO Fellowship Program - Season 7. Research fellowship for postgraduate students in aerospace, remote sensing, and computing. This provides a perfect match for students looking to excel in their career paths, build hands-on skills, and gain industry recognition.",Class 12,2,4,Commerce/B.Com,"Academic Writing,Research Methodology",Bangalore,OFFLINE,2026-11-04,"Rs. 35,000 / month","Rs. 35,000 / month",0,https://isro.gov.in,https://isro.gov.in,2026-08-29,ACTIVE
124,Kaggle ML Competition: Indian Housing 2026,Google,Competitions,"Detailed description for Kaggle ML Competition: Indian Housing 2026. Solve machine learning regression challenges on public Indian dataset. This provides a perfect match for students looking to excel in their career paths, build hands-on skills, and gain industry recognition.",Diploma,1,4,Law/LLB,"Python,Statistics,Machine Learning",Bangalore,OFFLINE,2026-08-20,"Prizes up to $10,000",N/A,0,https://kaggle.com,https://kaggle.com,2026-08-26,EXPIRED
125,Microsoft Learn Student Ambassador - Season 7,AICTE,Ambassador Programs,"Detailed description for Microsoft Learn Student Ambassador - Season 7. Host workshops and build technical communities in your local college. This provides a perfect match for students looking to excel in their career paths, build hands-on skills, and gain industry recognition.",Postgraduate,1,5,Computer Science,Communication,Hyderabad,ONLINE,2026-09-22,N/A,N/A,0,https://mvp.microsoft.com,https://mvp.microsoft.com,2026-08-26,ACTIVE
126,AWS Cloud Practitioner Certification Scholarship - Season 7,Major League Hacking,Certifications,"Detailed description for AWS Cloud Practitioner Certification Scholarship - Season 7. Voucher scholarship providing 100% exam fee discount for students. This provides a perfect match for students looking to excel in their career paths, build hands-on skills, and gain industry recognition.",Postgraduate,1,5,Biotechnology,"Docker,AWS",Kolkata,HYBRID,2026-11-20,N/A,N/A,0,https://aws.amazon.com,https://aws.amazon.com,2026-08-27,ACTIVE
127,NITI Aayog Internship Scheme 2026,Ministry of Education,Internships,"Detailed description for NITI Aayog Internship Scheme 2026. Work on public policy research and analysis under central government experts. This provides a perfect match for students looking to excel in their career paths, build hands-on skills, and gain industry recognition.",Diploma,2,4,Electronics & Communication,Communication,Chennai,HYBRID,2026-11-15,N/A,N/A,0,https://niti.gov.in,https://niti.gov.in,2026-08-28,ACTIVE
128,UNESCO Youth Volunteering Fellowship - Season 7,USIEF,Volunteering,"Detailed description for UNESCO Youth Volunteering Fellowship - Season 7. Volunteer for community educational and digital literacy workshops. This provides a perfect match for students looking to excel in their career paths, build hands-on skills, and gain industry recognition.",Postgraduate,2,3,Medicine/MBBS,Communication,Pune,HYBRID,2026-07-17,N/A,N/A,0,https://unesco.org,https://unesco.org,2026-08-29,EXPIRED
129,Study Abroad in Germany: DAAD Scholarship - Season 7,ACM,Study Abroad,"Detailed description for Study Abroad in Germany: DAAD Scholarship - Season 7. Postgraduate full-degree funding for engineering and science graduates. This provides a perfect match for students looking to excel in their career paths, build hands-on skills, and gain industry recognition.",Class 10,1,5,Biotechnology,German Language,Chennai,ONLINE,2026-12-09,N/A,N/A,0,https://daad.de,https://daad.de,2026-08-26,ACTIVE
130,Startup India Seed Fund Challenge 2026,ISRO,Entrepreneurship,"Detailed description for Startup India Seed Fund Challenge 2026. Submit startup pitch to receive incubator grants and mentorship. This provides a perfect match for students looking to excel in their career paths, build hands-on skills, and gain industry recognition.",Class 12,2,4,Electrical Engineering,Business Strategy,Remote,ONLINE,2026-11-09,Up to Rs. 20 Lakhs funding,Up to Rs. 20 Lakhs funding,0,https://startupindia.gov.in,https://startupindia.gov.in,2026-08-25,ACTIVE
131,Adobe India Women in Tech Internship - Season 7,Ministry of Education,Internships,"Detailed description for Adobe India Women in Tech Internship - Season 7. Summer internship for female engineering students in product development. This provides a perfect match for students looking to excel in their career paths, build hands-on skills, and gain industry recognition.",Undergraduate,1,4,Science/B.Sc,"C++,Algorithms",Mumbai,OFFLINE,2026-10-12,"Stipend Rs. 1,00,000 / month","Stipend Rs. 1,00,000 / month",0,https://adobe.com,https://adobe.com,2026-08-29,ACTIVE
132,TCS CodeVita Coding Competition - Season 7,Google,Competitions,"Detailed description for TCS CodeVita Coding Competition - Season 7. Global coding contest testing algorithmic problem-solving speed. This provides a perfect match for students looking to excel in their career paths, build hands-on skills, and gain industry recognition.",Diploma,1,5,Electrical Engineering,"Algorithms,Data Structures,Python",Remote,OFFLINE,2026-09-22,"Prizes up to $20,000 + Job interview",N/A,0,https://tcscodevita.com,https://tcscodevita.com,2026-08-28,ACTIVE
133,UN Sustainable Development Goals Workshop 2026,Buddy4Study,Workshops,"Detailed description for UN Sustainable Development Goals Workshop 2026. Five-day interactive virtual seminar on local social impact strategies. This provides a perfect match for students looking to excel in their career paths, build hands-on skills, and gain industry recognition.",Postgraduate,2,3,Biotechnology,"Communication,Teamwork,Leadership",Kolkata,OFFLINE,2026-11-26,N/A,N/A,0,https://sdg.un.org,https://sdg.un.org,2026-08-28,ACTIVE
134,International Conference on AI & ML (ICML India) - Season 7,CERN,Conferences,"Detailed description for International Conference on AI & ML (ICML India) - Season 7. Global research conference featuring top papers in AI/ML advancements. This provides a perfect match for students looking to excel in their career paths, build hands-on skills, and gain industry recognition.",Diploma,1,5,Biotechnology,Deep Learning,Mumbai,ONLINE,2026-07-19,N/A,N/A,"Rs. 2,000",https://icml.cc,https://icml.cc,2026-08-25,EXPIRED
135,DRDO Young Scientist Lab Project - Season 7,Startup India,Research,"Detailed description for DRDO Young Scientist Lab Project - Season 7. Participate in defense robotics and computer vision project implementation. This provides a perfect match for students looking to excel in their career paths, build hands-on skills, and gain industry recognition.",Undergraduate,1,5,Biotechnology,"Python,Computer Vision,Machine Learning",Mumbai,OFFLINE,2026-11-10,"Monthly stipend Rs. 31,000","Monthly stipend Rs. 31,000",0,https://drdo.gov.in,https://drdo.gov.in,2026-08-27,ACTIVE
136,GitHub Campus Expert Program 2026,Infosys,Ambassador Programs,"Detailed description for GitHub Campus Expert Program 2026. Learn public speaking and tech organization skills supported by GitHub. This provides a perfect match for students looking to excel in their career paths, build hands-on skills, and gain industry recognition.",Undergraduate,2,3,Computer Science,Communication,Remote,OFFLINE,2026-08-18,N/A,N/A,0,https://education.github.com,https://education.github.com,2026-08-29,EXPIRED
137,G20 Youth Summit Innovation Challenge - Season 7,Reliance Foundation,Innovation Challenges,"Detailed description for G20 Youth Summit Innovation Challenge - Season 7. Propose tech blueprints addressing renewable energy distribution. This provides a perfect match for students looking to excel in their career paths, build hands-on skills, and gain industry recognition.",Class 12,2,3,Commerce/B.Com,Problem Solving,Mumbai,OFFLINE,2026-10-08,"Certificate + Cash prize Rs. 50,000","Certificate + Cash prize Rs. 50,000",0,https://g20.org,https://g20.org,2026-08-28,ACTIVE
138,Stanford University Knight-Hennessy Scholars - Season 7,Microsoft,Study Abroad,"Detailed description for Stanford University Knight-Hennessy Scholars - Season 7. Full funding for graduate degrees at Stanford University in any field. This provides a perfect match for students looking to excel in their career paths, build hands-on skills, and gain industry recognition.",Graduate,1,3,Civil Engineering,"Research Methodology,Leadership",Remote,HYBRID,2026-10-05,N/A,N/A,0,https://knight-hennessy.stanford.edu,https://knight-hennessy.stanford.edu,2026-08-25,ACTIVE
139,L&T Build India Scholarship 2026,DRDO,Scholarships,"Detailed description for L&T Build India Scholarship 2026. Sponsorship for M.Tech in Construction Technology at IIT Madras/Delhi. This provides a perfect match for students looking to excel in their career paths, build hands-on skills, and gain industry recognition.",Graduate,2,4,Civil Engineering,"CAD,Civil Engineering",Mumbai,HYBRID,2026-08-28,"Tuition sponsored + Stipend Rs. 15,000","Tuition sponsored + Stipend Rs. 15,000",0,https://lntecc.com,https://lntecc.com,2026-08-28,EXPIRED
140,National Talent Search Examination (NTSE) - Season 7,AICTE,Exams,"Detailed description for National Talent Search Examination (NTSE) - Season 7. National scholarship exam identifying academic talent in high school. This provides a perfect match for students looking to excel in their career paths, build hands-on skills, and gain industry recognition.",Diploma,2,4,Civil Engineering,"Mathematics,Problem Solving",Kolkata,HYBRID,2026-09-21,N/A,N/A,0,https://ncert.nic.in,https://ncert.nic.in,2026-08-29,ACTIVE
141,Smart India Hackathon - Season 8,Coursera,Hackathons,"Detailed description for Smart India Hackathon - Season 8. National level digital product building competition solving government problems. This provides a perfect match for students looking to excel in their career paths, build hands-on skills, and gain industry recognition.",Class 10,2,5,Science/B.Sc,"Python,React",Pune,OFFLINE,2026-08-13,"Rs. 1,00,000","Rs. 1,00,000",0,https://sih.gov.in,https://sih.gov.in,2026-08-29,EXPIRED
142,Google Summer of Code (GSoC) 2026,Coursera,Internships,"Detailed description for Google Summer of Code (GSoC) 2026. Global program matching students with open source organizations. This provides a perfect match for students looking to excel in their career paths, build hands-on skills, and gain industry recognition.",Class 10,2,3,Civil Engineering,"C++,Java,Python",Mumbai,ONLINE,2026-10-19,N/A,Stipend ($1500 - $3000),0,https://summerofcode.withgoogle.com,https://summerofcode.withgoogle.com,2026-08-29,ACTIVE
143,ISRO Fellowship Program - Season 8,USIEF,Fellowships,"Detailed description for ISRO Fellowship Program - Season 8. Research fellowship for postgraduate students in aerospace, remote sensing, and computing. This provides a perfect match for students looking to excel in their career paths, build hands-on skills, and gain industry recognition.",Undergraduate,2,3,Computer Science,"Academic Writing,Research Methodology,Python",Chennai,ONLINE,2026-10-27,"Rs. 35,000 / month","Rs. 35,000 / month",0,https://isro.gov.in,https://isro.gov.in,2026-08-27,ACTIVE
144,Kaggle ML Competition: Indian Housing - Season 8,Kaggle,Competitions,"Detailed description for Kaggle ML Competition: Indian Housing - Season 8. Solve machine learning regression challenges on public Indian dataset. This provides a perfect match for students looking to excel in their career paths, build hands-on skills, and gain industry recognition.",Diploma,2,3,Civil Engineering,"Statistics,Python,Machine Learning",Chennai,ONLINE,2026-07-11,"Prizes up to $10,000",N/A,0,https://kaggle.com,https://kaggle.com,2026-08-26,EXPIRED
145,Microsoft Learn Student Ambassador 2026,TCS,Ambassador Programs,"Detailed description for Microsoft Learn Student Ambassador 2026. Host workshops and build technical communities in your local college. This provides a perfect match for students looking to excel in their career paths, build hands-on skills, and gain industry recognition.",Graduate,2,5,Medicine/MBBS,"Communication,Public Speaking",Mumbai,ONLINE,2026-11-16,N/A,N/A,0,https://mvp.microsoft.com,https://mvp.microsoft.com,2026-08-28,ACTIVE
146,AWS Cloud Practitioner Certification Scholarship - Season 8,IIT Madras,Certifications,"Detailed description for AWS Cloud Practitioner Certification Scholarship - Season 8. Voucher scholarship providing 100% exam fee discount for students. This provides a perfect match for students looking to excel in their career paths, build hands-on skills, and gain industry recognition.",Class 12,2,5,Electronics & Communication,Kubernetes,Remote,ONLINE,2026-10-08,N/A,N/A,0,https://aws.amazon.com,https://aws.amazon.com,2026-08-26,ACTIVE
147,NITI Aayog Internship Scheme - Season 8,USIEF,Internships,"Detailed description for NITI Aayog Internship Scheme - Season 8. Work on public policy research and analysis under central government experts. This provides a perfect match for students looking to excel in their career paths, build hands-on skills, and gain industry recognition.",Undergraduate,2,5,Biotechnology,"Data Analytics,Research Methodology",Kolkata,OFFLINE,2026-11-04,N/A,N/A,0,https://niti.gov.in,https://niti.gov.in,2026-08-28,ACTIVE
148,UNESCO Youth Volunteering Fellowship 2026,CERN,Volunteering,"Detailed description for UNESCO Youth Volunteering Fellowship 2026. Volunteer for community educational and digital literacy workshops. This provides a perfect match for students looking to excel in their career paths, build hands-on skills, and gain industry recognition.",Graduate,1,3,Business/BBA,Leadership,Delhi,ONLINE,2026-11-24,N/A,N/A,0,https://unesco.org,https://unesco.org,2026-08-26,ACTIVE
149,Study Abroad in Germany: DAAD Scholarship - Season 8,Udemy,Study Abroad,"Detailed description for Study Abroad in Germany: DAAD Scholarship - Season 8. Postgraduate full-degree funding for engineering and science graduates. This provides a perfect match for students looking to excel in their career paths, build hands-on skills, and gain industry recognition.",Graduate,2,5,Biotechnology,Research Methodology,Mumbai,OFFLINE,2026-07-31,N/A,N/A,0,https://daad.de,https://daad.de,2026-08-25,EXPIRED
150,Startup India Seed Fund Challenge - Season 8,Major League Hacking,Entrepreneurship,"Detailed description for Startup India Seed Fund Challenge - Season 8. Submit startup pitch to receive incubator grants and mentorship. This provides a perfect match for students looking to excel in their career paths, build hands-on skills, and gain industry recognition.",Undergraduate,2,5,Civil Engineering,Business Strategy,Bangalore,HYBRID,2026-12-09,Up to Rs. 20 Lakhs funding,Up to Rs. 20 Lakhs funding,0,https://startupindia.gov.in,https://startupindia.gov.in,2026-08-26,ACTIVE
151,Adobe India Women in Tech Internship 2026,HDFC Bank,Internships,"Detailed description for Adobe India Women in Tech Internship 2026. Summer internship for female engineering students in product development. This provides a perfect match for students looking to excel in their career paths, build hands-on skills, and gain industry recognition.",Class 10,1,5,Medicine/MBBS,"Data Structures,C++,Java",Delhi,ONLINE,2026-09-09,"Stipend Rs. 1,00,000 / month","Stipend Rs. 1,00,000 / month",0,https://adobe.com,https://adobe.com,2026-08-27,ACTIVE
152,TCS CodeVita Coding Competition - Season 8,NITI Aayog,Competitions,"Detailed description for TCS CodeVita Coding Competition - Season 8. Global coding contest testing algorithmic problem-solving speed. This provides a perfect match for students looking to excel in their career paths, build hands-on skills, and gain industry recognition.",Class 10,1,5,Business/BBA,"Java,C++",Chennai,HYBRID,2026-12-02,"Prizes up to $20,000 + Job interview",N/A,0,https://tcscodevita.com,https://tcscodevita.com,2026-08-25,UPCOMING
153,UN Sustainable Development Goals Workshop - Season 8,HDFC Bank,Workshops,"Detailed description for UN Sustainable Development Goals Workshop - Season 8. Five-day interactive virtual seminar on local social impact strategies. This provides a perfect match for students looking to excel in their career paths, build hands-on skills, and gain industry recognition.",Graduate,2,4,Biotechnology,"Communication,Leadership",Bangalore,HYBRID,2026-10-29,N/A,N/A,0,https://sdg.un.org,https://sdg.un.org,2026-08-25,ACTIVE
154,International Conference on AI & ML (ICML India) 2026,Infosys,Conferences,"Detailed description for International Conference on AI & ML (ICML India) 2026. Global research conference featuring top papers in AI/ML advancements. This provides a perfect match for students looking to excel in their career paths, build hands-on skills, and gain industry recognition.",Postgraduate,1,3,Business/BBA,Research Methodology,Hyderabad,HYBRID,2026-11-15,N/A,N/A,"Rs. 2,000",https://icml.cc,https://icml.cc,2026-08-26,ACTIVE
155,DRDO Young Scientist Lab Project - Season 8,Microsoft,Research,"Detailed description for DRDO Young Scientist Lab Project - Season 8. Participate in defense robotics and computer vision project implementation. This provides a perfect match for students looking to excel in their career paths, build hands-on skills, and gain industry recognition.",Graduate,2,3,Business/BBA,"Computer Vision,Machine Learning,Python",Bangalore,HYBRID,2026-09-11,"Monthly stipend Rs. 31,000","Monthly stipend Rs. 31,000",0,https://drdo.gov.in,https://drdo.gov.in,2026-08-25,ACTIVE
156,GitHub Campus Expert Program - Season 8,Ministry of Education,Ambassador Programs,"Detailed description for GitHub Campus Expert Program - Season 8. Learn public speaking and tech organization skills supported by GitHub. This provides a perfect match for students looking to excel in their career paths, build hands-on skills, and gain industry recognition.",Class 12,1,4,Electronics & Communication,"Communication,Leadership",Delhi,ONLINE,2026-11-14,N/A,N/A,0,https://education.github.com,https://education.github.com,2026-08-29,ACTIVE
157,G20 Youth Summit Innovation Challenge 2026,British Council,Innovation Challenges,"Detailed description for G20 Youth Summit Innovation Challenge 2026. Propose tech blueprints addressing renewable energy distribution. This provides a perfect match for students looking to excel in their career paths, build hands-on skills, and gain industry recognition.",Postgraduate,2,5,Civil Engineering,"Business Strategy,Problem Solving,Leadership",Bangalore,OFFLINE,2026-10-26,"Certificate + Cash prize Rs. 50,000","Certificate + Cash prize Rs. 50,000",0,https://g20.org,https://g20.org,2026-08-25,ACTIVE
158,Stanford University Knight-Hennessy Scholars - Season 8,CERN,Study Abroad,"Detailed description for Stanford University Knight-Hennessy Scholars - Season 8. Full funding for graduate degrees at Stanford University in any field. This provides a perfect match for students looking to excel in their career paths, build hands-on skills, and gain industry recognition.",Diploma,1,3,Arts/Humanities,"Academic Writing,Research Methodology",Pune,OFFLINE,2026-09-06,N/A,N/A,0,https://knight-hennessy.stanford.edu,https://knight-hennessy.stanford.edu,2026-08-27,CLOSING_SOON
159,L&T Build India Scholarship - Season 8,Google,Scholarships,"Detailed description for L&T Build India Scholarship - Season 8. Sponsorship for M.Tech in Construction Technology at IIT Madras/Delhi. This provides a perfect match for students looking to excel in their career paths, build hands-on skills, and gain industry recognition.",Class 12,2,5,Arts/Humanities,"Civil Engineering,Physics",Remote,HYBRID,2026-11-12,"Tuition sponsored + Stipend Rs. 15,000","Tuition sponsored + Stipend Rs. 15,000",0,https://lntecc.com,https://lntecc.com,2026-08-28,ACTIVE
160,National Talent Search Examination (NTSE) 2026,Google,Exams,"Detailed description for National Talent Search Examination (NTSE) 2026. National scholarship exam identifying academic talent in high school. This provides a perfect match for students looking to excel in their career paths, build hands-on skills, and gain industry recognition.",Class 10,2,5,Computer Science,"Problem Solving,Mathematics",Chennai,HYBRID,2026-07-27,N/A,N/A,0,https://ncert.nic.in,https://ncert.nic.in,2026-08-29,EXPIRED
161,Smart India Hackathon - Season 9,UNESCO,Hackathons,"Detailed description for Smart India Hackathon - Season 9. National level digital product building competition solving government problems. This provides a perfect match for students looking to excel in their career paths, build hands-on skills, and gain industry recognition.",Class 12,2,3,Biotechnology,"React,Python,SQL",Chennai,HYBRID,2026-07-16,"Rs. 1,00,000","Rs. 1,00,000",0,https://sih.gov.in,https://sih.gov.in,2026-08-26,EXPIRED
162,Google Summer of Code (GSoC) - Season 9,IIT Madras,Internships,"Detailed description for Google Summer of Code (GSoC) - Season 9. Global program matching students with open source organizations. This provides a perfect match for students looking to excel in their career paths, build hands-on skills, and gain industry recognition.",Postgraduate,1,4,Arts/Humanities,"Python,Git,JavaScript",Remote,OFFLINE,2026-11-25,N/A,Stipend ($1500 - $3000),0,https://summerofcode.withgoogle.com,https://summerofcode.withgoogle.com,2026-08-27,ACTIVE
163,ISRO Fellowship Program 2026,CERN,Fellowships,"Detailed description for ISRO Fellowship Program 2026. Research fellowship for postgraduate students in aerospace, remote sensing, and computing. This provides a perfect match for students looking to excel in their career paths, build hands-on skills, and gain industry recognition.",Undergraduate,2,4,Computer Science,"Research Methodology,Python,Academic Writing",Kolkata,ONLINE,2026-09-02,"Rs. 35,000 / month","Rs. 35,000 / month",0,https://isro.gov.in,https://isro.gov.in,2026-08-29,CLOSING_SOON
164,Kaggle ML Competition: Indian Housing - Season 9,ISRO,Competitions,"Detailed description for Kaggle ML Competition: Indian Housing - Season 9. Solve machine learning regression challenges on public Indian dataset. This provides a perfect match for students looking to excel in their career paths, build hands-on skills, and gain industry recognition.",Diploma,1,5,Law/LLB,"Statistics,Machine Learning,Python",Bangalore,ONLINE,2026-12-20,"Prizes up to $10,000",N/A,0,https://kaggle.com,https://kaggle.com,2026-08-29,ACTIVE
165,Microsoft Learn Student Ambassador - Season 9,CERN,Ambassador Programs,"Detailed description for Microsoft Learn Student Ambassador - Season 9. Host workshops and build technical communities in your local college. This provides a perfect match for students looking to excel in their career paths, build hands-on skills, and gain industry recognition.",Undergraduate,1,5,Civil Engineering,Leadership,Bangalore,HYBRID,2026-08-29,N/A,N/A,0,https://mvp.microsoft.com,https://mvp.microsoft.com,2026-08-26,EXPIRED
166,AWS Cloud Practitioner Certification Scholarship 2026,DRDO,Certifications,"Detailed description for AWS Cloud Practitioner Certification Scholarship 2026. Voucher scholarship providing 100% exam fee discount for students. This provides a perfect match for students looking to excel in their career paths, build hands-on skills, and gain industry recognition.",Undergraduate,2,4,Mechanical Engineering,"AWS,Kubernetes",Pune,ONLINE,2026-08-09,N/A,N/A,0,https://aws.amazon.com,https://aws.amazon.com,2026-08-28,EXPIRED
167,NITI Aayog Internship Scheme - Season 9,UNESCO,Internships,"Detailed description for NITI Aayog Internship Scheme - Season 9. Work on public policy research and analysis under central government experts. This provides a perfect match for students looking to excel in their career paths, build hands-on skills, and gain industry recognition.",Postgraduate,2,5,Law/LLB,"Communication,Research Methodology,Data Analytics",Remote,HYBRID,2026-12-20,N/A,N/A,0,https://niti.gov.in,https://niti.gov.in,2026-08-25,ACTIVE
168,UNESCO Youth Volunteering Fellowship - Season 9,Smart India Hackathon,Volunteering,"Detailed description for UNESCO Youth Volunteering Fellowship - Season 9. Volunteer for community educational and digital literacy workshops. This provides a perfect match for students looking to excel in their career paths, build hands-on skills, and gain industry recognition.",Diploma,1,3,Law/LLB,"Social Work,Communication,Leadership",Kolkata,OFFLINE,2026-08-09,N/A,N/A,0,https://unesco.org,https://unesco.org,2026-08-27,EXPIRED
169,Study Abroad in Germany: DAAD Scholarship 2026,Smart India Hackathon,Study Abroad,"Detailed description for Study Abroad in Germany: DAAD Scholarship 2026. Postgraduate full-degree funding for engineering and science graduates. This provides a perfect match for students looking to excel in their career paths, build hands-on skills, and gain industry recognition.",Diploma,2,4,Electrical Engineering,Research Methodology,Chennai,OFFLINE,2026-07-11,N/A,N/A,0,https://daad.de,https://daad.de,2026-08-28,EXPIRED
170,Startup India Seed Fund Challenge - Season 9,Microsoft,Entrepreneurship,"Detailed description for Startup India Seed Fund Challenge - Season 9. Submit startup pitch to receive incubator grants and mentorship. This provides a perfect match for students looking to excel in their career paths, build hands-on skills, and gain industry recognition.",Undergraduate,1,3,Medicine/MBBS,"Financial Accounting,Public Speaking,Business Strategy",Delhi,OFFLINE,2026-10-04,Up to Rs. 20 Lakhs funding,Up to Rs. 20 Lakhs funding,0,https://startupindia.gov.in,https://startupindia.gov.in,2026-08-26,ACTIVE
171,Adobe India Women in Tech Internship - Season 9,CERN,Internships,"Detailed description for Adobe India Women in Tech Internship - Season 9. Summer internship for female engineering students in product development. This provides a perfect match for students looking to excel in their career paths, build hands-on skills, and gain industry recognition.",Diploma,1,4,Science/B.Sc,Data Structures,Remote,ONLINE,2026-12-05,"Stipend Rs. 1,00,000 / month","Stipend Rs. 1,00,000 / month",0,https://adobe.com,https://adobe.com,2026-08-26,UPCOMING
172,TCS CodeVita Coding Competition 2026,AICTE,Competitions,"Detailed description for TCS CodeVita Coding Competition 2026. Global coding contest testing algorithmic problem-solving speed. This provides a perfect match for students looking to excel in their career paths, build hands-on skills, and gain industry recognition.",Undergraduate,1,3,Electronics & Communication,Algorithms,Pune,HYBRID,2026-11-03,"Prizes up to $20,000 + Job interview",N/A,0,https://tcscodevita.com,https://tcscodevita.com,2026-08-25,ACTIVE
173,UN Sustainable Development Goals Workshop - Season 9,DRDO,Workshops,"Detailed description for UN Sustainable Development Goals Workshop - Season 9. Five-day interactive virtual seminar on local social impact strategies. This provides a perfect match for students looking to excel in their career paths, build hands-on skills, and gain industry recognition.",Class 12,2,5,Electronics & Communication,"Leadership,Teamwork",Mumbai,OFFLINE,2026-09-29,N/A,N/A,0,https://sdg.un.org,https://sdg.un.org,2026-08-27,ACTIVE
174,International Conference on AI & ML (ICML India) - Season 9,AICTE,Conferences,"Detailed description for International Conference on AI & ML (ICML India) - Season 9. Global research conference featuring top papers in AI/ML advancements. This provides a perfect match for students looking to excel in their career paths, build hands-on skills, and gain industry recognition.",Diploma,1,5,Biotechnology,Deep Learning,Delhi,OFFLINE,2026-12-22,N/A,N/A,"Rs. 2,000",https://icml.cc,https://icml.cc,2026-08-26,ACTIVE
175,DRDO Young Scientist Lab Project 2026,Reliance Foundation,Research,"Detailed description for DRDO Young Scientist Lab Project 2026. Participate in defense robotics and computer vision project implementation. This provides a perfect match for students looking to excel in their career paths, build hands-on skills, and gain industry recognition.",Postgraduate,2,4,Arts/Humanities,"C++,Computer Vision,Python",Kolkata,OFFLINE,2026-12-26,"Monthly stipend Rs. 31,000","Monthly stipend Rs. 31,000",0,https://drdo.gov.in,https://drdo.gov.in,2026-08-27,UPCOMING
176,GitHub Campus Expert Program - Season 9,ISRO,Ambassador Programs,"Detailed description for GitHub Campus Expert Program - Season 9. Learn public speaking and tech organization skills supported by GitHub. This provides a perfect match for students looking to excel in their career paths, build hands-on skills, and gain industry recognition.",Graduate,1,3,Law/LLB,Communication,Delhi,HYBRID,2026-07-16,N/A,N/A,0,https://education.github.com,https://education.github.com,2026-08-26,EXPIRED
177,G20 Youth Summit Innovation Challenge - Season 9,HDFC Bank,Innovation Challenges,"Detailed description for G20 Youth Summit Innovation Challenge - Season 9. Propose tech blueprints addressing renewable energy distribution. This provides a perfect match for students looking to excel in their career paths, build hands-on skills, and gain industry recognition.",Graduate,2,5,Commerce/B.Com,Problem Solving,Delhi,HYBRID,2026-10-21,"Certificate + Cash prize Rs. 50,000","Certificate + Cash prize Rs. 50,000",0,https://g20.org,https://g20.org,2026-08-26,ACTIVE
178,Stanford University Knight-Hennessy Scholars 2026,IIT Madras,Study Abroad,"Detailed description for Stanford University Knight-Hennessy Scholars 2026. Full funding for graduate degrees at Stanford University in any field. This provides a perfect match for students looking to excel in their career paths, build hands-on skills, and gain industry recognition.",Diploma,2,4,Electrical Engineering,"Leadership,Research Methodology,Academic Writing",Kolkata,OFFLINE,2026-10-20,N/A,N/A,0,https://knight-hennessy.stanford.edu,https://knight-hennessy.stanford.edu,2026-08-29,ACTIVE
179,L&T Build India Scholarship - Season 9,IEEE,Scholarships,"Detailed description for L&T Build India Scholarship - Season 9. Sponsorship for M.Tech in Construction Technology at IIT Madras/Delhi. This provides a perfect match for students looking to excel in their career paths, build hands-on skills, and gain industry recognition.",Class 10,1,5,Biotechnology,Civil Engineering,Chennai,ONLINE,2026-12-18,"Tuition sponsored + Stipend Rs. 15,000","Tuition sponsored + Stipend Rs. 15,000",0,https://lntecc.com,https://lntecc.com,2026-08-26,ACTIVE
180,National Talent Search Examination (NTSE) - Season 9,IIT Madras,Exams,"Detailed description for National Talent Search Examination (NTSE) - Season 9. National scholarship exam identifying academic talent in high school. This provides a perfect match for students looking to excel in their career paths, build hands-on skills, and gain industry recognition.",Undergraduate,1,3,Electronics & Communication,"Mathematics,Problem Solving",Kolkata,OFFLINE,2026-08-16,N/A,N/A,0,https://ncert.nic.in,https://ncert.nic.in,2026-08-28,EXPIRED
181,Smart India Hackathon 2026,TCS,Hackathons,"Detailed description for Smart India Hackathon 2026. National level digital product building competition solving government problems. This provides a perfect match for students looking to excel in their career paths, build hands-on skills, and gain industry recognition.",Class 12,1,4,Medicine/MBBS,Python,Hyderabad,ONLINE,2026-09-01,"Rs. 1,00,000","Rs. 1,00,000",0,https://sih.gov.in,https://sih.gov.in,2026-08-25,CLOSING_SOON
182,Google Summer of Code (GSoC) - Season 10,Reliance Foundation,Internships,"Detailed description for Google Summer of Code (GSoC) - Season 10. Global program matching students with open source organizations. This provides a perfect match for students looking to excel in their career paths, build hands-on skills, and gain industry recognition.",Postgraduate,2,5,Mechanical Engineering,"C++,Python",Kolkata,ONLINE,2026-10-23,N/A,Stipend ($1500 - $3000),0,https://summerofcode.withgoogle.com,https://summerofcode.withgoogle.com,2026-08-26,ACTIVE
183,ISRO Fellowship Program - Season 10,TCS,Fellowships,"Detailed description for ISRO Fellowship Program - Season 10. Research fellowship for postgraduate students in aerospace, remote sensing, and computing. This provides a perfect match for students looking to excel in their career paths, build hands-on skills, and gain industry recognition.",Diploma,1,4,Medicine/MBBS,"Research Methodology,Python,Academic Writing",Delhi,OFFLINE,2026-09-16,"Rs. 35,000 / month","Rs. 35,000 / month",0,https://isro.gov.in,https://isro.gov.in,2026-08-29,ACTIVE
184,Kaggle ML Competition: Indian Housing 2026,Google,Competitions,"Detailed description for Kaggle ML Competition: Indian Housing 2026. Solve machine learning regression challenges on public Indian dataset. This provides a perfect match for students looking to excel in their career paths, build hands-on skills, and gain industry recognition.",Postgraduate,2,3,Law/LLB,"Statistics,Machine Learning",Hyderabad,OFFLINE,2026-10-01,"Prizes up to $10,000",N/A,0,https://kaggle.com,https://kaggle.com,2026-08-28,ACTIVE
185,Microsoft Learn Student Ambassador - Season 10,Buddy4Study,Ambassador Programs,"Detailed description for Microsoft Learn Student Ambassador - Season 10. Host workshops and build technical communities in your local college. This provides a perfect match for students looking to excel in their career paths, build hands-on skills, and gain industry recognition.",Undergraduate,2,5,Civil Engineering,"Leadership,Communication,Public Speaking",Mumbai,OFFLINE,2026-07-26,N/A,N/A,0,https://mvp.microsoft.com,https://mvp.microsoft.com,2026-08-28,EXPIRED
186,AWS Cloud Practitioner Certification Scholarship - Season 10,ISRO,Certifications,"Detailed description for AWS Cloud Practitioner Certification Scholarship - Season 10. Voucher scholarship providing 100% exam fee discount for students. This provides a perfect match for students looking to excel in their career paths, build hands-on skills, and gain industry recognition.",Class 12,1,4,Law/LLB,"AWS,Kubernetes",Pune,OFFLINE,2026-12-05,N/A,N/A,0,https://aws.amazon.com,https://aws.amazon.com,2026-08-28,ACTIVE
187,NITI Aayog Internship Scheme 2026,Major League Hacking,Internships,"Detailed description for NITI Aayog Internship Scheme 2026. Work on public policy research and analysis under central government experts. This provides a perfect match for students looking to excel in their career paths, build hands-on skills, and gain industry recognition.",Class 12,1,3,All Branches,"Communication,Research Methodology,Data Analytics",Pune,ONLINE,2026-10-22,N/A,N/A,0,https://niti.gov.in,https://niti.gov.in,2026-08-29,ACTIVE
188,UNESCO Youth Volunteering Fellowship - Season 10,Major League Hacking,Volunteering,"Detailed description for UNESCO Youth Volunteering Fellowship - Season 10. Volunteer for community educational and digital literacy workshops. This provides a perfect match for students looking to excel in their career paths, build hands-on skills, and gain industry recognition.",Graduate,1,4,Arts/Humanities,"Social Work,Communication",Kolkata,HYBRID,2026-12-01,N/A,N/A,0,https://unesco.org,https://unesco.org,2026-08-26,ACTIVE
189,Study Abroad in Germany: DAAD Scholarship - Season 10,Startup India,Study Abroad,"Detailed description for Study Abroad in Germany: DAAD Scholarship - Season 10. Postgraduate full-degree funding for engineering and science graduates. This provides a perfect match for students looking to excel in their career paths, build hands-on skills, and gain industry recognition.",Class 10,1,4,Electrical Engineering,German Language,Delhi,OFFLINE,2026-09-01,N/A,N/A,0,https://daad.de,https://daad.de,2026-08-28,CLOSING_SOON
190,Startup India Seed Fund Challenge 2026,Buddy4Study,Entrepreneurship,"Detailed description for Startup India Seed Fund Challenge 2026. Submit startup pitch to receive incubator grants and mentorship. This provides a perfect match for students looking to excel in their career paths, build hands-on skills, and gain industry recognition.",Class 12,1,4,Medicine/MBBS,"Business Strategy,Public Speaking",Kolkata,HYBRID,2026-10-02,Up to Rs. 20 Lakhs funding,Up to Rs. 20 Lakhs funding,0,https://startupindia.gov.in,https://startupindia.gov.in,2026-08-27,ACTIVE
191,Adobe India Women in Tech Internship - Season 10,Amazon,Internships,"Detailed description for Adobe India Women in Tech Internship - Season 10. Summer internship for female engineering students in product development. This provides a perfect match for students looking to excel in their career paths, build hands-on skills, and gain industry recognition.",Diploma,1,4,Electrical Engineering,Data Structures,Chennai,OFFLINE,2026-10-25,"Stipend Rs. 1,00,000 / month","Stipend Rs. 1,00,000 / month",0,https://adobe.com,https://adobe.com,2026-08-26,ACTIVE
192,TCS CodeVita Coding Competition - Season 10,Tata Trusts,Competitions,"Detailed description for TCS CodeVita Coding Competition - Season 10. Global coding contest testing algorithmic problem-solving speed. This provides a perfect match for students looking to excel in their career paths, build hands-on skills, and gain industry recognition.",Postgraduate,2,5,Business/BBA,"Data Structures,Python,C++",Delhi,OFFLINE,2026-12-03,"Prizes up to $20,000 + Job interview",N/A,0,https://tcscodevita.com,https://tcscodevita.com,2026-08-28,UPCOMING
193,UN Sustainable Development Goals Workshop 2026,Google,Workshops,"Detailed description for UN Sustainable Development Goals Workshop 2026. Five-day interactive virtual seminar on local social impact strategies. This provides a perfect match for students looking to excel in their career paths, build hands-on skills, and gain industry recognition.",Undergraduate,1,4,Business/BBA,Teamwork,Pune,HYBRID,2026-11-26,N/A,N/A,0,https://sdg.un.org,https://sdg.un.org,2026-08-28,ACTIVE
194,International Conference on AI & ML (ICML India) - Season 10,IEEE,Conferences,"Detailed description for International Conference on AI & ML (ICML India) - Season 10. Global research conference featuring top papers in AI/ML advancements. This provides a perfect match for students looking to excel in their career paths, build hands-on skills, and gain industry recognition.",Graduate,1,4,Medicine/MBBS,Machine Learning,Delhi,ONLINE,2026-12-07,N/A,N/A,"Rs. 2,000",https://icml.cc,https://icml.cc,2026-08-28,ACTIVE
195,DRDO Young Scientist Lab Project - Season 10,Ministry of Education,Research,"Detailed description for DRDO Young Scientist Lab Project - Season 10. Participate in defense robotics and computer vision project implementation. This provides a perfect match for students looking to excel in their career paths, build hands-on skills, and gain industry recognition.",Class 10,1,4,Civil Engineering,Computer Vision,Remote,ONLINE,2026-10-19,"Monthly stipend Rs. 31,000","Monthly stipend Rs. 31,000",0,https://drdo.gov.in,https://drdo.gov.in,2026-08-25,ACTIVE
196,GitHub Campus Expert Program 2026,Infosys,Ambassador Programs,"Detailed description for GitHub Campus Expert Program 2026. Learn public speaking and tech organization skills supported by GitHub. This provides a perfect match for students looking to excel in their career paths, build hands-on skills, and gain industry recognition.",Class 10,1,5,Electronics & Communication,Git,Kolkata,OFFLINE,2026-09-10,N/A,N/A,0,https://education.github.com,https://education.github.com,2026-08-25,ACTIVE
197,G20 Youth Summit Innovation Challenge - Season 10,Kaggle,Innovation Challenges,"Detailed description for G20 Youth Summit Innovation Challenge - Season 10. Propose tech blueprints addressing renewable energy distribution. This provides a perfect match for students looking to excel in their career paths, build hands-on skills, and gain industry recognition.",Graduate,1,3,Civil Engineering,"Leadership,Problem Solving",Remote,OFFLINE,2026-08-30,"Certificate + Cash prize Rs. 50,000","Certificate + Cash prize Rs. 50,000",0,https://g20.org,https://g20.org,2026-08-28,EXPIRED
198,Stanford University Knight-Hennessy Scholars - Season 10,Reliance Foundation,Study Abroad,"Detailed description for Stanford University Knight-Hennessy Scholars - Season 10. Full funding for graduate degrees at Stanford University in any field. This provides a perfect match for students looking to excel in their career paths, build hands-on skills, and gain industry recognition.",Postgraduate,2,4,Business/BBA,Research Methodology,Bangalore,HYBRID,2026-08-28,N/A,N/A,0,https://knight-hennessy.stanford.edu,https://knight-hennessy.stanford.edu,2026-08-29,EXPIRED
199,L&T Build India Scholarship 2026,Amazon,Scholarships,"Detailed description for L&T Build India Scholarship 2026. Sponsorship for M.Tech in Construction Technology at IIT Madras/Delhi. This provides a perfect match for students looking to excel in their career paths, build hands-on skills, and gain industry recognition.",Class 12,1,5,Computer Science,"Physics,Civil Engineering,CAD",Chennai,ONLINE,2026-09-27,"Tuition sponsored + Stipend Rs. 15,000","Tuition sponsored + Stipend Rs. 15,000",0,https://lntecc.com,https://lntecc.com,2026-08-26,ACTIVE
200,National Talent Search Examination (NTSE) - Season 10,Startup India,Exams,"Detailed description for National Talent Search Examination (NTSE) - Season 10. National scholarship exam identifying academic talent in high school. This provides a perfect match for students looking to excel in their career paths, build hands-on skills, and gain industry recognition.",Undergraduate,2,3,Electrical Engineering,"Problem Solving,Mathematics",Hyderabad,ONLINE,2026-12-01,N/A,N/A,0,https://ncert.nic.in,https://ncert.nic.in,2026-08-26,ACTIVE
201,Smart India Hackathon - Season 11,Coursera,Hackathons,"Detailed description for Smart India Hackathon - Season 11. National level digital product building competition solving government problems. This provides a perfect match for students looking to excel in their career paths, build hands-on skills, and gain industry recognition.",Diploma,1,3,Law/LLB,SQL,Bangalore,ONLINE,2026-12-26,"Rs. 1,00,000","Rs. 1,00,000",0,https://sih.gov.in,https://sih.gov.in,2026-08-28,ACTIVE
202,Google Summer of Code (GSoC) 2026,HDFC Bank,Internships,"Detailed description for Google Summer of Code (GSoC) 2026. Global program matching students with open source organizations. This provides a perfect match for students looking to excel in their career paths, build hands-on skills, and gain industry recognition.",Graduate,2,5,All Branches,"JavaScript,C++",Hyderabad,HYBRID,2026-10-23,N/A,Stipend ($1500 - $3000),0,https://summerofcode.withgoogle.com,https://summerofcode.withgoogle.com,2026-08-29,ACTIVE
203,ISRO Fellowship Program - Season 11,Coursera,Fellowships,"Detailed description for ISRO Fellowship Program - Season 11. Research fellowship for postgraduate students in aerospace, remote sensing, and computing. This provides a perfect match for students looking to excel in their career paths, build hands-on skills, and gain industry recognition.",Graduate,2,5,Electronics & Communication,"Research Methodology,Python",Pune,ONLINE,2026-11-27,"Rs. 35,000 / month","Rs. 35,000 / month",0,https://isro.gov.in,https://isro.gov.in,2026-08-29,ACTIVE
204,Kaggle ML Competition: Indian Housing - Season 11,DRDO,Competitions,"Detailed description for Kaggle ML Competition: Indian Housing - Season 11. Solve machine learning regression challenges on public Indian dataset. This provides a perfect match for students looking to excel in their career paths, build hands-on skills, and gain industry recognition.",Class 12,1,4,Biotechnology,"Machine Learning,Statistics",Remote,ONLINE,2026-08-01,"Prizes up to $10,000",N/A,0,https://kaggle.com,https://kaggle.com,2026-08-28,EXPIRED
205,Microsoft Learn Student Ambassador 2026,Kaggle,Ambassador Programs,"Detailed description for Microsoft Learn Student Ambassador 2026. Host workshops and build technical communities in your local college. This provides a perfect match for students looking to excel in their career paths, build hands-on skills, and gain industry recognition.",Undergraduate,2,5,Electronics & Communication,"Leadership,Public Speaking",Chennai,OFFLINE,2026-09-25,N/A,N/A,0,https://mvp.microsoft.com,https://mvp.microsoft.com,2026-08-29,ACTIVE
206,AWS Cloud Practitioner Certification Scholarship - Season 11,Kaggle,Certifications,"Detailed description for AWS Cloud Practitioner Certification Scholarship - Season 11. Voucher scholarship providing 100% exam fee discount for students. This provides a perfect match for students looking to excel in their career paths, build hands-on skills, and gain industry recognition.",Class 12,2,3,Medicine/MBBS,"Kubernetes,AWS,Docker",Delhi,ONLINE,2026-10-14,N/A,N/A,0,https://aws.amazon.com,https://aws.amazon.com,2026-08-26,ACTIVE
207,NITI Aayog Internship Scheme - Season 11,DRDO,Internships,"Detailed description for NITI Aayog Internship Scheme - Season 11. Work on public policy research and analysis under central government experts. This provides a perfect match for students looking to excel in their career paths, build hands-on skills, and gain industry recognition.",Graduate,1,4,Science/B.Sc,"Data Analytics,Communication,Research Methodology",Chennai,ONLINE,2026-07-11,N/A,N/A,0,https://niti.gov.in,https://niti.gov.in,2026-08-26,EXPIRED
208,UNESCO Youth Volunteering Fellowship 2026,Udemy,Volunteering,"Detailed description for UNESCO Youth Volunteering Fellowship 2026. Volunteer for community educational and digital literacy workshops. This provides a perfect match for students looking to excel in their career paths, build hands-on skills, and gain industry recognition.",Class 12,1,4,Mechanical Engineering,"Communication,Leadership,Social Work",Remote,OFFLINE,2026-10-31,N/A,N/A,0,https://unesco.org,https://unesco.org,2026-08-27,ACTIVE
209,Study Abroad in Germany: DAAD Scholarship - Season 11,USIEF,Study Abroad,"Detailed description for Study Abroad in Germany: DAAD Scholarship - Season 11. Postgraduate full-degree funding for engineering and science graduates. This provides a perfect match for students looking to excel in their career paths, build hands-on skills, and gain industry recognition.",Class 12,2,4,Arts/Humanities,"Research Methodology,German Language",Delhi,HYBRID,2026-08-22,N/A,N/A,0,https://daad.de,https://daad.de,2026-08-28,EXPIRED
210,Startup India Seed Fund Challenge - Season 11,GitHub,Entrepreneurship,"Detailed description for Startup India Seed Fund Challenge - Season 11. Submit startup pitch to receive incubator grants and mentorship. This provides a perfect match for students looking to excel in their career paths, build hands-on skills, and gain industry recognition.",Postgraduate,1,3,Electrical Engineering,"Public Speaking,Business Strategy,Financial Accounting",Remote,HYBRID,2026-10-20,Up to Rs. 20 Lakhs funding,Up to Rs. 20 Lakhs funding,0,https://startupindia.gov.in,https://startupindia.gov.in,2026-08-29,ACTIVE
211,Adobe India Women in Tech Internship 2026,Kaggle,Internships,"Detailed description for Adobe India Women in Tech Internship 2026. Summer internship for female engineering students in product development. This provides a perfect match for students looking to excel in their career paths, build hands-on skills, and gain industry recognition.",Graduate,2,3,Mechanical Engineering,"Algorithms,Java,Data Structures",Pune,HYBRID,2026-12-27,"Stipend Rs. 1,00,000 / month","Stipend Rs. 1,00,000 / month",0,https://adobe.com,https://adobe.com,2026-08-25,ACTIVE
212,TCS CodeVita Coding Competition - Season 11,Ministry of Education,Competitions,"Detailed description for TCS CodeVita Coding Competition - Season 11. Global coding contest testing algorithmic problem-solving speed. This provides a perfect match for students looking to excel in their career paths, build hands-on skills, and gain industry recognition.",Graduate,2,4,Science/B.Sc,"Python,Java",Pune,OFFLINE,2026-10-28,"Prizes up to $20,000 + Job interview",N/A,0,https://tcscodevita.com,https://tcscodevita.com,2026-08-28,ACTIVE
213,UN Sustainable Development Goals Workshop - Season 11,Ministry of Education,Workshops,"Detailed description for UN Sustainable Development Goals Workshop - Season 11. Five-day interactive virtual seminar on local social impact strategies. This provides a perfect match for students looking to excel in their career paths, build hands-on skills, and gain industry recognition.",Graduate,1,4,Commerce/B.Com,Leadership,Bangalore,OFFLINE,2026-12-02,N/A,N/A,0,https://sdg.un.org,https://sdg.un.org,2026-08-27,ACTIVE
214,International Conference on AI & ML (ICML India) 2026,Smart India Hackathon,Conferences,"Detailed description for International Conference on AI & ML (ICML India) 2026. Global research conference featuring top papers in AI/ML advancements. This provides a perfect match for students looking to excel in their career paths, build hands-on skills, and gain industry recognition.",Undergraduate,1,5,Electronics & Communication,"Deep Learning,Research Methodology",Kolkata,OFFLINE,2026-08-22,N/A,N/A,"Rs. 2,000",https://icml.cc,https://icml.cc,2026-08-27,EXPIRED
215,DRDO Young Scientist Lab Project - Season 11,NITI Aayog,Research,"Detailed description for DRDO Young Scientist Lab Project - Season 11. Participate in defense robotics and computer vision project implementation. This provides a perfect match for students looking to excel in their career paths, build hands-on skills, and gain industry recognition.",Undergraduate,2,3,Biotechnology,"Machine Learning,Python",Delhi,OFFLINE,2026-11-14,"Monthly stipend Rs. 31,000","Monthly stipend Rs. 31,000",0,https://drdo.gov.in,https://drdo.gov.in,2026-08-25,ACTIVE
216,GitHub Campus Expert Program - Season 11,Buddy4Study,Ambassador Programs,"Detailed description for GitHub Campus Expert Program - Season 11. Learn public speaking and tech organization skills supported by GitHub. This provides a perfect match for students looking to excel in their career paths, build hands-on skills, and gain industry recognition.",Diploma,1,3,Civil Engineering,"Leadership,Communication",Chennai,OFFLINE,2026-09-25,N/A,N/A,0,https://education.github.com,https://education.github.com,2026-08-27,ACTIVE
217,G20 Youth Summit Innovation Challenge 2026,CERN,Innovation Challenges,"Detailed description for G20 Youth Summit Innovation Challenge 2026. Propose tech blueprints addressing renewable energy distribution. This provides a perfect match for students looking to excel in their career paths, build hands-on skills, and gain industry recognition.",Postgraduate,2,4,All Branches,Business Strategy,Chennai,HYBRID,2026-10-22,"Certificate + Cash prize Rs. 50,000","Certificate + Cash prize Rs. 50,000",0,https://g20.org,https://g20.org,2026-08-26,ACTIVE
218,Stanford University Knight-Hennessy Scholars - Season 11,Udemy,Study Abroad,"Detailed description for Stanford University Knight-Hennessy Scholars - Season 11. Full funding for graduate degrees at Stanford University in any field. This provides a perfect match for students looking to excel in their career paths, build hands-on skills, and gain industry recognition.",Class 10,1,4,Electronics & Communication,Leadership,Bangalore,ONLINE,2026-10-21,N/A,N/A,0,https://knight-hennessy.stanford.edu,https://knight-hennessy.stanford.edu,2026-08-29,ACTIVE
219,L&T Build India Scholarship - Season 11,GitHub,Scholarships,"Detailed description for L&T Build India Scholarship - Season 11. Sponsorship for M.Tech in Construction Technology at IIT Madras/Delhi. This provides a perfect match for students looking to excel in their career paths, build hands-on skills, and gain industry recognition.",Class 12,2,5,Mechanical Engineering,Physics,Remote,OFFLINE,2026-08-16,"Tuition sponsored + Stipend Rs. 15,000","Tuition sponsored + Stipend Rs. 15,000",0,https://lntecc.com,https://lntecc.com,2026-08-27,EXPIRED
220,National Talent Search Examination (NTSE) 2026,Infosys,Exams,"Detailed description for National Talent Search Examination (NTSE) 2026. National scholarship exam identifying academic talent in high school. This provides a perfect match for students looking to excel in their career paths, build hands-on skills, and gain industry recognition.",Undergraduate,1,3,Science/B.Sc,Mathematics,Delhi,HYBRID,2026-10-21,N/A,N/A,0,https://ncert.nic.in,https://ncert.nic.in,2026-08-25,ACTIVE
221,Smart India Hackathon - Season 12,AICTE,Hackathons,"Detailed description for Smart India Hackathon - Season 12. National level digital product building competition solving government problems. This provides a perfect match for students looking to excel in their career paths, build hands-on skills, and gain industry recognition.",Postgraduate,1,3,Medicine/MBBS,"Python,React,SQL",Mumbai,HYBRID,2026-08-28,"Rs. 1,00,000","Rs. 1,00,000",0,https://sih.gov.in,https://sih.gov.in,2026-08-28,EXPIRED
222,Google Summer of Code (GSoC) - Season 12,UNESCO,Internships,"Detailed description for Google Summer of Code (GSoC) - Season 12. Global program matching students with open source organizations. This provides a perfect match for students looking to excel in their career paths, build hands-on skills, and gain industry recognition.",Class 10,1,4,Arts/Humanities,"C++,JavaScript,Git",Mumbai,ONLINE,2026-10-05,N/A,Stipend ($1500 - $3000),0,https://summerofcode.withgoogle.com,https://summerofcode.withgoogle.com,2026-08-29,ACTIVE
223,ISRO Fellowship Program 2026,Infosys,Fellowships,"Detailed description for ISRO Fellowship Program 2026. Research fellowship for postgraduate students in aerospace, remote sensing, and computing. This provides a perfect match for students looking to excel in their career paths, build hands-on skills, and gain industry recognition.",Diploma,2,3,Medicine/MBBS,"Academic Writing,Python",Hyderabad,HYBRID,2026-10-22,"Rs. 35,000 / month","Rs. 35,000 / month",0,https://isro.gov.in,https://isro.gov.in,2026-08-29,ACTIVE
224,Kaggle ML Competition: Indian Housing - Season 12,Major League Hacking,Competitions,"Detailed description for Kaggle ML Competition: Indian Housing - Season 12. Solve machine learning regression challenges on public Indian dataset. This provides a perfect match for students looking to excel in their career paths, build hands-on skills, and gain industry recognition.",Postgraduate,1,3,Biotechnology,Python,Delhi,HYBRID,2026-08-01,"Prizes up to $10,000",N/A,0,https://kaggle.com,https://kaggle.com,2026-08-25,EXPIRED
225,Microsoft Learn Student Ambassador - Season 12,USIEF,Ambassador Programs,"Detailed description for Microsoft Learn Student Ambassador - Season 12. Host workshops and build technical communities in your local college. This provides a perfect match for students looking to excel in their career paths, build hands-on skills, and gain industry recognition.",Graduate,1,4,Computer Science,"Communication,Leadership,Public Speaking",Hyderabad,ONLINE,2026-11-08,N/A,N/A,0,https://mvp.microsoft.com,https://mvp.microsoft.com,2026-08-26,ACTIVE
226,AWS Cloud Practitioner Certification Scholarship 2026,GitHub,Certifications,"Detailed description for AWS Cloud Practitioner Certification Scholarship 2026. Voucher scholarship providing 100% exam fee discount for students. This provides a perfect match for students looking to excel in their career paths, build hands-on skills, and gain industry recognition.",Undergraduate,2,5,Electrical Engineering,AWS,Mumbai,ONLINE,2026-10-25,N/A,N/A,0,https://aws.amazon.com,https://aws.amazon.com,2026-08-29,ACTIVE
227,NITI Aayog Internship Scheme - Season 12,Google,Internships,"Detailed description for NITI Aayog Internship Scheme - Season 12. Work on public policy research and analysis under central government experts. This provides a perfect match for students looking to excel in their career paths, build hands-on skills, and gain industry recognition.",Postgraduate,1,4,Medicine/MBBS,"Data Analytics,Research Methodology,Communication",Kolkata,HYBRID,2026-07-29,N/A,N/A,0,https://niti.gov.in,https://niti.gov.in,2026-08-29,EXPIRED
228,UNESCO Youth Volunteering Fellowship - Season 12,Tata Trusts,Volunteering,"Detailed description for UNESCO Youth Volunteering Fellowship - Season 12. Volunteer for community educational and digital literacy workshops. This provides a perfect match for students looking to excel in their career paths, build hands-on skills, and gain industry recognition.",Undergraduate,1,3,Arts/Humanities,"Communication,Leadership,Social Work",Chennai,OFFLINE,2026-11-06,N/A,N/A,0,https://unesco.org,https://unesco.org,2026-08-26,ACTIVE
229,Study Abroad in Germany: DAAD Scholarship 2026,Major League Hacking,Study Abroad,"Detailed description for Study Abroad in Germany: DAAD Scholarship 2026. Postgraduate full-degree funding for engineering and science graduates. This provides a perfect match for students looking to excel in their career paths, build hands-on skills, and gain industry recognition.",Postgraduate,1,5,Science/B.Sc,"Research Methodology,German Language",Bangalore,OFFLINE,2026-08-16,N/A,N/A,0,https://daad.de,https://daad.de,2026-08-27,EXPIRED
230,Startup India Seed Fund Challenge - Season 12,Coursera,Entrepreneurship,"Detailed description for Startup India Seed Fund Challenge - Season 12. Submit startup pitch to receive incubator grants and mentorship. This provides a perfect match for students looking to excel in their career paths, build hands-on skills, and gain industry recognition.",Postgraduate,1,3,Civil Engineering,Business Strategy,Chennai,ONLINE,2026-10-23,Up to Rs. 20 Lakhs funding,Up to Rs. 20 Lakhs funding,0,https://startupindia.gov.in,https://startupindia.gov.in,2026-08-26,ACTIVE
231,Adobe India Women in Tech Internship - Season 12,Udemy,Internships,"Detailed description for Adobe India Women in Tech Internship - Season 12. Summer internship for female engineering students in product development. This provides a perfect match for students looking to excel in their career paths, build hands-on skills, and gain industry recognition.",Undergraduate,2,4,All Branches,"C++,Algorithms",Delhi,HYBRID,2026-09-21,"Stipend Rs. 1,00,000 / month","Stipend Rs. 1,00,000 / month",0,https://adobe.com,https://adobe.com,2026-08-27,ACTIVE
232,TCS CodeVita Coding Competition 2026,Tata Trusts,Competitions,"Detailed description for TCS CodeVita Coding Competition 2026. Global coding contest testing algorithmic problem-solving speed. This provides a perfect match for students looking to excel in their career paths, build hands-on skills, and gain industry recognition.",Graduate,1,5,Business/BBA,"Java,Data Structures",Kolkata,OFFLINE,2026-12-10,"Prizes up to $20,000 + Job interview",N/A,0,https://tcscodevita.com,https://tcscodevita.com,2026-08-26,ACTIVE
233,UN Sustainable Development Goals Workshop - Season 12,Tata Trusts,Workshops,"Detailed description for UN Sustainable Development Goals Workshop - Season 12. Five-day interactive virtual seminar on local social impact strategies. This provides a perfect match for students looking to excel in their career paths, build hands-on skills, and gain industry recognition.",Class 10,2,3,Commerce/B.Com,Communication,Remote,OFFLINE,2026-12-14,N/A,N/A,0,https://sdg.un.org,https://sdg.un.org,2026-08-26,ACTIVE
234,International Conference on AI & ML (ICML India) - Season 12,Startup India,Conferences,"Detailed description for International Conference on AI & ML (ICML India) - Season 12. Global research conference featuring top papers in AI/ML advancements. This provides a perfect match for students looking to excel in their career paths, build hands-on skills, and gain industry recognition.",Graduate,2,5,Commerce/B.Com,"Research Methodology,Deep Learning",Chennai,ONLINE,2026-12-24,N/A,N/A,"Rs. 2,000",https://icml.cc,https://icml.cc,2026-08-29,ACTIVE
235,DRDO Young Scientist Lab Project 2026,Ministry of Education,Research,"Detailed description for DRDO Young Scientist Lab Project 2026. Participate in defense robotics and computer vision project implementation. This provides a perfect match for students looking to excel in their career paths, build hands-on skills, and gain industry recognition.",Graduate,1,5,Civil Engineering,"Python,Computer Vision,Machine Learning",Mumbai,HYBRID,2026-09-05,"Monthly stipend Rs. 31,000","Monthly stipend Rs. 31,000",0,https://drdo.gov.in,https://drdo.gov.in,2026-08-25,CLOSING_SOON
236,GitHub Campus Expert Program - Season 12,HDFC Bank,Ambassador Programs,"Detailed description for GitHub Campus Expert Program - Season 12. Learn public speaking and tech organization skills supported by GitHub. This provides a perfect match for students looking to excel in their career paths, build hands-on skills, and gain industry recognition.",Diploma,2,3,Business/BBA,Communication,Mumbai,ONLINE,2026-08-17,N/A,N/A,0,https://education.github.com,https://education.github.com,2026-08-27,EXPIRED
237,G20 Youth Summit Innovation Challenge - Season 12,UNESCO,Innovation Challenges,"Detailed description for G20 Youth Summit Innovation Challenge - Season 12. Propose tech blueprints addressing renewable energy distribution. This provides a perfect match for students looking to excel in their career paths, build hands-on skills, and gain industry recognition.",Graduate,1,5,Arts/Humanities,"Business Strategy,Problem Solving",Bangalore,HYBRID,2026-10-28,"Certificate + Cash prize Rs. 50,000","Certificate + Cash prize Rs. 50,000",0,https://g20.org,https://g20.org,2026-08-29,ACTIVE
238,Stanford University Knight-Hennessy Scholars 2026,IEEE,Study Abroad,"Detailed description for Stanford University Knight-Hennessy Scholars 2026. Full funding for graduate degrees at Stanford University in any field. This provides a perfect match for students looking to excel in their career paths, build hands-on skills, and gain industry recognition.",Class 10,2,4,All Branches,"Academic Writing,Leadership,Research Methodology",Kolkata,OFFLINE,2026-08-19,N/A,N/A,0,https://knight-hennessy.stanford.edu,https://knight-hennessy.stanford.edu,2026-08-28,EXPIRED
239,L&T Build India Scholarship - Season 12,TCS,Scholarships,"Detailed description for L&T Build India Scholarship - Season 12. Sponsorship for M.Tech in Construction Technology at IIT Madras/Delhi. This provides a perfect match for students looking to excel in their career paths, build hands-on skills, and gain industry recognition.",Graduate,2,3,Electrical Engineering,Physics,Remote,HYBRID,2026-09-29,"Tuition sponsored + Stipend Rs. 15,000","Tuition sponsored + Stipend Rs. 15,000",0,https://lntecc.com,https://lntecc.com,2026-08-29,ACTIVE
240,National Talent Search Examination (NTSE) - Season 12,ISRO,Exams,"Detailed description for National Talent Search Examination (NTSE) - Season 12. National scholarship exam identifying academic talent in high school. This provides a perfect match for students looking to excel in their career paths, build hands-on skills, and gain industry recognition.",Undergraduate,2,5,Medicine/MBBS,"Mathematics,Problem Solving",Remote,ONLINE,2026-11-16,N/A,N/A,0,https://ncert.nic.in,https://ncert.nic.in,2026-08-25,ACTIVE
241,Smart India Hackathon 2026,Microsoft,Hackathons,"Detailed description for Smart India Hackathon 2026. National level digital product building competition solving government problems. This provides a perfect match for students looking to excel in their career paths, build hands-on skills, and gain industry recognition.",Diploma,1,5,Law/LLB,"React,SQL",Kolkata,OFFLINE,2026-09-07,"Rs. 1,00,000","Rs. 1,00,000",0,https://sih.gov.in,https://sih.gov.in,2026-08-27,CLOSING_SOON
242,Google Summer of Code (GSoC) - Season 13,USIEF,Internships,"Detailed description for Google Summer of Code (GSoC) - Season 13. Global program matching students with open source organizations. This provides a perfect match for students looking to excel in their career paths, build hands-on skills, and gain industry recognition.",Graduate,1,5,Electronics & Communication,"C++,Python",Pune,HYBRID,2026-09-11,N/A,Stipend ($1500 - $3000),0,https://summerofcode.withgoogle.com,https://summerofcode.withgoogle.com,2026-08-25,ACTIVE
243,ISRO Fellowship Program - Season 13,Udemy,Fellowships,"Detailed description for ISRO Fellowship Program - Season 13. Research fellowship for postgraduate students in aerospace, remote sensing, and computing. This provides a perfect match for students looking to excel in their career paths, build hands-on skills, and gain industry recognition.",Class 12,1,3,Mechanical Engineering,"Research Methodology,Academic Writing",Delhi,OFFLINE,2026-08-29,"Rs. 35,000 / month","Rs. 35,000 / month",0,https://isro.gov.in,https://isro.gov.in,2026-08-29,EXPIRED
244,Kaggle ML Competition: Indian Housing 2026,HDFC Bank,Competitions,"Detailed description for Kaggle ML Competition: Indian Housing 2026. Solve machine learning regression challenges on public Indian dataset. This provides a perfect match for students looking to excel in their career paths, build hands-on skills, and gain industry recognition.",Graduate,2,4,Electrical Engineering,Python,Bangalore,ONLINE,2026-08-10,"Prizes up to $10,000",N/A,0,https://kaggle.com,https://kaggle.com,2026-08-26,EXPIRED
245,Microsoft Learn Student Ambassador - Season 13,AICTE,Ambassador Programs,"Detailed description for Microsoft Learn Student Ambassador - Season 13. Host workshops and build technical communities in your local college. This provides a perfect match for students looking to excel in their career paths, build hands-on skills, and gain industry recognition.",Class 12,1,5,Electronics & Communication,"Public Speaking,Communication",Hyderabad,ONLINE,2026-09-18,N/A,N/A,0,https://mvp.microsoft.com,https://mvp.microsoft.com,2026-08-25,ACTIVE
246,AWS Cloud Practitioner Certification Scholarship - Season 13,IEEE,Certifications,"Detailed description for AWS Cloud Practitioner Certification Scholarship - Season 13. Voucher scholarship providing 100% exam fee discount for students. This provides a perfect match for students looking to excel in their career paths, build hands-on skills, and gain industry recognition.",Graduate,1,5,Mechanical Engineering,Kubernetes,Pune,ONLINE,2026-11-12,N/A,N/A,0,https://aws.amazon.com,https://aws.amazon.com,2026-08-25,ACTIVE
247,NITI Aayog Internship Scheme 2026,British Council,Internships,"Detailed description for NITI Aayog Internship Scheme 2026. Work on public policy research and analysis under central government experts. This provides a perfect match for students looking to excel in their career paths, build hands-on skills, and gain industry recognition.",Undergraduate,1,3,Computer Science,"Research Methodology,Communication",Pune,OFFLINE,2026-12-07,N/A,N/A,0,https://niti.gov.in,https://niti.gov.in,2026-08-25,ACTIVE
248,UNESCO Youth Volunteering Fellowship - Season 13,Coursera,Volunteering,"Detailed description for UNESCO Youth Volunteering Fellowship - Season 13. Volunteer for community educational and digital literacy workshops. This provides a perfect match for students looking to excel in their career paths, build hands-on skills, and gain industry recognition.",Class 10,2,5,Electronics & Communication,"Communication,Leadership",Mumbai,HYBRID,2026-07-14,N/A,N/A,0,https://unesco.org,https://unesco.org,2026-08-25,EXPIRED
249,Study Abroad in Germany: DAAD Scholarship - Season 13,DRDO,Study Abroad,"Detailed description for Study Abroad in Germany: DAAD Scholarship - Season 13. Postgraduate full-degree funding for engineering and science graduates. This provides a perfect match for students looking to excel in their career paths, build hands-on skills, and gain industry recognition.",Class 10,2,5,Business/BBA,German Language,Pune,OFFLINE,2026-09-05,N/A,N/A,0,https://daad.de,https://daad.de,2026-08-26,CLOSING_SOON
250,Startup India Seed Fund Challenge 2026,Major League Hacking,Entrepreneurship,"Detailed description for Startup India Seed Fund Challenge 2026. Submit startup pitch to receive incubator grants and mentorship. This provides a perfect match for students looking to excel in their career paths, build hands-on skills, and gain industry recognition.",Undergraduate,2,3,Commerce/B.Com,Public Speaking,Bangalore,ONLINE,2026-11-24,Up to Rs. 20 Lakhs funding,Up to Rs. 20 Lakhs funding,0,https://startupindia.gov.in,https://startupindia.gov.in,2026-08-25,ACTIVE
251,Adobe India Women in Tech Internship - Season 13,Major League Hacking,Internships,"Detailed description for Adobe India Women in Tech Internship - Season 13. Summer internship for female engineering students in product development. This provides a perfect match for students looking to excel in their career paths, build hands-on skills, and gain industry recognition.",Class 12,1,3,Computer Science,Data Structures,Pune,HYBRID,2026-12-06,"Stipend Rs. 1,00,000 / month","Stipend Rs. 1,00,000 / month",0,https://adobe.com,https://adobe.com,2026-08-27,ACTIVE
252,TCS CodeVita Coding Competition - Season 13,GitHub,Competitions,"Detailed description for TCS CodeVita Coding Competition - Season 13. Global coding contest testing algorithmic problem-solving speed. This provides a perfect match for students looking to excel in their career paths, build hands-on skills, and gain industry recognition.",Class 10,2,4,Biotechnology,"Java,Algorithms",Remote,OFFLINE,2026-08-26,"Prizes up to $20,000 + Job interview",N/A,0,https://tcscodevita.com,https://tcscodevita.com,2026-08-26,EXPIRED
253,UN Sustainable Development Goals Workshop 2026,Amazon,Workshops,"Detailed description for UN Sustainable Development Goals Workshop 2026. Five-day interactive virtual seminar on local social impact strategies. This provides a perfect match for students looking to excel in their career paths, build hands-on skills, and gain industry recognition.",Graduate,1,3,Biotechnology,"Leadership,Teamwork,Communication",Delhi,OFFLINE,2026-12-06,N/A,N/A,0,https://sdg.un.org,https://sdg.un.org,2026-08-25,ACTIVE
254,International Conference on AI & ML (ICML India) - Season 13,IEEE,Conferences,"Detailed description for International Conference on AI & ML (ICML India) - Season 13. Global research conference featuring top papers in AI/ML advancements. This provides a perfect match for students looking to excel in their career paths, build hands-on skills, and gain industry recognition.",Class 10,2,3,Biotechnology,"Deep Learning,Machine Learning,Research Methodology",Bangalore,HYBRID,2026-07-20,N/A,N/A,"Rs. 2,000",https://icml.cc,https://icml.cc,2026-08-25,EXPIRED
255,DRDO Young Scientist Lab Project - Season 13,Reliance Foundation,Research,"Detailed description for DRDO Young Scientist Lab Project - Season 13. Participate in defense robotics and computer vision project implementation. This provides a perfect match for students looking to excel in their career paths, build hands-on skills, and gain industry recognition.",Graduate,1,3,All Branches,"Python,Machine Learning",Hyderabad,HYBRID,2026-12-10,"Monthly stipend Rs. 31,000","Monthly stipend Rs. 31,000",0,https://drdo.gov.in,https://drdo.gov.in,2026-08-27,UPCOMING
256,GitHub Campus Expert Program 2026,GitHub,Ambassador Programs,"Detailed description for GitHub Campus Expert Program 2026. Learn public speaking and tech organization skills supported by GitHub. This provides a perfect match for students looking to excel in their career paths, build hands-on skills, and gain industry recognition.",Diploma,1,3,Law/LLB,Communication,Pune,HYBRID,2026-07-27,N/A,N/A,0,https://education.github.com,https://education.github.com,2026-08-28,EXPIRED
257,G20 Youth Summit Innovation Challenge - Season 13,AICTE,Innovation Challenges,"Detailed description for G20 Youth Summit Innovation Challenge - Season 13. Propose tech blueprints addressing renewable energy distribution. This provides a perfect match for students looking to excel in their career paths, build hands-on skills, and gain industry recognition.",Graduate,1,4,Medicine/MBBS,Business Strategy,Mumbai,HYBRID,2026-08-19,"Certificate + Cash prize Rs. 50,000","Certificate + Cash prize Rs. 50,000",0,https://g20.org,https://g20.org,2026-08-29,EXPIRED
258,Stanford University Knight-Hennessy Scholars - Season 13,USIEF,Study Abroad,"Detailed description for Stanford University Knight-Hennessy Scholars - Season 13. Full funding for graduate degrees at Stanford University in any field. This provides a perfect match for students looking to excel in their career paths, build hands-on skills, and gain industry recognition.",Graduate,1,3,Mechanical Engineering,Academic Writing,Remote,ONLINE,2026-10-03,N/A,N/A,0,https://knight-hennessy.stanford.edu,https://knight-hennessy.stanford.edu,2026-08-28,ACTIVE
259,L&T Build India Scholarship 2026,ISRO,Scholarships,"Detailed description for L&T Build India Scholarship 2026. Sponsorship for M.Tech in Construction Technology at IIT Madras/Delhi. This provides a perfect match for students looking to excel in their career paths, build hands-on skills, and gain industry recognition.",Diploma,2,3,Electronics & Communication,"CAD,Civil Engineering,Physics",Hyderabad,ONLINE,2026-07-24,"Tuition sponsored + Stipend Rs. 15,000","Tuition sponsored + Stipend Rs. 15,000",0,https://lntecc.com,https://lntecc.com,2026-08-27,EXPIRED
260,National Talent Search Examination (NTSE) - Season 13,Infosys,Exams,"Detailed description for National Talent Search Examination (NTSE) - Season 13. National scholarship exam identifying academic talent in high school. This provides a perfect match for students looking to excel in their career paths, build hands-on skills, and gain industry recognition.",Graduate,1,3,Mechanical Engineering,"Problem Solving,Mathematics",Bangalore,HYBRID,2026-12-11,N/A,N/A,0,https://ncert.nic.in,https://ncert.nic.in,2026-08-28,UPCOMING
261,Smart India Hackathon - Season 14,NITI Aayog,Hackathons,"Detailed description for Smart India Hackathon - Season 14. National level digital product building competition solving government problems. This provides a perfect match for students looking to excel in their career paths, build hands-on skills, and gain industry recognition.",Diploma,1,4,Biotechnology,"SQL,Python",Bangalore,HYBRID,2026-09-11,"Rs. 1,00,000","Rs. 1,00,000",0,https://sih.gov.in,https://sih.gov.in,2026-08-26,ACTIVE
262,Google Summer of Code (GSoC) 2026,AICTE,Internships,"Detailed description for Google Summer of Code (GSoC) 2026. Global program matching students with open source organizations. This provides a perfect match for students looking to excel in their career paths, build hands-on skills, and gain industry recognition.",Class 10,1,3,Commerce/B.Com,"Python,JavaScript,Git",Chennai,OFFLINE,2026-10-10,N/A,Stipend ($1500 - $3000),0,https://summerofcode.withgoogle.com,https://summerofcode.withgoogle.com,2026-08-25,ACTIVE
263,ISRO Fellowship Program - Season 14,ACM,Fellowships,"Detailed description for ISRO Fellowship Program - Season 14. Research fellowship for postgraduate students in aerospace, remote sensing, and computing. This provides a perfect match for students looking to excel in their career paths, build hands-on skills, and gain industry recognition.",Undergraduate,2,4,Medicine/MBBS,"Python,Research Methodology",Kolkata,HYBRID,2026-08-07,"Rs. 35,000 / month","Rs. 35,000 / month",0,https://isro.gov.in,https://isro.gov.in,2026-08-29,EXPIRED
264,Kaggle ML Competition: Indian Housing - Season 14,UNESCO,Competitions,"Detailed description for Kaggle ML Competition: Indian Housing - Season 14. Solve machine learning regression challenges on public Indian dataset. This provides a perfect match for students looking to excel in their career paths, build hands-on skills, and gain industry recognition.",Undergraduate,1,4,All Branches,"Python,Machine Learning",Hyderabad,HYBRID,2026-10-24,"Prizes up to $10,000",N/A,0,https://kaggle.com,https://kaggle.com,2026-08-28,ACTIVE
265,Microsoft Learn Student Ambassador 2026,HDFC Bank,Ambassador Programs,"Detailed description for Microsoft Learn Student Ambassador 2026. Host workshops and build technical communities in your local college. This provides a perfect match for students looking to excel in their career paths, build hands-on skills, and gain industry recognition.",Undergraduate,2,5,Mechanical Engineering,"Communication,Public Speaking",Pune,HYBRID,2026-09-14,N/A,N/A,0,https://mvp.microsoft.com,https://mvp.microsoft.com,2026-08-28,ACTIVE
266,AWS Cloud Practitioner Certification Scholarship - Season 14,HDFC Bank,Certifications,"Detailed description for AWS Cloud Practitioner Certification Scholarship - Season 14. Voucher scholarship providing 100% exam fee discount for students. This provides a perfect match for students looking to excel in their career paths, build hands-on skills, and gain industry recognition.",Undergraduate,2,5,Commerce/B.Com,Kubernetes,Mumbai,OFFLINE,2026-12-23,N/A,N/A,0,https://aws.amazon.com,https://aws.amazon.com,2026-08-26,ACTIVE
267,NITI Aayog Internship Scheme - Season 14,Reliance Foundation,Internships,"Detailed description for NITI Aayog Internship Scheme - Season 14. Work on public policy research and analysis under central government experts. This provides a perfect match for students looking to excel in their career paths, build hands-on skills, and gain industry recognition.",Diploma,1,4,Business/BBA,Communication,Mumbai,HYBRID,2026-10-06,N/A,N/A,0,https://niti.gov.in,https://niti.gov.in,2026-08-28,ACTIVE
268,UNESCO Youth Volunteering Fellowship 2026,Smart India Hackathon,Volunteering,"Detailed description for UNESCO Youth Volunteering Fellowship 2026. Volunteer for community educational and digital literacy workshops. This provides a perfect match for students looking to excel in their career paths, build hands-on skills, and gain industry recognition.",Postgraduate,1,5,Science/B.Sc,"Leadership,Communication,Social Work",Bangalore,HYBRID,2026-09-09,N/A,N/A,0,https://unesco.org,https://unesco.org,2026-08-25,ACTIVE
269,Study Abroad in Germany: DAAD Scholarship - Season 14,IEEE,Study Abroad,"Detailed description for Study Abroad in Germany: DAAD Scholarship - Season 14. Postgraduate full-degree funding for engineering and science graduates. This provides a perfect match for students looking to excel in their career paths, build hands-on skills, and gain industry recognition.",Diploma,1,4,Electrical Engineering,"German Language,Research Methodology",Delhi,HYBRID,2026-11-15,N/A,N/A,0,https://daad.de,https://daad.de,2026-08-28,ACTIVE
270,Startup India Seed Fund Challenge - Season 14,NITI Aayog,Entrepreneurship,"Detailed description for Startup India Seed Fund Challenge - Season 14. Submit startup pitch to receive incubator grants and mentorship. This provides a perfect match for students looking to excel in their career paths, build hands-on skills, and gain industry recognition.",Graduate,2,4,Arts/Humanities,Business Strategy,Pune,HYBRID,2026-07-11,Up to Rs. 20 Lakhs funding,Up to Rs. 20 Lakhs funding,0,https://startupindia.gov.in,https://startupindia.gov.in,2026-08-25,EXPIRED
271,Adobe India Women in Tech Internship 2026,British Council,Internships,"Detailed description for Adobe India Women in Tech Internship 2026. Summer internship for female engineering students in product development. This provides a perfect match for students looking to excel in their career paths, build hands-on skills, and gain industry recognition.",Postgraduate,1,3,Biotechnology,Algorithms,Kolkata,OFFLINE,2026-11-12,"Stipend Rs. 1,00,000 / month","Stipend Rs. 1,00,000 / month",0,https://adobe.com,https://adobe.com,2026-08-25,ACTIVE
272,TCS CodeVita Coding Competition - Season 14,Tata Trusts,Competitions,"Detailed description for TCS CodeVita Coding Competition - Season 14. Global coding contest testing algorithmic problem-solving speed. This provides a perfect match for students looking to excel in their career paths, build hands-on skills, and gain industry recognition.",Diploma,1,5,Electrical Engineering,"Algorithms,Java",Mumbai,HYBRID,2026-12-12,"Prizes up to $20,000 + Job interview",N/A,0,https://tcscodevita.com,https://tcscodevita.com,2026-08-25,UPCOMING
273,UN Sustainable Development Goals Workshop - Season 14,Udemy,Workshops,"Detailed description for UN Sustainable Development Goals Workshop - Season 14. Five-day interactive virtual seminar on local social impact strategies. This provides a perfect match for students looking to excel in their career paths, build hands-on skills, and gain industry recognition.",Undergraduate,2,3,Civil Engineering,"Communication,Teamwork",Chennai,OFFLINE,2026-10-31,N/A,N/A,0,https://sdg.un.org,https://sdg.un.org,2026-08-25,ACTIVE
274,International Conference on AI & ML (ICML India) 2026,ISRO,Conferences,"Detailed description for International Conference on AI & ML (ICML India) 2026. Global research conference featuring top papers in AI/ML advancements. This provides a perfect match for students looking to excel in their career paths, build hands-on skills, and gain industry recognition.",Undergraduate,1,3,Electrical Engineering,"Research Methodology,Deep Learning,Machine Learning",Mumbai,OFFLINE,2026-09-07,N/A,N/A,"Rs. 2,000",https://icml.cc,https://icml.cc,2026-08-27,CLOSING_SOON
275,DRDO Young Scientist Lab Project - Season 14,Startup India,Research,"Detailed description for DRDO Young Scientist Lab Project - Season 14. Participate in defense robotics and computer vision project implementation. This provides a perfect match for students looking to excel in their career paths, build hands-on skills, and gain industry recognition.",Undergraduate,2,4,Law/LLB,"Python,Computer Vision,Machine Learning",Mumbai,HYBRID,2026-10-11,"Monthly stipend Rs. 31,000","Monthly stipend Rs. 31,000",0,https://drdo.gov.in,https://drdo.gov.in,2026-08-29,ACTIVE
276,GitHub Campus Expert Program - Season 14,UNESCO,Ambassador Programs,"Detailed description for GitHub Campus Expert Program - Season 14. Learn public speaking and tech organization skills supported by GitHub. This provides a perfect match for students looking to excel in their career paths, build hands-on skills, and gain industry recognition.",Diploma,2,3,Civil Engineering,Git,Kolkata,OFFLINE,2026-10-16,N/A,N/A,0,https://education.github.com,https://education.github.com,2026-08-29,ACTIVE
277,G20 Youth Summit Innovation Challenge 2026,Tata Trusts,Innovation Challenges,"Detailed description for G20 Youth Summit Innovation Challenge 2026. Propose tech blueprints addressing renewable energy distribution. This provides a perfect match for students looking to excel in their career paths, build hands-on skills, and gain industry recognition.",Class 12,1,3,Biotechnology,"Problem Solving,Business Strategy",Mumbai,OFFLINE,2026-08-26,"Certificate + Cash prize Rs. 50,000","Certificate + Cash prize Rs. 50,000",0,https://g20.org,https://g20.org,2026-08-26,EXPIRED
278,Stanford University Knight-Hennessy Scholars - Season 14,DAAD,Study Abroad,"Detailed description for Stanford University Knight-Hennessy Scholars - Season 14. Full funding for graduate degrees at Stanford University in any field. This provides a perfect match for students looking to excel in their career paths, build hands-on skills, and gain industry recognition.",Class 10,1,5,Electrical Engineering,"Leadership,Research Methodology",Kolkata,HYBRID,2026-08-02,N/A,N/A,0,https://knight-hennessy.stanford.edu,https://knight-hennessy.stanford.edu,2026-08-29,EXPIRED
279,L&T Build India Scholarship - Season 14,UNESCO,Scholarships,"Detailed description for L&T Build India Scholarship - Season 14. Sponsorship for M.Tech in Construction Technology at IIT Madras/Delhi. This provides a perfect match for students looking to excel in their career paths, build hands-on skills, and gain industry recognition.",Undergraduate,2,4,Biotechnology,CAD,Remote,ONLINE,2026-09-05,"Tuition sponsored + Stipend Rs. 15,000","Tuition sponsored + Stipend Rs. 15,000",0,https://lntecc.com,https://lntecc.com,2026-08-27,CLOSING_SOON
280,National Talent Search Examination (NTSE) 2026,CERN,Exams,"Detailed description for National Talent Search Examination (NTSE) 2026. National scholarship exam identifying academic talent in high school. This provides a perfect match for students looking to excel in their career paths, build hands-on skills, and gain industry recognition.",Class 10,1,4,Computer Science,"Mathematics,Problem Solving",Bangalore,ONLINE,2026-07-12,N/A,N/A,0,https://ncert.nic.in,https://ncert.nic.in,2026-08-27,EXPIRED
281,Smart India Hackathon - Season 15,Tata Trusts,Hackathons,"Detailed description for Smart India Hackathon - Season 15. National level digital product building competition solving government problems. This provides a perfect match for students looking to excel in their career paths, build hands-on skills, and gain industry recognition.",Diploma,2,3,All Branches,"Python,React",Kolkata,HYBRID,2026-10-30,"Rs. 1,00,000","Rs. 1,00,000",0,https://sih.gov.in,https://sih.gov.in,2026-08-29,ACTIVE
282,Google Summer of Code (GSoC) - Season 15,Startup India,Internships,"Detailed description for Google Summer of Code (GSoC) - Season 15. Global program matching students with open source organizations. This provides a perfect match for students looking to excel in their career paths, build hands-on skills, and gain industry recognition.",Diploma,1,4,Science/B.Sc,"JavaScript,Python,Git",Bangalore,ONLINE,2026-10-19,N/A,Stipend ($1500 - $3000),0,https://summerofcode.withgoogle.com,https://summerofcode.withgoogle.com,2026-08-26,ACTIVE
283,ISRO Fellowship Program 2026,Amazon,Fellowships,"Detailed description for ISRO Fellowship Program 2026. Research fellowship for postgraduate students in aerospace, remote sensing, and computing. This provides a perfect match for students looking to excel in their career paths, build hands-on skills, and gain industry recognition.",Postgraduate,1,4,Medicine/MBBS,"Academic Writing,Research Methodology,Python",Bangalore,ONLINE,2026-12-17,"Rs. 35,000 / month","Rs. 35,000 / month",0,https://isro.gov.in,https://isro.gov.in,2026-08-27,ACTIVE
284,Kaggle ML Competition: Indian Housing - Season 15,Coursera,Competitions,"Detailed description for Kaggle ML Competition: Indian Housing - Season 15. Solve machine learning regression challenges on public Indian dataset. This provides a perfect match for students looking to excel in their career paths, build hands-on skills, and gain industry recognition.",Graduate,1,3,All Branches,"Statistics,Python,Machine Learning",Chennai,OFFLINE,2026-07-24,"Prizes up to $10,000",N/A,0,https://kaggle.com,https://kaggle.com,2026-08-27,EXPIRED
285,Microsoft Learn Student Ambassador - Season 15,Ministry of Education,Ambassador Programs,"Detailed description for Microsoft Learn Student Ambassador - Season 15. Host workshops and build technical communities in your local college. This provides a perfect match for students looking to excel in their career paths, build hands-on skills, and gain industry recognition.",Diploma,2,5,Electrical Engineering,Leadership,Chennai,ONLINE,2026-11-03,N/A,N/A,0,https://mvp.microsoft.com,https://mvp.microsoft.com,2026-08-25,ACTIVE
286,AWS Cloud Practitioner Certification Scholarship 2026,DRDO,Certifications,"Detailed description for AWS Cloud Practitioner Certification Scholarship 2026. Voucher scholarship providing 100% exam fee discount for students. This provides a perfect match for students looking to excel in their career paths, build hands-on skills, and gain industry recognition.",Undergraduate,1,3,Medicine/MBBS,AWS,Kolkata,ONLINE,2026-11-06,N/A,N/A,0,https://aws.amazon.com,https://aws.amazon.com,2026-08-29,ACTIVE
287,NITI Aayog Internship Scheme - Season 15,CERN,Internships,"Detailed description for NITI Aayog Internship Scheme - Season 15. Work on public policy research and analysis under central government experts. This provides a perfect match for students looking to excel in their career paths, build hands-on skills, and gain industry recognition.",Class 12,2,3,Arts/Humanities,"Research Methodology,Data Analytics",Mumbai,ONLINE,2026-12-11,N/A,N/A,0,https://niti.gov.in,https://niti.gov.in,2026-08-26,ACTIVE
288,UNESCO Youth Volunteering Fellowship - Season 15,ACM,Volunteering,"Detailed description for UNESCO Youth Volunteering Fellowship - Season 15. Volunteer for community educational and digital literacy workshops. This provides a perfect match for students looking to excel in their career paths, build hands-on skills, and gain industry recognition.",Diploma,2,3,Electronics & Communication,Social Work,Bangalore,HYBRID,2026-11-24,N/A,N/A,0,https://unesco.org,https://unesco.org,2026-08-26,ACTIVE
289,Study Abroad in Germany: DAAD Scholarship 2026,IIT Bombay,Study Abroad,"Detailed description for Study Abroad in Germany: DAAD Scholarship 2026. Postgraduate full-degree funding for engineering and science graduates. This provides a perfect match for students looking to excel in their career paths, build hands-on skills, and gain industry recognition.",Undergraduate,2,4,Computer Science,"German Language,Research Methodology",Chennai,ONLINE,2026-12-16,N/A,N/A,0,https://daad.de,https://daad.de,2026-08-26,ACTIVE
290,Startup India Seed Fund Challenge - Season 15,Coursera,Entrepreneurship,"Detailed description for Startup India Seed Fund Challenge - Season 15. Submit startup pitch to receive incubator grants and mentorship. This provides a perfect match for students looking to excel in their career paths, build hands-on skills, and gain industry recognition.",Class 12,1,5,All Branches,Financial Accounting,Kolkata,HYBRID,2026-09-16,Up to Rs. 20 Lakhs funding,Up to Rs. 20 Lakhs funding,0,https://startupindia.gov.in,https://startupindia.gov.in,2026-08-25,ACTIVE
291,Adobe India Women in Tech Internship - Season 15,IIT Madras,Internships,"Detailed description for Adobe India Women in Tech Internship - Season 15. Summer internship for female engineering students in product development. This provides a perfect match for students looking to excel in their career paths, build hands-on skills, and gain industry recognition.",Class 10,1,4,Electrical Engineering,"Java,Algorithms",Remote,HYBRID,2026-11-09,"Stipend Rs. 1,00,000 / month","Stipend Rs. 1,00,000 / month",0,https://adobe.com,https://adobe.com,2026-08-26,ACTIVE
292,TCS CodeVita Coding Competition 2026,NITI Aayog,Competitions,"Detailed description for TCS CodeVita Coding Competition 2026. Global coding contest testing algorithmic problem-solving speed. This provides a perfect match for students looking to excel in their career paths, build hands-on skills, and gain industry recognition.",Graduate,1,5,Law/LLB,Data Structures,Delhi,OFFLINE,2026-08-06,"Prizes up to $20,000 + Job interview",N/A,0,https://tcscodevita.com,https://tcscodevita.com,2026-08-26,EXPIRED
293,UN Sustainable Development Goals Workshop - Season 15,Infosys,Workshops,"Detailed description for UN Sustainable Development Goals Workshop - Season 15. Five-day interactive virtual seminar on local social impact strategies. This provides a perfect match for students looking to excel in their career paths, build hands-on skills, and gain industry recognition.",Class 12,1,5,Mechanical Engineering,"Teamwork,Leadership,Communication",Pune,OFFLINE,2026-10-23,N/A,N/A,0,https://sdg.un.org,https://sdg.un.org,2026-08-28,ACTIVE
294,International Conference on AI & ML (ICML India) - Season 15,Buddy4Study,Conferences,"Detailed description for International Conference on AI & ML (ICML India) - Season 15. Global research conference featuring top papers in AI/ML advancements. This provides a perfect match for students looking to excel in their career paths, build hands-on skills, and gain industry recognition.",Class 12,1,3,Civil Engineering,"Research Methodology,Deep Learning",Bangalore,HYBRID,2026-10-10,N/A,N/A,"Rs. 2,000",https://icml.cc,https://icml.cc,2026-08-25,ACTIVE
295,DRDO Young Scientist Lab Project 2026,Kaggle,Research,"Detailed description for DRDO Young Scientist Lab Project 2026. Participate in defense robotics and computer vision project implementation. This provides a perfect match for students looking to excel in their career paths, build hands-on skills, and gain industry recognition.",Class 10,2,5,Law/LLB,"Python,Computer Vision,Machine Learning",Bangalore,ONLINE,2026-11-20,"Monthly stipend Rs. 31,000","Monthly stipend Rs. 31,000",0,https://drdo.gov.in,https://drdo.gov.in,2026-08-27,ACTIVE
296,GitHub Campus Expert Program - Season 15,Kaggle,Ambassador Programs,"Detailed description for GitHub Campus Expert Program - Season 15. Learn public speaking and tech organization skills supported by GitHub. This provides a perfect match for students looking to excel in their career paths, build hands-on skills, and gain industry recognition.",Class 12,1,3,Commerce/B.Com,"Communication,Git",Kolkata,OFFLINE,2026-10-02,N/A,N/A,0,https://education.github.com,https://education.github.com,2026-08-26,ACTIVE
297,G20 Youth Summit Innovation Challenge - Season 15,ACM,Innovation Challenges,"Detailed description for G20 Youth Summit Innovation Challenge - Season 15. Propose tech blueprints addressing renewable energy distribution. This provides a perfect match for students looking to excel in their career paths, build hands-on skills, and gain industry recognition.",Postgraduate,2,3,Medicine/MBBS,"Leadership,Problem Solving,Business Strategy",Chennai,HYBRID,2026-12-28,"Certificate + Cash prize Rs. 50,000","Certificate + Cash prize Rs. 50,000",0,https://g20.org,https://g20.org,2026-08-29,ACTIVE
298,Stanford University Knight-Hennessy Scholars 2026,IEEE,Study Abroad,"Detailed description for Stanford University Knight-Hennessy Scholars 2026. Full funding for graduate degrees at Stanford University in any field. This provides a perfect match for students looking to excel in their career paths, build hands-on skills, and gain industry recognition.",Postgraduate,1,5,Electrical Engineering,"Research Methodology,Leadership,Academic Writing",Pune,ONLINE,2026-12-12,N/A,N/A,0,https://knight-hennessy.stanford.edu,https://knight-hennessy.stanford.edu,2026-08-26,ACTIVE
299,L&T Build India Scholarship - Season 15,Kaggle,Scholarships,"Detailed description for L&T Build India Scholarship - Season 15. Sponsorship for M.Tech in Construction Technology at IIT Madras/Delhi. This provides a perfect match for students looking to excel in their career paths, build hands-on skills, and gain industry recognition.",Undergraduate,2,4,Medicine/MBBS,"Physics,CAD",Delhi,ONLINE,2026-12-01,"Tuition sponsored + Stipend Rs. 15,000","Tuition sponsored + Stipend Rs. 15,000",0,https://lntecc.com,https://lntecc.com,2026-08-28,ACTIVE
300,National Talent Search Examination (NTSE) - Season 15,DAAD,Exams,"Detailed description for National Talent Search Examination (NTSE) - Season 15. National scholarship exam identifying academic talent in high school. This provides a perfect match for students looking to excel in their career paths, build hands-on skills, and gain industry recognition.",Class 12,1,5,Electronics & Communication,"Problem Solving,Mathematics",Delhi,HYBRID,2026-10-25,N/A,N/A,0,https://ncert.nic.in,https://ncert.nic.in,2026-08-27,ACTIVE
301,Smart India Hackathon 2026,Google,Hackathons,"Detailed description for Smart India Hackathon 2026. National level digital product building competition solving government problems. This provides a perfect match for students looking to excel in their career paths, build hands-on skills, and gain industry recognition.",Graduate,2,4,All Branches,"Python,React,SQL",Pune,HYBRID,2026-09-26,"Rs. 1,00,000","Rs. 1,00,000",0,https://sih.gov.in,https://sih.gov.in,2026-08-25,ACTIVE
302,Google Summer of Code (GSoC) - Season 16,CERN,Internships,"Detailed description for Google Summer of Code (GSoC) - Season 16. Global program matching students with open source organizations. This provides a perfect match for students looking to excel in their career paths, build hands-on skills, and gain industry recognition.",Class 10,2,4,Business/BBA,"JavaScript,Git,C++",Delhi,HYBRID,2026-10-28,N/A,Stipend ($1500 - $3000),0,https://summerofcode.withgoogle.com,https://summerofcode.withgoogle.com,2026-08-28,ACTIVE
303,ISRO Fellowship Program - Season 16,DRDO,Fellowships,"Detailed description for ISRO Fellowship Program - Season 16. Research fellowship for postgraduate students in aerospace, remote sensing, and computing. This provides a perfect match for students looking to excel in their career paths, build hands-on skills, and gain industry recognition.",Class 10,2,5,Law/LLB,"Python,Academic Writing,Research Methodology",Hyderabad,OFFLINE,2026-09-12,"Rs. 35,000 / month","Rs. 35,000 / month",0,https://isro.gov.in,https://isro.gov.in,2026-08-28,ACTIVE
304,Kaggle ML Competition: Indian Housing 2026,Udemy,Competitions,"Detailed description for Kaggle ML Competition: Indian Housing 2026. Solve machine learning regression challenges on public Indian dataset. This provides a perfect match for students looking to excel in their career paths, build hands-on skills, and gain industry recognition.",Class 10,1,4,All Branches,"Machine Learning,Python,Statistics",Remote,OFFLINE,2026-07-16,"Prizes up to $10,000",N/A,0,https://kaggle.com,https://kaggle.com,2026-08-27,EXPIRED
305,Microsoft Learn Student Ambassador - Season 16,British Council,Ambassador Programs,"Detailed description for Microsoft Learn Student Ambassador - Season 16. Host workshops and build technical communities in your local college. This provides a perfect match for students looking to excel in their career paths, build hands-on skills, and gain industry recognition.",Diploma,1,3,Medicine/MBBS,Leadership,Kolkata,OFFLINE,2026-10-17,N/A,N/A,0,https://mvp.microsoft.com,https://mvp.microsoft.com,2026-08-29,ACTIVE
306,AWS Cloud Practitioner Certification Scholarship - Season 16,Tata Trusts,Certifications,"Detailed description for AWS Cloud Practitioner Certification Scholarship - Season 16. Voucher scholarship providing 100% exam fee discount for students. This provides a perfect match for students looking to excel in their career paths, build hands-on skills, and gain industry recognition.",Postgraduate,2,4,Mechanical Engineering,"Docker,Kubernetes",Remote,HYBRID,2026-11-17,N/A,N/A,0,https://aws.amazon.com,https://aws.amazon.com,2026-08-28,ACTIVE
307,NITI Aayog Internship Scheme 2026,GitHub,Internships,"Detailed description for NITI Aayog Internship Scheme 2026. Work on public policy research and analysis under central government experts. This provides a perfect match for students looking to excel in their career paths, build hands-on skills, and gain industry recognition.",Postgraduate,1,5,Electronics & Communication,"Research Methodology,Data Analytics",Remote,OFFLINE,2026-09-21,N/A,N/A,0,https://niti.gov.in,https://niti.gov.in,2026-08-26,ACTIVE
308,UNESCO Youth Volunteering Fellowship - Season 16,Tata Trusts,Volunteering,"Detailed description for UNESCO Youth Volunteering Fellowship - Season 16. Volunteer for community educational and digital literacy workshops. This provides a perfect match for students looking to excel in their career paths, build hands-on skills, and gain industry recognition.",Graduate,2,4,Arts/Humanities,"Social Work,Communication",Pune,HYBRID,2026-10-17,N/A,N/A,0,https://unesco.org,https://unesco.org,2026-08-28,ACTIVE
309,Study Abroad in Germany: DAAD Scholarship - Season 16,USIEF,Study Abroad,"Detailed description for Study Abroad in Germany: DAAD Scholarship - Season 16. Postgraduate full-degree funding for engineering and science graduates. This provides a perfect match for students looking to excel in their career paths, build hands-on skills, and gain industry recognition.",Undergraduate,1,4,All Branches,"Research Methodology,German Language",Delhi,OFFLINE,2026-10-10,N/A,N/A,0,https://daad.de,https://daad.de,2026-08-27,ACTIVE
310,Startup India Seed Fund Challenge 2026,Amazon,Entrepreneurship,"Detailed description for Startup India Seed Fund Challenge 2026. Submit startup pitch to receive incubator grants and mentorship. This provides a perfect match for students looking to excel in their career paths, build hands-on skills, and gain industry recognition.",Class 10,1,4,Medicine/MBBS,Business Strategy,Chennai,ONLINE,2026-12-08,Up to Rs. 20 Lakhs funding,Up to Rs. 20 Lakhs funding,0,https://startupindia.gov.in,https://startupindia.gov.in,2026-08-25,UPCOMING
311,Adobe India Women in Tech Internship - Season 16,ACM,Internships,"Detailed description for Adobe India Women in Tech Internship - Season 16. Summer internship for female engineering students in product development. This provides a perfect match for students looking to excel in their career paths, build hands-on skills, and gain industry recognition.",Diploma,1,5,Biotechnology,"Java,Algorithms",Delhi,ONLINE,2026-09-23,"Stipend Rs. 1,00,000 / month","Stipend Rs. 1,00,000 / month",0,https://adobe.com,https://adobe.com,2026-08-29,ACTIVE
312,TCS CodeVita Coding Competition - Season 16,DAAD,Competitions,"Detailed description for TCS CodeVita Coding Competition - Season 16. Global coding contest testing algorithmic problem-solving speed. This provides a perfect match for students looking to excel in their career paths, build hands-on skills, and gain industry recognition.",Postgraduate,2,3,Electronics & Communication,"Algorithms,Java,C++",Kolkata,OFFLINE,2026-08-19,"Prizes up to $20,000 + Job interview",N/A,0,https://tcscodevita.com,https://tcscodevita.com,2026-08-25,EXPIRED
313,UN Sustainable Development Goals Workshop 2026,Smart India Hackathon,Workshops,"Detailed description for UN Sustainable Development Goals Workshop 2026. Five-day interactive virtual seminar on local social impact strategies. This provides a perfect match for students looking to excel in their career paths, build hands-on skills, and gain industry recognition.",Postgraduate,1,4,Electronics & Communication,"Teamwork,Leadership,Communication",Pune,HYBRID,2026-08-10,N/A,N/A,0,https://sdg.un.org,https://sdg.un.org,2026-08-27,EXPIRED
314,International Conference on AI & ML (ICML India) - Season 16,GitHub,Conferences,"Detailed description for International Conference on AI & ML (ICML India) - Season 16. Global research conference featuring top papers in AI/ML advancements. This provides a perfect match for students looking to excel in their career paths, build hands-on skills, and gain industry recognition.",Undergraduate,2,5,Commerce/B.Com,"Research Methodology,Deep Learning",Chennai,OFFLINE,2026-11-01,N/A,N/A,"Rs. 2,000",https://icml.cc,https://icml.cc,2026-08-29,ACTIVE
315,DRDO Young Scientist Lab Project - Season 16,ACM,Research,"Detailed description for DRDO Young Scientist Lab Project - Season 16. Participate in defense robotics and computer vision project implementation. This provides a perfect match for students looking to excel in their career paths, build hands-on skills, and gain industry recognition.",Class 12,1,4,Biotechnology,"C++,Python,Computer Vision",Delhi,ONLINE,2026-07-16,"Monthly stipend Rs. 31,000","Monthly stipend Rs. 31,000",0,https://drdo.gov.in,https://drdo.gov.in,2026-08-28,EXPIRED
316,GitHub Campus Expert Program 2026,Microsoft,Ambassador Programs,"Detailed description for GitHub Campus Expert Program 2026. Learn public speaking and tech organization skills supported by GitHub. This provides a perfect match for students looking to excel in their career paths, build hands-on skills, and gain industry recognition.",Undergraduate,2,4,Law/LLB,"Git,Leadership,Communication",Delhi,OFFLINE,2026-11-24,N/A,N/A,0,https://education.github.com,https://education.github.com,2026-08-25,ACTIVE
317,G20 Youth Summit Innovation Challenge - Season 16,IEEE,Innovation Challenges,"Detailed description for G20 Youth Summit Innovation Challenge - Season 16. Propose tech blueprints addressing renewable energy distribution. This provides a perfect match for students looking to excel in their career paths, build hands-on skills, and gain industry recognition.",Postgraduate,1,3,Commerce/B.Com,"Leadership,Business Strategy",Mumbai,HYBRID,2026-09-20,"Certificate + Cash prize Rs. 50,000","Certificate + Cash prize Rs. 50,000",0,https://g20.org,https://g20.org,2026-08-29,ACTIVE
318,Stanford University Knight-Hennessy Scholars - Season 16,Tata Trusts,Study Abroad,"Detailed description for Stanford University Knight-Hennessy Scholars - Season 16. Full funding for graduate degrees at Stanford University in any field. This provides a perfect match for students looking to excel in their career paths, build hands-on skills, and gain industry recognition.",Class 12,1,3,Biotechnology,"Leadership,Research Methodology,Academic Writing",Mumbai,HYBRID,2026-10-29,N/A,N/A,0,https://knight-hennessy.stanford.edu,https://knight-hennessy.stanford.edu,2026-08-26,ACTIVE
319,L&T Build India Scholarship 2026,USIEF,Scholarships,"Detailed description for L&T Build India Scholarship 2026. Sponsorship for M.Tech in Construction Technology at IIT Madras/Delhi. This provides a perfect match for students looking to excel in their career paths, build hands-on skills, and gain industry recognition.",Graduate,1,5,Business/BBA,Physics,Mumbai,OFFLINE,2026-11-09,"Tuition sponsored + Stipend Rs. 15,000","Tuition sponsored + Stipend Rs. 15,000",0,https://lntecc.com,https://lntecc.com,2026-08-29,ACTIVE
320,National Talent Search Examination (NTSE) - Season 16,CERN,Exams,"Detailed description for National Talent Search Examination (NTSE) - Season 16. National scholarship exam identifying academic talent in high school. This provides a perfect match for students looking to excel in their career paths, build hands-on skills, and gain industry recognition.",Class 10,1,4,Electrical Engineering,"Mathematics,Problem Solving",Mumbai,ONLINE,2026-09-18,N/A,N/A,0,https://ncert.nic.in,https://ncert.nic.in,2026-08-25,ACTIVE
321,Smart India Hackathon - Season 17,IEEE,Hackathons,"Detailed description for Smart India Hackathon - Season 17. National level digital product building competition solving government problems. This provides a perfect match for students looking to excel in their career paths, build hands-on skills, and gain industry recognition.",Graduate,1,5,Law/LLB,"React,Python",Mumbai,OFFLINE,2026-07-15,"Rs. 1,00,000","Rs. 1,00,000",0,https://sih.gov.in,https://sih.gov.in,2026-08-26,EXPIRED
322,Google Summer of Code (GSoC) 2026,British Council,Internships,"Detailed description for Google Summer of Code (GSoC) 2026. Global program matching students with open source organizations. This provides a perfect match for students looking to excel in their career paths, build hands-on skills, and gain industry recognition.",Class 10,1,3,Medicine/MBBS,"Git,Python",Mumbai,ONLINE,2026-10-06,N/A,Stipend ($1500 - $3000),0,https://summerofcode.withgoogle.com,https://summerofcode.withgoogle.com,2026-08-28,ACTIVE
323,ISRO Fellowship Program - Season 17,HDFC Bank,Fellowships,"Detailed description for ISRO Fellowship Program - Season 17. Research fellowship for postgraduate students in aerospace, remote sensing, and computing. This provides a perfect match for students looking to excel in their career paths, build hands-on skills, and gain industry recognition.",Class 10,1,3,Biotechnology,"Academic Writing,Python",Bangalore,OFFLINE,2026-07-22,"Rs. 35,000 / month","Rs. 35,000 / month",0,https://isro.gov.in,https://isro.gov.in,2026-08-26,EXPIRED
324,Kaggle ML Competition: Indian Housing - Season 17,Kaggle,Competitions,"Detailed description for Kaggle ML Competition: Indian Housing - Season 17. Solve machine learning regression challenges on public Indian dataset. This provides a perfect match for students looking to excel in their career paths, build hands-on skills, and gain industry recognition.",Graduate,1,5,Electronics & Communication,"Machine Learning,Statistics,Python",Chennai,ONLINE,2026-12-14,"Prizes up to $10,000",N/A,0,https://kaggle.com,https://kaggle.com,2026-08-25,ACTIVE
325,Microsoft Learn Student Ambassador 2026,Buddy4Study,Ambassador Programs,"Detailed description for Microsoft Learn Student Ambassador 2026. Host workshops and build technical communities in your local college. This provides a perfect match for students looking to excel in their career paths, build hands-on skills, and gain industry recognition.",Class 12,1,5,Electrical Engineering,"Leadership,Communication,Public Speaking",Bangalore,ONLINE,2026-07-20,N/A,N/A,0,https://mvp.microsoft.com,https://mvp.microsoft.com,2026-08-28,EXPIRED
326,AWS Cloud Practitioner Certification Scholarship - Season 17,IIT Bombay,Certifications,"Detailed description for AWS Cloud Practitioner Certification Scholarship - Season 17. Voucher scholarship providing 100% exam fee discount for students. This provides a perfect match for students looking to excel in their career paths, build hands-on skills, and gain industry recognition.",Class 12,1,3,Business/BBA,"AWS,Kubernetes",Chennai,OFFLINE,2026-08-21,N/A,N/A,0,https://aws.amazon.com,https://aws.amazon.com,2026-08-25,EXPIRED
327,NITI Aayog Internship Scheme - Season 17,DRDO,Internships,"Detailed description for NITI Aayog Internship Scheme - Season 17. Work on public policy research and analysis under central government experts. This provides a perfect match for students looking to excel in their career paths, build hands-on skills, and gain industry recognition.",Graduate,2,5,Computer Science,"Data Analytics,Communication,Research Methodology",Hyderabad,HYBRID,2026-12-10,N/A,N/A,0,https://niti.gov.in,https://niti.gov.in,2026-08-29,ACTIVE
328,UNESCO Youth Volunteering Fellowship 2026,AICTE,Volunteering,"Detailed description for UNESCO Youth Volunteering Fellowship 2026. Volunteer for community educational and digital literacy workshops. This provides a perfect match for students looking to excel in their career paths, build hands-on skills, and gain industry recognition.",Class 10,1,5,Science/B.Sc,Leadership,Pune,HYBRID,2026-10-29,N/A,N/A,0,https://unesco.org,https://unesco.org,2026-08-27,ACTIVE
329,Study Abroad in Germany: DAAD Scholarship - Season 17,Startup India,Study Abroad,"Detailed description for Study Abroad in Germany: DAAD Scholarship - Season 17. Postgraduate full-degree funding for engineering and science graduates. This provides a perfect match for students looking to excel in their career paths, build hands-on skills, and gain industry recognition.",Postgraduate,2,3,Electrical Engineering,Research Methodology,Delhi,HYBRID,2026-11-29,N/A,N/A,0,https://daad.de,https://daad.de,2026-08-28,ACTIVE
330,Startup India Seed Fund Challenge - Season 17,HDFC Bank,Entrepreneurship,"Detailed description for Startup India Seed Fund Challenge - Season 17. Submit startup pitch to receive incubator grants and mentorship. This provides a perfect match for students looking to excel in their career paths, build hands-on skills, and gain industry recognition.",Undergraduate,1,3,Civil Engineering,Business Strategy,Mumbai,OFFLINE,2026-09-30,Up to Rs. 20 Lakhs funding,Up to Rs. 20 Lakhs funding,0,https://startupindia.gov.in,https://startupindia.gov.in,2026-08-28,ACTIVE
331,Adobe India Women in Tech Internship 2026,Google,Internships,"Detailed description for Adobe India Women in Tech Internship 2026. Summer internship for female engineering students in product development. This provides a perfect match for students looking to excel in their career paths, build hands-on skills, and gain industry recognition.",Postgraduate,2,5,Civil Engineering,Java,Pune,OFFLINE,2026-11-04,"Stipend Rs. 1,00,000 / month","Stipend Rs. 1,00,000 / month",0,https://adobe.com,https://adobe.com,2026-08-25,ACTIVE
332,TCS CodeVita Coding Competition - Season 17,DAAD,Competitions,"Detailed description for TCS CodeVita Coding Competition - Season 17. Global coding contest testing algorithmic problem-solving speed. This provides a perfect match for students looking to excel in their career paths, build hands-on skills, and gain industry recognition.",Class 12,1,4,Law/LLB,"C++,Java",Pune,HYBRID,2026-10-10,"Prizes up to $20,000 + Job interview",N/A,0,https://tcscodevita.com,https://tcscodevita.com,2026-08-28,ACTIVE
333,UN Sustainable Development Goals Workshop - Season 17,HDFC Bank,Workshops,"Detailed description for UN Sustainable Development Goals Workshop - Season 17. Five-day interactive virtual seminar on local social impact strategies. This provides a perfect match for students looking to excel in their career paths, build hands-on skills, and gain industry recognition.",Postgraduate,2,3,Biotechnology,"Leadership,Teamwork",Kolkata,ONLINE,2026-07-27,N/A,N/A,0,https://sdg.un.org,https://sdg.un.org,2026-08-26,EXPIRED
334,International Conference on AI & ML (ICML India) 2026,TCS,Conferences,"Detailed description for International Conference on AI & ML (ICML India) 2026. Global research conference featuring top papers in AI/ML advancements. This provides a perfect match for students looking to excel in their career paths, build hands-on skills, and gain industry recognition.",Postgraduate,1,3,Civil Engineering,"Deep Learning,Machine Learning,Research Methodology",Chennai,ONLINE,2026-10-12,N/A,N/A,"Rs. 2,000",https://icml.cc,https://icml.cc,2026-08-28,ACTIVE
335,DRDO Young Scientist Lab Project - Season 17,Coursera,Research,"Detailed description for DRDO Young Scientist Lab Project - Season 17. Participate in defense robotics and computer vision project implementation. This provides a perfect match for students looking to excel in their career paths, build hands-on skills, and gain industry recognition.",Class 12,2,5,Arts/Humanities,"C++,Machine Learning,Python",Pune,ONLINE,2026-09-07,"Monthly stipend Rs. 31,000","Monthly stipend Rs. 31,000",0,https://drdo.gov.in,https://drdo.gov.in,2026-08-25,CLOSING_SOON
336,GitHub Campus Expert Program - Season 17,ISRO,Ambassador Programs,"Detailed description for GitHub Campus Expert Program - Season 17. Learn public speaking and tech organization skills supported by GitHub. This provides a perfect match for students looking to excel in their career paths, build hands-on skills, and gain industry recognition.",Diploma,2,3,Business/BBA,"Leadership,Git",Pune,ONLINE,2026-08-20,N/A,N/A,0,https://education.github.com,https://education.github.com,2026-08-28,EXPIRED
337,G20 Youth Summit Innovation Challenge 2026,DRDO,Innovation Challenges,"Detailed description for G20 Youth Summit Innovation Challenge 2026. Propose tech blueprints addressing renewable energy distribution. This provides a perfect match for students looking to excel in their career paths, build hands-on skills, and gain industry recognition.",Class 10,2,4,Arts/Humanities,"Leadership,Business Strategy,Problem Solving",Chennai,ONLINE,2026-11-12,"Certificate + Cash prize Rs. 50,000","Certificate + Cash prize Rs. 50,000",0,https://g20.org,https://g20.org,2026-08-29,ACTIVE
338,Stanford University Knight-Hennessy Scholars - Season 17,Buddy4Study,Study Abroad,"Detailed description for Stanford University Knight-Hennessy Scholars - Season 17. Full funding for graduate degrees at Stanford University in any field. This provides a perfect match for students looking to excel in their career paths, build hands-on skills, and gain industry recognition.",Postgraduate,1,4,Law/LLB,Research Methodology,Remote,HYBRID,2026-09-24,N/A,N/A,0,https://knight-hennessy.stanford.edu,https://knight-hennessy.stanford.edu,2026-08-27,ACTIVE
339,L&T Build India Scholarship - Season 17,GitHub,Scholarships,"Detailed description for L&T Build India Scholarship - Season 17. Sponsorship for M.Tech in Construction Technology at IIT Madras/Delhi. This provides a perfect match for students looking to excel in their career paths, build hands-on skills, and gain industry recognition.",Class 12,1,4,Computer Science,"Civil Engineering,CAD,Physics",Hyderabad,HYBRID,2026-11-05,"Tuition sponsored + Stipend Rs. 15,000","Tuition sponsored + Stipend Rs. 15,000",0,https://lntecc.com,https://lntecc.com,2026-08-25,ACTIVE
340,National Talent Search Examination (NTSE) 2026,ACM,Exams,"Detailed description for National Talent Search Examination (NTSE) 2026. National scholarship exam identifying academic talent in high school. This provides a perfect match for students looking to excel in their career paths, build hands-on skills, and gain industry recognition.",Class 10,1,3,Science/B.Sc,"Problem Solving,Mathematics",Delhi,HYBRID,2026-12-01,N/A,N/A,0,https://ncert.nic.in,https://ncert.nic.in,2026-08-25,ACTIVE
341,Smart India Hackathon - Season 18,GitHub,Hackathons,"Detailed description for Smart India Hackathon - Season 18. National level digital product building competition solving government problems. This provides a perfect match for students looking to excel in their career paths, build hands-on skills, and gain industry recognition.",Class 12,2,4,Commerce/B.Com,"Python,React",Remote,OFFLINE,2026-09-19,"Rs. 1,00,000","Rs. 1,00,000",0,https://sih.gov.in,https://sih.gov.in,2026-08-27,ACTIVE
342,Google Summer of Code (GSoC) - Season 18,NITI Aayog,Internships,"Detailed description for Google Summer of Code (GSoC) - Season 18. Global program matching students with open source organizations. This provides a perfect match for students looking to excel in their career paths, build hands-on skills, and gain industry recognition.",Graduate,2,4,Computer Science,"Python,JavaScript,Git",Mumbai,OFFLINE,2026-11-05,N/A,Stipend ($1500 - $3000),0,https://summerofcode.withgoogle.com,https://summerofcode.withgoogle.com,2026-08-25,ACTIVE
343,ISRO Fellowship Program 2026,Buddy4Study,Fellowships,"Detailed description for ISRO Fellowship Program 2026. Research fellowship for postgraduate students in aerospace, remote sensing, and computing. This provides a perfect match for students looking to excel in their career paths, build hands-on skills, and gain industry recognition.",Postgraduate,2,4,Commerce/B.Com,Python,Chennai,HYBRID,2026-12-10,"Rs. 35,000 / month","Rs. 35,000 / month",0,https://isro.gov.in,https://isro.gov.in,2026-08-29,ACTIVE
344,Kaggle ML Competition: Indian Housing - Season 18,IEEE,Competitions,"Detailed description for Kaggle ML Competition: Indian Housing - Season 18. Solve machine learning regression challenges on public Indian dataset. This provides a perfect match for students looking to excel in their career paths, build hands-on skills, and gain industry recognition.",Diploma,2,4,All Branches,Machine Learning,Chennai,HYBRID,2026-08-11,"Prizes up to $10,000",N/A,0,https://kaggle.com,https://kaggle.com,2026-08-29,EXPIRED
345,Microsoft Learn Student Ambassador - Season 18,UNESCO,Ambassador Programs,"Detailed description for Microsoft Learn Student Ambassador - Season 18. Host workshops and build technical communities in your local college. This provides a perfect match for students looking to excel in their career paths, build hands-on skills, and gain industry recognition.",Diploma,1,4,Commerce/B.Com,"Communication,Public Speaking",Remote,ONLINE,2026-09-15,N/A,N/A,0,https://mvp.microsoft.com,https://mvp.microsoft.com,2026-08-26,ACTIVE
346,AWS Cloud Practitioner Certification Scholarship 2026,Amazon,Certifications,"Detailed description for AWS Cloud Practitioner Certification Scholarship 2026. Voucher scholarship providing 100% exam fee discount for students. This provides a perfect match for students looking to excel in their career paths, build hands-on skills, and gain industry recognition.",Undergraduate,2,5,Electrical Engineering,"Docker,Kubernetes",Bangalore,ONLINE,2026-12-21,N/A,N/A,0,https://aws.amazon.com,https://aws.amazon.com,2026-08-25,ACTIVE
347,NITI Aayog Internship Scheme - Season 18,TCS,Internships,"Detailed description for NITI Aayog Internship Scheme - Season 18. Work on public policy research and analysis under central government experts. This provides a perfect match for students looking to excel in their career paths, build hands-on skills, and gain industry recognition.",Undergraduate,1,4,Biotechnology,"Research Methodology,Communication,Data Analytics",Remote,HYBRID,2026-11-30,N/A,N/A,0,https://niti.gov.in,https://niti.gov.in,2026-08-26,UPCOMING
348,UNESCO Youth Volunteering Fellowship - Season 18,USIEF,Volunteering,"Detailed description for UNESCO Youth Volunteering Fellowship - Season 18. Volunteer for community educational and digital literacy workshops. This provides a perfect match for students looking to excel in their career paths, build hands-on skills, and gain industry recognition.",Postgraduate,2,3,Electrical Engineering,"Social Work,Communication,Leadership",Delhi,ONLINE,2026-08-14,N/A,N/A,0,https://unesco.org,https://unesco.org,2026-08-27,EXPIRED
349,Study Abroad in Germany: DAAD Scholarship 2026,HDFC Bank,Study Abroad,"Detailed description for Study Abroad in Germany: DAAD Scholarship 2026. Postgraduate full-degree funding for engineering and science graduates. This provides a perfect match for students looking to excel in their career paths, build hands-on skills, and gain industry recognition.",Postgraduate,1,5,Biotechnology,Research Methodology,Chennai,ONLINE,2026-12-22,N/A,N/A,0,https://daad.de,https://daad.de,2026-08-25,ACTIVE
350,Startup India Seed Fund Challenge - Season 18,Buddy4Study,Entrepreneurship,"Detailed description for Startup India Seed Fund Challenge - Season 18. Submit startup pitch to receive incubator grants and mentorship. This provides a perfect match for students looking to excel in their career paths, build hands-on skills, and gain industry recognition.",Postgraduate,2,3,Mechanical Engineering,"Public Speaking,Financial Accounting,Business Strategy",Pune,HYBRID,2026-11-12,Up to Rs. 20 Lakhs funding,Up to Rs. 20 Lakhs funding,0,https://startupindia.gov.in,https://startupindia.gov.in,2026-08-28,ACTIVE
351,Adobe India Women in Tech Internship - Season 18,Udemy,Internships,"Detailed description for Adobe India Women in Tech Internship - Season 18. Summer internship for female engineering students in product development. This provides a perfect match for students looking to excel in their career paths, build hands-on skills, and gain industry recognition.",Postgraduate,1,4,Medicine/MBBS,"Data Structures,C++",Kolkata,HYBRID,2026-11-08,"Stipend Rs. 1,00,000 / month","Stipend Rs. 1,00,000 / month",0,https://adobe.com,https://adobe.com,2026-08-25,ACTIVE
352,TCS CodeVita Coding Competition 2026,Kaggle,Competitions,"Detailed description for TCS CodeVita Coding Competition 2026. Global coding contest testing algorithmic problem-solving speed. This provides a perfect match for students looking to excel in their career paths, build hands-on skills, and gain industry recognition.",Class 10,1,5,Biotechnology,Java,Chennai,ONLINE,2026-12-10,"Prizes up to $20,000 + Job interview",N/A,0,https://tcscodevita.com,https://tcscodevita.com,2026-08-29,ACTIVE
353,UN Sustainable Development Goals Workshop - Season 18,ACM,Workshops,"Detailed description for UN Sustainable Development Goals Workshop - Season 18. Five-day interactive virtual seminar on local social impact strategies. This provides a perfect match for students looking to excel in their career paths, build hands-on skills, and gain industry recognition.",Graduate,2,3,Biotechnology,"Leadership,Communication,Teamwork",Chennai,HYBRID,2026-08-22,N/A,N/A,0,https://sdg.un.org,https://sdg.un.org,2026-08-28,EXPIRED
354,International Conference on AI & ML (ICML India) - Season 18,ISRO,Conferences,"Detailed description for International Conference on AI & ML (ICML India) - Season 18. Global research conference featuring top papers in AI/ML advancements. This provides a perfect match for students looking to excel in their career paths, build hands-on skills, and gain industry recognition.",Postgraduate,2,5,Mechanical Engineering,"Deep Learning,Machine Learning,Research Methodology",Delhi,HYBRID,2026-09-14,N/A,N/A,"Rs. 2,000",https://icml.cc,https://icml.cc,2026-08-28,ACTIVE
355,DRDO Young Scientist Lab Project 2026,CERN,Research,"Detailed description for DRDO Young Scientist Lab Project 2026. Participate in defense robotics and computer vision project implementation. This provides a perfect match for students looking to excel in their career paths, build hands-on skills, and gain industry recognition.",Undergraduate,2,3,Science/B.Sc,"Python,C++",Mumbai,ONLINE,2026-10-21,"Monthly stipend Rs. 31,000","Monthly stipend Rs. 31,000",0,https://drdo.gov.in,https://drdo.gov.in,2026-08-27,ACTIVE
356,GitHub Campus Expert Program - Season 18,Microsoft,Ambassador Programs,"Detailed description for GitHub Campus Expert Program - Season 18. Learn public speaking and tech organization skills supported by GitHub. This provides a perfect match for students looking to excel in their career paths, build hands-on skills, and gain industry recognition.",Undergraduate,2,5,Computer Science,"Leadership,Git,Communication",Kolkata,HYBRID,2026-09-13,N/A,N/A,0,https://education.github.com,https://education.github.com,2026-08-28,ACTIVE
357,G20 Youth Summit Innovation Challenge - Season 18,Kaggle,Innovation Challenges,"Detailed description for G20 Youth Summit Innovation Challenge - Season 18. Propose tech blueprints addressing renewable energy distribution. This provides a perfect match for students looking to excel in their career paths, build hands-on skills, and gain industry recognition.",Graduate,2,3,Electrical Engineering,Problem Solving,Mumbai,OFFLINE,2026-08-04,"Certificate + Cash prize Rs. 50,000","Certificate + Cash prize Rs. 50,000",0,https://g20.org,https://g20.org,2026-08-26,EXPIRED
358,Stanford University Knight-Hennessy Scholars 2026,Microsoft,Study Abroad,"Detailed description for Stanford University Knight-Hennessy Scholars 2026. Full funding for graduate degrees at Stanford University in any field. This provides a perfect match for students looking to excel in their career paths, build hands-on skills, and gain industry recognition.",Class 10,2,3,Mechanical Engineering,"Leadership,Research Methodology",Delhi,ONLINE,2026-10-27,N/A,N/A,0,https://knight-hennessy.stanford.edu,https://knight-hennessy.stanford.edu,2026-08-27,ACTIVE
359,L&T Build India Scholarship - Season 18,Ministry of Education,Scholarships,"Detailed description for L&T Build India Scholarship - Season 18. Sponsorship for M.Tech in Construction Technology at IIT Madras/Delhi. This provides a perfect match for students looking to excel in their career paths, build hands-on skills, and gain industry recognition.",Class 10,1,3,Electronics & Communication,CAD,Mumbai,OFFLINE,2026-09-16,"Tuition sponsored + Stipend Rs. 15,000","Tuition sponsored + Stipend Rs. 15,000",0,https://lntecc.com,https://lntecc.com,2026-08-28,ACTIVE
360,National Talent Search Examination (NTSE) - Season 18,DAAD,Exams,"Detailed description for National Talent Search Examination (NTSE) - Season 18. National scholarship exam identifying academic talent in high school. This provides a perfect match for students looking to excel in their career paths, build hands-on skills, and gain industry recognition.",Postgraduate,2,3,Computer Science,Mathematics,Mumbai,OFFLINE,2026-07-27,N/A,N/A,0,https://ncert.nic.in,https://ncert.nic.in,2026-08-25,EXPIRED
361,Smart India Hackathon 2026,UNESCO,Hackathons,"Detailed description for Smart India Hackathon 2026. National level digital product building competition solving government problems. This provides a perfect match for students looking to excel in their career paths, build hands-on skills, and gain industry recognition.",Class 12,2,3,Biotechnology,React,Mumbai,OFFLINE,2026-08-18,"Rs. 1,00,000","Rs. 1,00,000",0,https://sih.gov.in,https://sih.gov.in,2026-08-29,EXPIRED
362,Google Summer of Code (GSoC) - Season 19,TCS,Internships,"Detailed description for Google Summer of Code (GSoC) - Season 19. Global program matching students with open source organizations. This provides a perfect match for students looking to excel in their career paths, build hands-on skills, and gain industry recognition.",Class 10,1,5,Civil Engineering,Java,Chennai,OFFLINE,2026-12-17,N/A,Stipend ($1500 - $3000),0,https://summerofcode.withgoogle.com,https://summerofcode.withgoogle.com,2026-08-27,ACTIVE
363,ISRO Fellowship Program - Season 19,IIT Madras,Fellowships,"Detailed description for ISRO Fellowship Program - Season 19. Research fellowship for postgraduate students in aerospace, remote sensing, and computing. This provides a perfect match for students looking to excel in their career paths, build hands-on skills, and gain industry recognition.",Postgraduate,2,5,All Branches,Python,Bangalore,ONLINE,2026-10-04,"Rs. 35,000 / month","Rs. 35,000 / month",0,https://isro.gov.in,https://isro.gov.in,2026-08-27,ACTIVE
364,Kaggle ML Competition: Indian Housing 2026,IIT Bombay,Competitions,"Detailed description for Kaggle ML Competition: Indian Housing 2026. Solve machine learning regression challenges on public Indian dataset. This provides a perfect match for students looking to excel in their career paths, build hands-on skills, and gain industry recognition.",Class 10,2,4,Law/LLB,"Machine Learning,Statistics",Mumbai,HYBRID,2026-07-23,"Prizes up to $10,000",N/A,0,https://kaggle.com,https://kaggle.com,2026-08-25,EXPIRED
365,Microsoft Learn Student Ambassador - Season 19,Udemy,Ambassador Programs,"Detailed description for Microsoft Learn Student Ambassador - Season 19. Host workshops and build technical communities in your local college. This provides a perfect match for students looking to excel in their career paths, build hands-on skills, and gain industry recognition.",Diploma,1,4,Civil Engineering,"Public Speaking,Leadership",Hyderabad,OFFLINE,2026-08-19,N/A,N/A,0,https://mvp.microsoft.com,https://mvp.microsoft.com,2026-08-29,EXPIRED
366,AWS Cloud Practitioner Certification Scholarship - Season 19,IEEE,Certifications,"Detailed description for AWS Cloud Practitioner Certification Scholarship - Season 19. Voucher scholarship providing 100% exam fee discount for students. This provides a perfect match for students looking to excel in their career paths, build hands-on skills, and gain industry recognition.",Class 10,1,4,Law/LLB,"Kubernetes,AWS,Docker",Bangalore,HYBRID,2026-08-05,N/A,N/A,0,https://aws.amazon.com,https://aws.amazon.com,2026-08-27,EXPIRED
367,NITI Aayog Internship Scheme 2026,CERN,Internships,"Detailed description for NITI Aayog Internship Scheme 2026. Work on public policy research and analysis under central government experts. This provides a perfect match for students looking to excel in their career paths, build hands-on skills, and gain industry recognition.",Graduate,2,4,Arts/Humanities,Communication,Bangalore,HYBRID,2026-09-16,N/A,N/A,0,https://niti.gov.in,https://niti.gov.in,2026-08-25,ACTIVE
368,UNESCO Youth Volunteering Fellowship - Season 19,ISRO,Volunteering,"Detailed description for UNESCO Youth Volunteering Fellowship - Season 19. Volunteer for community educational and digital literacy workshops. This provides a perfect match for students looking to excel in their career paths, build hands-on skills, and gain industry recognition.",Graduate,2,3,Electrical Engineering,"Communication,Leadership",Mumbai,ONLINE,2026-07-18,N/A,N/A,0,https://unesco.org,https://unesco.org,2026-08-28,EXPIRED
369,Study Abroad in Germany: DAAD Scholarship - Season 19,Startup India,Study Abroad,"Detailed description for Study Abroad in Germany: DAAD Scholarship - Season 19. Postgraduate full-degree funding for engineering and science graduates. This provides a perfect match for students looking to excel in their career paths, build hands-on skills, and gain industry recognition.",Postgraduate,2,4,Commerce/B.Com,Research Methodology,Chennai,ONLINE,2026-08-13,N/A,N/A,0,https://daad.de,https://daad.de,2026-08-27,EXPIRED
370,Startup India Seed Fund Challenge 2026,AICTE,Entrepreneurship,"Detailed description for Startup India Seed Fund Challenge 2026. Submit startup pitch to receive incubator grants and mentorship. This provides a perfect match for students looking to excel in their career paths, build hands-on skills, and gain industry recognition.",Class 12,2,4,Commerce/B.Com,"Financial Accounting,Public Speaking",Pune,ONLINE,2026-09-01,Up to Rs. 20 Lakhs funding,Up to Rs. 20 Lakhs funding,0,https://startupindia.gov.in,https://startupindia.gov.in,2026-08-27,CLOSING_SOON
371,Adobe India Women in Tech Internship - Season 19,Ministry of Education,Internships,"Detailed description for Adobe India Women in Tech Internship - Season 19. Summer internship for female engineering students in product development. This provides a perfect match for students looking to excel in their career paths, build hands-on skills, and gain industry recognition.",Diploma,2,4,Law/LLB,"Algorithms,Java,C++",Chennai,HYBRID,2026-07-16,"Stipend Rs. 1,00,000 / month","Stipend Rs. 1,00,000 / month",0,https://adobe.com,https://adobe.com,2026-08-26,EXPIRED
372,TCS CodeVita Coding Competition - Season 19,Udemy,Competitions,"Detailed description for TCS CodeVita Coding Competition - Season 19. Global coding contest testing algorithmic problem-solving speed. This provides a perfect match for students looking to excel in their career paths, build hands-on skills, and gain industry recognition.",Class 10,1,4,Science/B.Sc,"Data Structures,Python,Java",Hyderabad,OFFLINE,2026-10-25,"Prizes up to $20,000 + Job interview",N/A,0,https://tcscodevita.com,https://tcscodevita.com,2026-08-25,ACTIVE
373,UN Sustainable Development Goals Workshop 2026,IEEE,Workshops,"Detailed description for UN Sustainable Development Goals Workshop 2026. Five-day interactive virtual seminar on local social impact strategies. This provides a perfect match for students looking to excel in their career paths, build hands-on skills, and gain industry recognition.",Class 12,1,4,Civil Engineering,"Communication,Teamwork,Leadership",Bangalore,OFFLINE,2026-09-30,N/A,N/A,0,https://sdg.un.org,https://sdg.un.org,2026-08-26,ACTIVE
374,International Conference on AI & ML (ICML India) - Season 19,Ministry of Education,Conferences,"Detailed description for International Conference on AI & ML (ICML India) - Season 19. Global research conference featuring top papers in AI/ML advancements. This provides a perfect match for students looking to excel in their career paths, build hands-on skills, and gain industry recognition.",Undergraduate,2,4,Commerce/B.Com,"Machine Learning,Deep Learning,Research Methodology",Bangalore,OFFLINE,2026-12-01,N/A,N/A,"Rs. 2,000",https://icml.cc,https://icml.cc,2026-08-26,ACTIVE
375,DRDO Young Scientist Lab Project - Season 19,Coursera,Research,"Detailed description for DRDO Young Scientist Lab Project - Season 19. Participate in defense robotics and computer vision project implementation. This provides a perfect match for students looking to excel in their career paths, build hands-on skills, and gain industry recognition.",Postgraduate,2,3,Electronics & Communication,Computer Vision,Remote,HYBRID,2026-08-16,"Monthly stipend Rs. 31,000","Monthly stipend Rs. 31,000",0,https://drdo.gov.in,https://drdo.gov.in,2026-08-28,EXPIRED
376,GitHub Campus Expert Program 2026,Startup India,Ambassador Programs,"Detailed description for GitHub Campus Expert Program 2026. Learn public speaking and tech organization skills supported by GitHub. This provides a perfect match for students looking to excel in their career paths, build hands-on skills, and gain industry recognition.",Graduate,2,3,Arts/Humanities,"Leadership,Communication,Git",Kolkata,OFFLINE,2026-11-21,N/A,N/A,0,https://education.github.com,https://education.github.com,2026-08-29,ACTIVE
377,G20 Youth Summit Innovation Challenge - Season 19,TCS,Innovation Challenges,"Detailed description for G20 Youth Summit Innovation Challenge - Season 19. Propose tech blueprints addressing renewable energy distribution. This provides a perfect match for students looking to excel in their career paths, build hands-on skills, and gain industry recognition.",Graduate,1,3,Electronics & Communication,"Leadership,Business Strategy",Pune,ONLINE,2026-07-17,"Certificate + Cash prize Rs. 50,000","Certificate + Cash prize Rs. 50,000",0,https://g20.org,https://g20.org,2026-08-26,EXPIRED
378,Stanford University Knight-Hennessy Scholars - Season 19,HDFC Bank,Study Abroad,"Detailed description for Stanford University Knight-Hennessy Scholars - Season 19. Full funding for graduate degrees at Stanford University in any field. This provides a perfect match for students looking to excel in their career paths, build hands-on skills, and gain industry recognition.",Diploma,1,4,Biotechnology,Research Methodology,Remote,ONLINE,2026-12-07,N/A,N/A,0,https://knight-hennessy.stanford.edu,https://knight-hennessy.stanford.edu,2026-08-28,ACTIVE
379,L&T Build India Scholarship 2026,British Council,Scholarships,"Detailed description for L&T Build India Scholarship 2026. Sponsorship for M.Tech in Construction Technology at IIT Madras/Delhi. This provides a perfect match for students looking to excel in their career paths, build hands-on skills, and gain industry recognition.",Diploma,1,5,Business/BBA,"CAD,Physics",Hyderabad,OFFLINE,2026-12-21,"Tuition sponsored + Stipend Rs. 15,000","Tuition sponsored + Stipend Rs. 15,000",0,https://lntecc.com,https://lntecc.com,2026-08-28,ACTIVE
380,National Talent Search Examination (NTSE) - Season 19,AICTE,Exams,"Detailed description for National Talent Search Examination (NTSE) - Season 19. National scholarship exam identifying academic talent in high school. This provides a perfect match for students looking to excel in their career paths, build hands-on skills, and gain industry recognition.",Diploma,2,4,Business/BBA,"Mathematics,Problem Solving",Bangalore,ONLINE,2026-11-29,N/A,N/A,0,https://ncert.nic.in,https://ncert.nic.in,2026-08-28,ACTIVE
381,Smart India Hackathon - Season 20,ACM,Hackathons,"Detailed description for Smart India Hackathon - Season 20. National level digital product building competition solving government problems. This provides a perfect match for students looking to excel in their career paths, build hands-on skills, and gain industry recognition.",Diploma,2,5,Medicine/MBBS,"React,SQL",Remote,OFFLINE,2026-11-04,"Rs. 1,00,000","Rs. 1,00,000",0,https://sih.gov.in,https://sih.gov.in,2026-08-26,ACTIVE
382,Google Summer of Code (GSoC) 2026,AICTE,Internships,"Detailed description for Google Summer of Code (GSoC) 2026. Global program matching students with open source organizations. This provides a perfect match for students looking to excel in their career paths, build hands-on skills, and gain industry recognition.",Diploma,1,3,Biotechnology,"Java,Git",Hyderabad,OFFLINE,2026-11-18,N/A,Stipend ($1500 - $3000),0,https://summerofcode.withgoogle.com,https://summerofcode.withgoogle.com,2026-08-25,ACTIVE
383,ISRO Fellowship Program - Season 20,Kaggle,Fellowships,"Detailed description for ISRO Fellowship Program - Season 20. Research fellowship for postgraduate students in aerospace, remote sensing, and computing. This provides a perfect match for students looking to excel in their career paths, build hands-on skills, and gain industry recognition.",Graduate,1,4,Science/B.Sc,"Research Methodology,Python,Academic Writing",Hyderabad,OFFLINE,2026-08-11,"Rs. 35,000 / month","Rs. 35,000 / month",0,https://isro.gov.in,https://isro.gov.in,2026-08-25,EXPIRED
384,Kaggle ML Competition: Indian Housing - Season 20,Ministry of Education,Competitions,"Detailed description for Kaggle ML Competition: Indian Housing - Season 20. Solve machine learning regression challenges on public Indian dataset. This provides a perfect match for students looking to excel in their career paths, build hands-on skills, and gain industry recognition.",Class 12,2,4,Civil Engineering,Python,Delhi,HYBRID,2026-09-27,"Prizes up to $10,000",N/A,0,https://kaggle.com,https://kaggle.com,2026-08-29,ACTIVE
385,Microsoft Learn Student Ambassador 2026,DAAD,Ambassador Programs,"Detailed description for Microsoft Learn Student Ambassador 2026. Host workshops and build technical communities in your local college. This provides a perfect match for students looking to excel in their career paths, build hands-on skills, and gain industry recognition.",Undergraduate,1,5,Arts/Humanities,Public Speaking,Mumbai,HYBRID,2026-10-10,N/A,N/A,0,https://mvp.microsoft.com,https://mvp.microsoft.com,2026-08-29,ACTIVE
386,AWS Cloud Practitioner Certification Scholarship - Season 20,Startup India,Certifications,"Detailed description for AWS Cloud Practitioner Certification Scholarship - Season 20. Voucher scholarship providing 100% exam fee discount for students. This provides a perfect match for students looking to excel in their career paths, build hands-on skills, and gain industry recognition.",Diploma,1,3,Electrical Engineering,Docker,Mumbai,OFFLINE,2026-08-14,N/A,N/A,0,https://aws.amazon.com,https://aws.amazon.com,2026-08-28,EXPIRED
387,NITI Aayog Internship Scheme - Season 20,NITI Aayog,Internships,"Detailed description for NITI Aayog Internship Scheme - Season 20. Work on public policy research and analysis under central government experts. This provides a perfect match for students looking to excel in their career paths, build hands-on skills, and gain industry recognition.",Class 10,1,3,Arts/Humanities,"Research Methodology,Data Analytics",Kolkata,OFFLINE,2026-09-03,N/A,N/A,0,https://niti.gov.in,https://niti.gov.in,2026-08-28,CLOSING_SOON
388,UNESCO Youth Volunteering Fellowship 2026,ACM,Volunteering,"Detailed description for UNESCO Youth Volunteering Fellowship 2026. Volunteer for community educational and digital literacy workshops. This provides a perfect match for students looking to excel in their career paths, build hands-on skills, and gain industry recognition.",Diploma,2,3,Electronics & Communication,Social Work,Bangalore,HYBRID,2026-12-15,N/A,N/A,0,https://unesco.org,https://unesco.org,2026-08-29,ACTIVE
389,Study Abroad in Germany: DAAD Scholarship - Season 20,AICTE,Study Abroad,"Detailed description for Study Abroad in Germany: DAAD Scholarship - Season 20. Postgraduate full-degree funding for engineering and science graduates. This provides a perfect match for students looking to excel in their career paths, build hands-on skills, and gain industry recognition.",Class 10,2,3,Civil Engineering,German Language,Kolkata,HYBRID,2026-08-31,N/A,N/A,0,https://daad.de,https://daad.de,2026-08-29,CLOSING_SOON
390,Startup India Seed Fund Challenge - Season 20,Major League Hacking,Entrepreneurship,"Detailed description for Startup India Seed Fund Challenge - Season 20. Submit startup pitch to receive incubator grants and mentorship. This provides a perfect match for students looking to excel in their career paths, build hands-on skills, and gain industry recognition.",Postgraduate,2,3,Biotechnology,"Public Speaking,Business Strategy,Financial Accounting",Mumbai,HYBRID,2026-09-19,Up to Rs. 20 Lakhs funding,Up to Rs. 20 Lakhs funding,0,https://startupindia.gov.in,https://startupindia.gov.in,2026-08-29,ACTIVE
391,Adobe India Women in Tech Internship 2026,UNESCO,Internships,"Detailed description for Adobe India Women in Tech Internship 2026. Summer internship for female engineering students in product development. This provides a perfect match for students looking to excel in their career paths, build hands-on skills, and gain industry recognition.",Postgraduate,1,3,Electronics & Communication,Algorithms,Hyderabad,HYBRID,2026-07-13,"Stipend Rs. 1,00,000 / month","Stipend Rs. 1,00,000 / month",0,https://adobe.com,https://adobe.com,2026-08-25,EXPIRED
392,TCS CodeVita Coding Competition - Season 20,GitHub,Competitions,"Detailed description for TCS CodeVita Coding Competition - Season 20. Global coding contest testing algorithmic problem-solving speed. This provides a perfect match for students looking to excel in their career paths, build hands-on skills, and gain industry recognition.",Class 12,2,4,Medicine/MBBS,"Python,Data Structures,Java",Pune,ONLINE,2026-11-13,"Prizes up to $20,000 + Job interview",N/A,0,https://tcscodevita.com,https://tcscodevita.com,2026-08-25,ACTIVE
393,UN Sustainable Development Goals Workshop - Season 20,Kaggle,Workshops,"Detailed description for UN Sustainable Development Goals Workshop - Season 20. Five-day interactive virtual seminar on local social impact strategies. This provides a perfect match for students looking to excel in their career paths, build hands-on skills, and gain industry recognition.",Graduate,1,3,Biotechnology,"Leadership,Communication,Teamwork",Pune,ONLINE,2026-11-16,N/A,N/A,0,https://sdg.un.org,https://sdg.un.org,2026-08-28,ACTIVE
394,International Conference on AI & ML (ICML India) 2026,ACM,Conferences,"Detailed description for International Conference on AI & ML (ICML India) 2026. Global research conference featuring top papers in AI/ML advancements. This provides a perfect match for students looking to excel in their career paths, build hands-on skills, and gain industry recognition.",Class 12,1,5,Electronics & Communication,"Machine Learning,Research Methodology,Deep Learning",Pune,OFFLINE,2026-10-15,N/A,N/A,"Rs. 2,000",https://icml.cc,https://icml.cc,2026-08-27,ACTIVE
395,DRDO Young Scientist Lab Project - Season 20,DAAD,Research,"Detailed description for DRDO Young Scientist Lab Project - Season 20. Participate in defense robotics and computer vision project implementation. This provides a perfect match for students looking to excel in their career paths, build hands-on skills, and gain industry recognition.",Postgraduate,1,4,Arts/Humanities,"Python,Computer Vision,Machine Learning",Kolkata,OFFLINE,2026-09-06,"Monthly stipend Rs. 31,000","Monthly stipend Rs. 31,000",0,https://drdo.gov.in,https://drdo.gov.in,2026-08-28,CLOSING_SOON
396,GitHub Campus Expert Program - Season 20,Major League Hacking,Ambassador Programs,"Detailed description for GitHub Campus Expert Program - Season 20. Learn public speaking and tech organization skills supported by GitHub. This provides a perfect match for students looking to excel in their career paths, build hands-on skills, and gain industry recognition.",Diploma,1,3,Medicine/MBBS,Git,Delhi,OFFLINE,2026-07-11,N/A,N/A,0,https://education.github.com,https://education.github.com,2026-08-26,EXPIRED
397,G20 Youth Summit Innovation Challenge 2026,TCS,Innovation Challenges,"Detailed description for G20 Youth Summit Innovation Challenge 2026. Propose tech blueprints addressing renewable energy distribution. This provides a perfect match for students looking to excel in their career paths, build hands-on skills, and gain industry recognition.",Postgraduate,2,4,Biotechnology,Business Strategy,Chennai,ONLINE,2026-11-23,"Certificate + Cash prize Rs. 50,000","Certificate + Cash prize Rs. 50,000",0,https://g20.org,https://g20.org,2026-08-28,ACTIVE
398,Stanford University Knight-Hennessy Scholars - Season 20,Major League Hacking,Study Abroad,"Detailed description for Stanford University Knight-Hennessy Scholars - Season 20. Full funding for graduate degrees at Stanford University in any field. This provides a perfect match for students looking to excel in their career paths, build hands-on skills, and gain industry recognition.",Diploma,1,3,Electronics & Communication,"Leadership,Academic Writing",Remote,OFFLINE,2026-09-11,N/A,N/A,0,https://knight-hennessy.stanford.edu,https://knight-hennessy.stanford.edu,2026-08-28,ACTIVE
399,L&T Build India Scholarship - Season 20,Udemy,Scholarships,"Detailed description for L&T Build India Scholarship - Season 20. Sponsorship for M.Tech in Construction Technology at IIT Madras/Delhi. This provides a perfect match for students looking to excel in their career paths, build hands-on skills, and gain industry recognition.",Undergraduate,1,5,Commerce/B.Com,"CAD,Physics,Civil Engineering",Bangalore,ONLINE,2026-10-30,"Tuition sponsored + Stipend Rs. 15,000","Tuition sponsored + Stipend Rs. 15,000",0,https://lntecc.com,https://lntecc.com,2026-08-29,ACTIVE
400,National Talent Search Examination (NTSE) 2026,HDFC Bank,Exams,"Detailed description for National Talent Search Examination (NTSE) 2026. National scholarship exam identifying academic talent in high school. This provides a perfect match for students looking to excel in their career paths, build hands-on skills, and gain industry recognition.",Graduate,2,5,Arts/Humanities,"Problem Solving,Mathematics",Kolkata,OFFLINE,2026-07-27,N/A,N/A,0,https://ncert.nic.in,https://ncert.nic.in,2026-08-27,EXPIRED
401,Smart India Hackathon - Season 21,Udemy,Hackathons,"Detailed description for Smart India Hackathon - Season 21. National level digital product building competition solving government problems. This provides a perfect match for students looking to excel in their career paths, build hands-on skills, and gain industry recognition.",Diploma,1,5,Science/B.Sc,"React,Python,SQL",Pune,ONLINE,2026-07-29,"Rs. 1,00,000","Rs. 1,00,000",0,https://sih.gov.in,https://sih.gov.in,2026-08-28,EXPIRED
402,Google Summer of Code (GSoC) - Season 21,IIT Madras,Internships,"Detailed description for Google Summer of Code (GSoC) - Season 21. Global program matching students with open source organizations. This provides a perfect match for students looking to excel in their career paths, build hands-on skills, and gain industry recognition.",Diploma,1,3,Arts/Humanities,"Java,Git,JavaScript",Pune,HYBRID,2026-07-31,N/A,Stipend ($1500 - $3000),0,https://summerofcode.withgoogle.com,https://summerofcode.withgoogle.com,2026-08-28,EXPIRED
403,ISRO Fellowship Program 2026,Microsoft,Fellowships,"Detailed description for ISRO Fellowship Program 2026. Research fellowship for postgraduate students in aerospace, remote sensing, and computing. This provides a perfect match for students looking to excel in their career paths, build hands-on skills, and gain industry recognition.",Class 12,2,5,Computer Science,Python,Mumbai,OFFLINE,2026-09-11,"Rs. 35,000 / month","Rs. 35,000 / month",0,https://isro.gov.in,https://isro.gov.in,2026-08-28,ACTIVE
404,Kaggle ML Competition: Indian Housing - Season 21,Smart India Hackathon,Competitions,"Detailed description for Kaggle ML Competition: Indian Housing - Season 21. Solve machine learning regression challenges on public Indian dataset. This provides a perfect match for students looking to excel in their career paths, build hands-on skills, and gain industry recognition.",Diploma,2,5,Law/LLB,"Python,Machine Learning,Statistics",Mumbai,HYBRID,2026-11-11,"Prizes up to $10,000",N/A,0,https://kaggle.com,https://kaggle.com,2026-08-28,ACTIVE
405,Microsoft Learn Student Ambassador - Season 21,CERN,Ambassador Programs,"Detailed description for Microsoft Learn Student Ambassador - Season 21. Host workshops and build technical communities in your local college. This provides a perfect match for students looking to excel in their career paths, build hands-on skills, and gain industry recognition.",Postgraduate,2,5,Electronics & Communication,Communication,Hyderabad,ONLINE,2026-08-09,N/A,N/A,0,https://mvp.microsoft.com,https://mvp.microsoft.com,2026-08-27,EXPIRED
406,AWS Cloud Practitioner Certification Scholarship 2026,ACM,Certifications,"Detailed description for AWS Cloud Practitioner Certification Scholarship 2026. Voucher scholarship providing 100% exam fee discount for students. This provides a perfect match for students looking to excel in their career paths, build hands-on skills, and gain industry recognition.",Postgraduate,2,4,Mechanical Engineering,"Docker,Kubernetes,AWS",Chennai,HYBRID,2026-08-05,N/A,N/A,0,https://aws.amazon.com,https://aws.amazon.com,2026-08-25,EXPIRED
407,NITI Aayog Internship Scheme - Season 21,CERN,Internships,"Detailed description for NITI Aayog Internship Scheme - Season 21. Work on public policy research and analysis under central government experts. This provides a perfect match for students looking to excel in their career paths, build hands-on skills, and gain industry recognition.",Graduate,2,4,Computer Science,"Communication,Research Methodology",Delhi,ONLINE,2026-08-30,N/A,N/A,0,https://niti.gov.in,https://niti.gov.in,2026-08-25,EXPIRED
408,UNESCO Youth Volunteering Fellowship - Season 21,Infosys,Volunteering,"Detailed description for UNESCO Youth Volunteering Fellowship - Season 21. Volunteer for community educational and digital literacy workshops. This provides a perfect match for students looking to excel in their career paths, build hands-on skills, and gain industry recognition.",Graduate,2,3,Law/LLB,"Communication,Leadership,Social Work",Hyderabad,OFFLINE,2026-10-16,N/A,N/A,0,https://unesco.org,https://unesco.org,2026-08-27,ACTIVE
409,Study Abroad in Germany: DAAD Scholarship 2026,Udemy,Study Abroad,"Detailed description for Study Abroad in Germany: DAAD Scholarship 2026. Postgraduate full-degree funding for engineering and science graduates. This provides a perfect match for students looking to excel in their career paths, build hands-on skills, and gain industry recognition.",Diploma,2,3,Electrical Engineering,"German Language,Research Methodology",Pune,OFFLINE,2026-10-02,N/A,N/A,0,https://daad.de,https://daad.de,2026-08-25,ACTIVE
410,Startup India Seed Fund Challenge - Season 21,Microsoft,Entrepreneurship,"Detailed description for Startup India Seed Fund Challenge - Season 21. Submit startup pitch to receive incubator grants and mentorship. This provides a perfect match for students looking to excel in their career paths, build hands-on skills, and gain industry recognition.",Graduate,2,4,Commerce/B.Com,"Public Speaking,Business Strategy",Mumbai,OFFLINE,2026-08-02,Up to Rs. 20 Lakhs funding,Up to Rs. 20 Lakhs funding,0,https://startupindia.gov.in,https://startupindia.gov.in,2026-08-28,EXPIRED
411,Adobe India Women in Tech Internship - Season 21,ACM,Internships,"Detailed description for Adobe India Women in Tech Internship - Season 21. Summer internship for female engineering students in product development. This provides a perfect match for students looking to excel in their career paths, build hands-on skills, and gain industry recognition.",Undergraduate,1,5,Arts/Humanities,C++,Pune,ONLINE,2026-11-17,"Stipend Rs. 1,00,000 / month","Stipend Rs. 1,00,000 / month",0,https://adobe.com,https://adobe.com,2026-08-25,ACTIVE
412,TCS CodeVita Coding Competition 2026,Kaggle,Competitions,"Detailed description for TCS CodeVita Coding Competition 2026. Global coding contest testing algorithmic problem-solving speed. This provides a perfect match for students looking to excel in their career paths, build hands-on skills, and gain industry recognition.",Diploma,1,5,All Branches,"C++,Java,Python",Hyderabad,OFFLINE,2026-12-20,"Prizes up to $20,000 + Job interview",N/A,0,https://tcscodevita.com,https://tcscodevita.com,2026-08-25,ACTIVE
413,UN Sustainable Development Goals Workshop - Season 21,Tata Trusts,Workshops,"Detailed description for UN Sustainable Development Goals Workshop - Season 21. Five-day interactive virtual seminar on local social impact strategies. This provides a perfect match for students looking to excel in their career paths, build hands-on skills, and gain industry recognition.",Class 10,2,4,Mechanical Engineering,"Teamwork,Leadership",Pune,HYBRID,2026-12-08,N/A,N/A,0,https://sdg.un.org,https://sdg.un.org,2026-08-28,ACTIVE
414,International Conference on AI & ML (ICML India) - Season 21,Startup India,Conferences,"Detailed description for International Conference on AI & ML (ICML India) - Season 21. Global research conference featuring top papers in AI/ML advancements. This provides a perfect match for students looking to excel in their career paths, build hands-on skills, and gain industry recognition.",Postgraduate,1,3,Computer Science,"Research Methodology,Machine Learning",Remote,ONLINE,2026-07-15,N/A,N/A,"Rs. 2,000",https://icml.cc,https://icml.cc,2026-08-29,EXPIRED
415,DRDO Young Scientist Lab Project 2026,DAAD,Research,"Detailed description for DRDO Young Scientist Lab Project 2026. Participate in defense robotics and computer vision project implementation. This provides a perfect match for students looking to excel in their career paths, build hands-on skills, and gain industry recognition.",Class 12,1,4,Electrical Engineering,"Python,Machine Learning,Computer Vision",Bangalore,OFFLINE,2026-10-07,"Monthly stipend Rs. 31,000","Monthly stipend Rs. 31,000",0,https://drdo.gov.in,https://drdo.gov.in,2026-08-28,ACTIVE
416,GitHub Campus Expert Program - Season 21,Startup India,Ambassador Programs,"Detailed description for GitHub Campus Expert Program - Season 21. Learn public speaking and tech organization skills supported by GitHub. This provides a perfect match for students looking to excel in their career paths, build hands-on skills, and gain industry recognition.",Class 12,1,3,Electronics & Communication,Leadership,Bangalore,ONLINE,2026-12-03,N/A,N/A,0,https://education.github.com,https://education.github.com,2026-08-29,ACTIVE
417,G20 Youth Summit Innovation Challenge - Season 21,Smart India Hackathon,Innovation Challenges,"Detailed description for G20 Youth Summit Innovation Challenge - Season 21. Propose tech blueprints addressing renewable energy distribution. This provides a perfect match for students looking to excel in their career paths, build hands-on skills, and gain industry recognition.",Class 10,2,5,Law/LLB,"Leadership,Business Strategy",Chennai,OFFLINE,2026-12-26,"Certificate + Cash prize Rs. 50,000","Certificate + Cash prize Rs. 50,000",0,https://g20.org,https://g20.org,2026-08-27,ACTIVE
418,Stanford University Knight-Hennessy Scholars 2026,ISRO,Study Abroad,"Detailed description for Stanford University Knight-Hennessy Scholars 2026. Full funding for graduate degrees at Stanford University in any field. This provides a perfect match for students looking to excel in their career paths, build hands-on skills, and gain industry recognition.",Undergraduate,1,4,Commerce/B.Com,Research Methodology,Hyderabad,OFFLINE,2026-12-25,N/A,N/A,0,https://knight-hennessy.stanford.edu,https://knight-hennessy.stanford.edu,2026-08-26,ACTIVE
419,L&T Build India Scholarship - Season 21,Microsoft,Scholarships,"Detailed description for L&T Build India Scholarship - Season 21. Sponsorship for M.Tech in Construction Technology at IIT Madras/Delhi. This provides a perfect match for students looking to excel in their career paths, build hands-on skills, and gain industry recognition.",Class 12,2,3,Arts/Humanities,"Physics,CAD",Pune,HYBRID,2026-10-08,"Tuition sponsored + Stipend Rs. 15,000","Tuition sponsored + Stipend Rs. 15,000",0,https://lntecc.com,https://lntecc.com,2026-08-28,ACTIVE
420,National Talent Search Examination (NTSE) - Season 21,Ministry of Education,Exams,"Detailed description for National Talent Search Examination (NTSE) - Season 21. National scholarship exam identifying academic talent in high school. This provides a perfect match for students looking to excel in their career paths, build hands-on skills, and gain industry recognition.",Class 12,1,3,Arts/Humanities,Problem Solving,Remote,HYBRID,2026-12-23,N/A,N/A,0,https://ncert.nic.in,https://ncert.nic.in,2026-08-28,ACTIVE
421,Smart India Hackathon 2026,USIEF,Hackathons,"Detailed description for Smart India Hackathon 2026. National level digital product building competition solving government problems. This provides a perfect match for students looking to excel in their career paths, build hands-on skills, and gain industry recognition.",Diploma,2,4,Electronics & Communication,"SQL,React,Python",Delhi,OFFLINE,2026-12-04,"Rs. 1,00,000","Rs. 1,00,000",0,https://sih.gov.in,https://sih.gov.in,2026-08-26,ACTIVE
422,Google Summer of Code (GSoC) - Season 22,British Council,Internships,"Detailed description for Google Summer of Code (GSoC) - Season 22. Global program matching students with open source organizations. This provides a perfect match for students looking to excel in their career paths, build hands-on skills, and gain industry recognition.",Class 12,1,5,All Branches,"C++,Git,Java",Delhi,ONLINE,2026-07-27,N/A,Stipend ($1500 - $3000),0,https://summerofcode.withgoogle.com,https://summerofcode.withgoogle.com,2026-08-25,EXPIRED
423,ISRO Fellowship Program - Season 22,Smart India Hackathon,Fellowships,"Detailed description for ISRO Fellowship Program - Season 22. Research fellowship for postgraduate students in aerospace, remote sensing, and computing. This provides a perfect match for students looking to excel in their career paths, build hands-on skills, and gain industry recognition.",Class 10,2,5,Biotechnology,"Python,Research Methodology,Academic Writing",Delhi,HYBRID,2026-08-31,"Rs. 35,000 / month","Rs. 35,000 / month",0,https://isro.gov.in,https://isro.gov.in,2026-08-27,CLOSING_SOON
424,Kaggle ML Competition: Indian Housing 2026,Microsoft,Competitions,"Detailed description for Kaggle ML Competition: Indian Housing 2026. Solve machine learning regression challenges on public Indian dataset. This provides a perfect match for students looking to excel in their career paths, build hands-on skills, and gain industry recognition.",Postgraduate,1,3,Arts/Humanities,"Python,Machine Learning",Chennai,HYBRID,2026-08-11,"Prizes up to $10,000",N/A,0,https://kaggle.com,https://kaggle.com,2026-08-29,EXPIRED
425,Microsoft Learn Student Ambassador - Season 22,Infosys,Ambassador Programs,"Detailed description for Microsoft Learn Student Ambassador - Season 22. Host workshops and build technical communities in your local college. This provides a perfect match for students looking to excel in their career paths, build hands-on skills, and gain industry recognition.",Class 10,2,5,Electronics & Communication,"Public Speaking,Communication",Bangalore,OFFLINE,2026-09-24,N/A,N/A,0,https://mvp.microsoft.com,https://mvp.microsoft.com,2026-08-26,ACTIVE
426,AWS Cloud Practitioner Certification Scholarship - Season 22,Amazon,Certifications,"Detailed description for AWS Cloud Practitioner Certification Scholarship - Season 22. Voucher scholarship providing 100% exam fee discount for students. This provides a perfect match for students looking to excel in their career paths, build hands-on skills, and gain industry recognition.",Postgraduate,1,4,Commerce/B.Com,"Docker,AWS",Chennai,OFFLINE,2026-11-20,N/A,N/A,0,https://aws.amazon.com,https://aws.amazon.com,2026-08-27,ACTIVE
427,NITI Aayog Internship Scheme 2026,DRDO,Internships,"Detailed description for NITI Aayog Internship Scheme 2026. Work on public policy research and analysis under central government experts. This provides a perfect match for students looking to excel in their career paths, build hands-on skills, and gain industry recognition.",Diploma,2,4,All Branches,"Communication,Data Analytics",Remote,OFFLINE,2026-07-17,N/A,N/A,0,https://niti.gov.in,https://niti.gov.in,2026-08-28,EXPIRED
428,UNESCO Youth Volunteering Fellowship - Season 22,USIEF,Volunteering,"Detailed description for UNESCO Youth Volunteering Fellowship - Season 22. Volunteer for community educational and digital literacy workshops. This provides a perfect match for students looking to excel in their career paths, build hands-on skills, and gain industry recognition.",Class 10,2,4,Science/B.Sc,Communication,Remote,OFFLINE,2026-09-16,N/A,N/A,0,https://unesco.org,https://unesco.org,2026-08-25,ACTIVE
429,Study Abroad in Germany: DAAD Scholarship - Season 22,Google,Study Abroad,"Detailed description for Study Abroad in Germany: DAAD Scholarship - Season 22. Postgraduate full-degree funding for engineering and science graduates. This provides a perfect match for students looking to excel in their career paths, build hands-on skills, and gain industry recognition.",Undergraduate,1,4,Civil Engineering,German Language,Chennai,HYBRID,2026-10-31,N/A,N/A,0,https://daad.de,https://daad.de,2026-08-29,ACTIVE
430,Startup India Seed Fund Challenge 2026,CERN,Entrepreneurship,"Detailed description for Startup India Seed Fund Challenge 2026. Submit startup pitch to receive incubator grants and mentorship. This provides a perfect match for students looking to excel in their career paths, build hands-on skills, and gain industry recognition.",Graduate,1,4,Civil Engineering,"Business Strategy,Public Speaking,Financial Accounting",Kolkata,OFFLINE,2026-08-07,Up to Rs. 20 Lakhs funding,Up to Rs. 20 Lakhs funding,0,https://startupindia.gov.in,https://startupindia.gov.in,2026-08-27,EXPIRED
431,Adobe India Women in Tech Internship - Season 22,CERN,Internships,"Detailed description for Adobe India Women in Tech Internship - Season 22. Summer internship for female engineering students in product development. This provides a perfect match for students looking to excel in their career paths, build hands-on skills, and gain industry recognition.",Postgraduate,1,3,Law/LLB,Java,Delhi,HYBRID,2026-10-04,"Stipend Rs. 1,00,000 / month","Stipend Rs. 1,00,000 / month",0,https://adobe.com,https://adobe.com,2026-08-29,ACTIVE
432,TCS CodeVita Coding Competition - Season 22,ACM,Competitions,"Detailed description for TCS CodeVita Coding Competition - Season 22. Global coding contest testing algorithmic problem-solving speed. This provides a perfect match for students looking to excel in their career paths, build hands-on skills, and gain industry recognition.",Class 10,1,5,Medicine/MBBS,"Python,Java,Data Structures",Chennai,OFFLINE,2026-07-11,"Prizes up to $20,000 + Job interview",N/A,0,https://tcscodevita.com,https://tcscodevita.com,2026-08-27,EXPIRED
433,UN Sustainable Development Goals Workshop 2026,Google,Workshops,"Detailed description for UN Sustainable Development Goals Workshop 2026. Five-day interactive virtual seminar on local social impact strategies. This provides a perfect match for students looking to excel in their career paths, build hands-on skills, and gain industry recognition.",Undergraduate,2,4,Civil Engineering,"Teamwork,Communication,Leadership",Bangalore,OFFLINE,2026-11-01,N/A,N/A,0,https://sdg.un.org,https://sdg.un.org,2026-08-26,ACTIVE
434,International Conference on AI & ML (ICML India) - Season 22,Kaggle,Conferences,"Detailed description for International Conference on AI & ML (ICML India) - Season 22. Global research conference featuring top papers in AI/ML advancements. This provides a perfect match for students looking to excel in their career paths, build hands-on skills, and gain industry recognition.",Class 12,1,5,Science/B.Sc,Machine Learning,Chennai,OFFLINE,2026-07-30,N/A,N/A,"Rs. 2,000",https://icml.cc,https://icml.cc,2026-08-29,EXPIRED
435,DRDO Young Scientist Lab Project - Season 22,HDFC Bank,Research,"Detailed description for DRDO Young Scientist Lab Project - Season 22. Participate in defense robotics and computer vision project implementation. This provides a perfect match for students looking to excel in their career paths, build hands-on skills, and gain industry recognition.",Diploma,2,3,Law/LLB,"C++,Computer Vision",Remote,ONLINE,2026-12-12,"Monthly stipend Rs. 31,000","Monthly stipend Rs. 31,000",0,https://drdo.gov.in,https://drdo.gov.in,2026-08-25,ACTIVE
436,GitHub Campus Expert Program 2026,Infosys,Ambassador Programs,"Detailed description for GitHub Campus Expert Program 2026. Learn public speaking and tech organization skills supported by GitHub. This provides a perfect match for students looking to excel in their career paths, build hands-on skills, and gain industry recognition.",Diploma,1,3,Electronics & Communication,Communication,Remote,OFFLINE,2026-09-02,N/A,N/A,0,https://education.github.com,https://education.github.com,2026-08-28,CLOSING_SOON
437,G20 Youth Summit Innovation Challenge - Season 22,USIEF,Innovation Challenges,"Detailed description for G20 Youth Summit Innovation Challenge - Season 22. Propose tech blueprints addressing renewable energy distribution. This provides a perfect match for students looking to excel in their career paths, build hands-on skills, and gain industry recognition.",Postgraduate,2,3,Biotechnology,"Problem Solving,Business Strategy,Leadership",Pune,OFFLINE,2026-11-07,"Certificate + Cash prize Rs. 50,000","Certificate + Cash prize Rs. 50,000",0,https://g20.org,https://g20.org,2026-08-29,ACTIVE
438,Stanford University Knight-Hennessy Scholars - Season 22,Tata Trusts,Study Abroad,"Detailed description for Stanford University Knight-Hennessy Scholars - Season 22. Full funding for graduate degrees at Stanford University in any field. This provides a perfect match for students looking to excel in their career paths, build hands-on skills, and gain industry recognition.",Undergraduate,1,5,Arts/Humanities,"Academic Writing,Research Methodology,Leadership",Hyderabad,OFFLINE,2026-08-03,N/A,N/A,0,https://knight-hennessy.stanford.edu,https://knight-hennessy.stanford.edu,2026-08-25,EXPIRED
439,L&T Build India Scholarship 2026,IEEE,Scholarships,"Detailed description for L&T Build India Scholarship 2026. Sponsorship for M.Tech in Construction Technology at IIT Madras/Delhi. This provides a perfect match for students looking to excel in their career paths, build hands-on skills, and gain industry recognition.",Graduate,1,3,Electronics & Communication,"CAD,Civil Engineering,Physics",Mumbai,ONLINE,2026-11-29,"Tuition sponsored + Stipend Rs. 15,000","Tuition sponsored + Stipend Rs. 15,000",0,https://lntecc.com,https://lntecc.com,2026-08-29,ACTIVE
440,National Talent Search Examination (NTSE) - Season 22,Google,Exams,"Detailed description for National Talent Search Examination (NTSE) - Season 22. National scholarship exam identifying academic talent in high school. This provides a perfect match for students looking to excel in their career paths, build hands-on skills, and gain industry recognition.",Undergraduate,2,5,Computer Science,"Mathematics,Problem Solving",Bangalore,OFFLINE,2026-10-11,N/A,N/A,0,https://ncert.nic.in,https://ncert.nic.in,2026-08-25,ACTIVE
441,Smart India Hackathon - Season 23,IIT Bombay,Hackathons,"Detailed description for Smart India Hackathon - Season 23. National level digital product building competition solving government problems. This provides a perfect match for students looking to excel in their career paths, build hands-on skills, and gain industry recognition.",Class 12,1,4,Law/LLB,"SQL,Python",Hyderabad,OFFLINE,2026-08-16,"Rs. 1,00,000","Rs. 1,00,000",0,https://sih.gov.in,https://sih.gov.in,2026-08-25,EXPIRED
442,Google Summer of Code (GSoC) 2026,Amazon,Internships,"Detailed description for Google Summer of Code (GSoC) 2026. Global program matching students with open source organizations. This provides a perfect match for students looking to excel in their career paths, build hands-on skills, and gain industry recognition.",Class 10,1,5,Civil Engineering,C++,Kolkata,ONLINE,2026-11-17,N/A,Stipend ($1500 - $3000),0,https://summerofcode.withgoogle.com,https://summerofcode.withgoogle.com,2026-08-28,ACTIVE
443,ISRO Fellowship Program - Season 23,Smart India Hackathon,Fellowships,"Detailed description for ISRO Fellowship Program - Season 23. Research fellowship for postgraduate students in aerospace, remote sensing, and computing. This provides a perfect match for students looking to excel in their career paths, build hands-on skills, and gain industry recognition.",Undergraduate,1,3,Arts/Humanities,Python,Mumbai,OFFLINE,2026-10-01,"Rs. 35,000 / month","Rs. 35,000 / month",0,https://isro.gov.in,https://isro.gov.in,2026-08-27,ACTIVE
444,Kaggle ML Competition: Indian Housing - Season 23,DAAD,Competitions,"Detailed description for Kaggle ML Competition: Indian Housing - Season 23. Solve machine learning regression challenges on public Indian dataset. This provides a perfect match for students looking to excel in their career paths, build hands-on skills, and gain industry recognition.",Postgraduate,1,4,Mechanical Engineering,"Python,Statistics,Machine Learning",Kolkata,OFFLINE,2026-12-04,"Prizes up to $10,000",N/A,0,https://kaggle.com,https://kaggle.com,2026-08-27,ACTIVE
445,Microsoft Learn Student Ambassador 2026,Infosys,Ambassador Programs,"Detailed description for Microsoft Learn Student Ambassador 2026. Host workshops and build technical communities in your local college. This provides a perfect match for students looking to excel in their career paths, build hands-on skills, and gain industry recognition.",Diploma,2,5,Civil Engineering,"Public Speaking,Leadership,Communication",Chennai,ONLINE,2026-09-09,N/A,N/A,0,https://mvp.microsoft.com,https://mvp.microsoft.com,2026-08-28,ACTIVE
446,AWS Cloud Practitioner Certification Scholarship - Season 23,IIT Madras,Certifications,"Detailed description for AWS Cloud Practitioner Certification Scholarship - Season 23. Voucher scholarship providing 100% exam fee discount for students. This provides a perfect match for students looking to excel in their career paths, build hands-on skills, and gain industry recognition.",Class 12,1,4,Mechanical Engineering,"AWS,Kubernetes",Pune,OFFLINE,2026-11-28,N/A,N/A,0,https://aws.amazon.com,https://aws.amazon.com,2026-08-25,ACTIVE
447,NITI Aayog Internship Scheme - Season 23,Smart India Hackathon,Internships,"Detailed description for NITI Aayog Internship Scheme - Season 23. Work on public policy research and analysis under central government experts. This provides a perfect match for students looking to excel in their career paths, build hands-on skills, and gain industry recognition.",Diploma,2,4,Electrical Engineering,Research Methodology,Remote,OFFLINE,2026-08-27,N/A,N/A,0,https://niti.gov.in,https://niti.gov.in,2026-08-25,EXPIRED
448,UNESCO Youth Volunteering Fellowship 2026,IIT Madras,Volunteering,"Detailed description for UNESCO Youth Volunteering Fellowship 2026. Volunteer for community educational and digital literacy workshops. This provides a perfect match for students looking to excel in their career paths, build hands-on skills, and gain industry recognition.",Diploma,1,4,Medicine/MBBS,"Social Work,Leadership,Communication",Kolkata,OFFLINE,2026-07-23,N/A,N/A,0,https://unesco.org,https://unesco.org,2026-08-25,EXPIRED
449,Study Abroad in Germany: DAAD Scholarship - Season 23,Google,Study Abroad,"Detailed description for Study Abroad in Germany: DAAD Scholarship - Season 23. Postgraduate full-degree funding for engineering and science graduates. This provides a perfect match for students looking to excel in their career paths, build hands-on skills, and gain industry recognition.",Postgraduate,2,4,Law/LLB,Research Methodology,Pune,HYBRID,2026-11-02,N/A,N/A,0,https://daad.de,https://daad.de,2026-08-26,ACTIVE
450,Startup India Seed Fund Challenge - Season 23,Kaggle,Entrepreneurship,"Detailed description for Startup India Seed Fund Challenge - Season 23. Submit startup pitch to receive incubator grants and mentorship. This provides a perfect match for students looking to excel in their career paths, build hands-on skills, and gain industry recognition.",Postgraduate,2,5,Science/B.Sc,Business Strategy,Remote,ONLINE,2026-09-30,Up to Rs. 20 Lakhs funding,Up to Rs. 20 Lakhs funding,0,https://startupindia.gov.in,https://startupindia.gov.in,2026-08-27,ACTIVE
451,Adobe India Women in Tech Internship 2026,Coursera,Internships,"Detailed description for Adobe India Women in Tech Internship 2026. Summer internship for female engineering students in product development. This provides a perfect match for students looking to excel in their career paths, build hands-on skills, and gain industry recognition.",Diploma,1,5,Law/LLB,"Algorithms,Data Structures",Delhi,HYBRID,2026-10-27,"Stipend Rs. 1,00,000 / month","Stipend Rs. 1,00,000 / month",0,https://adobe.com,https://adobe.com,2026-08-25,ACTIVE
452,TCS CodeVita Coding Competition - Season 23,Major League Hacking,Competitions,"Detailed description for TCS CodeVita Coding Competition - Season 23. Global coding contest testing algorithmic problem-solving speed. This provides a perfect match for students looking to excel in their career paths, build hands-on skills, and gain industry recognition.",Undergraduate,2,5,Arts/Humanities,"Data Structures,Java,Algorithms",Pune,OFFLINE,2026-10-17,"Prizes up to $20,000 + Job interview",N/A,0,https://tcscodevita.com,https://tcscodevita.com,2026-08-29,ACTIVE
453,UN Sustainable Development Goals Workshop - Season 23,Reliance Foundation,Workshops,"Detailed description for UN Sustainable Development Goals Workshop - Season 23. Five-day interactive virtual seminar on local social impact strategies. This provides a perfect match for students looking to excel in their career paths, build hands-on skills, and gain industry recognition.",Graduate,2,4,Computer Science,"Teamwork,Communication",Delhi,OFFLINE,2026-10-04,N/A,N/A,0,https://sdg.un.org,https://sdg.un.org,2026-08-26,ACTIVE
454,International Conference on AI & ML (ICML India) 2026,Buddy4Study,Conferences,"Detailed description for International Conference on AI & ML (ICML India) 2026. Global research conference featuring top papers in AI/ML advancements. This provides a perfect match for students looking to excel in their career paths, build hands-on skills, and gain industry recognition.",Class 10,1,4,Business/BBA,Research Methodology,Delhi,OFFLINE,2026-09-05,N/A,N/A,"Rs. 2,000",https://icml.cc,https://icml.cc,2026-08-27,CLOSING_SOON
455,DRDO Young Scientist Lab Project - Season 23,Startup India,Research,"Detailed description for DRDO Young Scientist Lab Project - Season 23. Participate in defense robotics and computer vision project implementation. This provides a perfect match for students looking to excel in their career paths, build hands-on skills, and gain industry recognition.",Class 12,1,4,Electrical Engineering,"Computer Vision,C++,Python",Pune,HYBRID,2026-10-19,"Monthly stipend Rs. 31,000","Monthly stipend Rs. 31,000",0,https://drdo.gov.in,https://drdo.gov.in,2026-08-29,ACTIVE
456,GitHub Campus Expert Program - Season 23,Amazon,Ambassador Programs,"Detailed description for GitHub Campus Expert Program - Season 23. Learn public speaking and tech organization skills supported by GitHub. This provides a perfect match for students looking to excel in their career paths, build hands-on skills, and gain industry recognition.",Postgraduate,2,4,Law/LLB,"Git,Leadership,Communication",Mumbai,OFFLINE,2026-09-12,N/A,N/A,0,https://education.github.com,https://education.github.com,2026-08-27,ACTIVE
457,G20 Youth Summit Innovation Challenge 2026,Ministry of Education,Innovation Challenges,"Detailed description for G20 Youth Summit Innovation Challenge 2026. Propose tech blueprints addressing renewable energy distribution. This provides a perfect match for students looking to excel in their career paths, build hands-on skills, and gain industry recognition.",Diploma,2,4,Civil Engineering,Business Strategy,Delhi,OFFLINE,2026-07-26,"Certificate + Cash prize Rs. 50,000","Certificate + Cash prize Rs. 50,000",0,https://g20.org,https://g20.org,2026-08-28,EXPIRED
458,Stanford University Knight-Hennessy Scholars - Season 23,Kaggle,Study Abroad,"Detailed description for Stanford University Knight-Hennessy Scholars - Season 23. Full funding for graduate degrees at Stanford University in any field. This provides a perfect match for students looking to excel in their career paths, build hands-on skills, and gain industry recognition.",Undergraduate,1,5,Arts/Humanities,Research Methodology,Mumbai,ONLINE,2026-12-11,N/A,N/A,0,https://knight-hennessy.stanford.edu,https://knight-hennessy.stanford.edu,2026-08-26,UPCOMING
459,L&T Build India Scholarship - Season 23,Major League Hacking,Scholarships,"Detailed description for L&T Build India Scholarship - Season 23. Sponsorship for M.Tech in Construction Technology at IIT Madras/Delhi. This provides a perfect match for students looking to excel in their career paths, build hands-on skills, and gain industry recognition.",Class 12,1,5,Business/BBA,Physics,Bangalore,HYBRID,2026-12-06,"Tuition sponsored + Stipend Rs. 15,000","Tuition sponsored + Stipend Rs. 15,000",0,https://lntecc.com,https://lntecc.com,2026-08-27,ACTIVE
460,National Talent Search Examination (NTSE) 2026,Google,Exams,"Detailed description for National Talent Search Examination (NTSE) 2026. National scholarship exam identifying academic talent in high school. This provides a perfect match for students looking to excel in their career paths, build hands-on skills, and gain industry recognition.",Class 12,1,4,Arts/Humanities,"Problem Solving,Mathematics",Bangalore,ONLINE,2026-12-28,N/A,N/A,0,https://ncert.nic.in,https://ncert.nic.in,2026-08-26,UPCOMING
461,Smart India Hackathon - Season 24,Buddy4Study,Hackathons,"Detailed description for Smart India Hackathon - Season 24. National level digital product building competition solving government problems. This provides a perfect match for students looking to excel in their career paths, build hands-on skills, and gain industry recognition.",Class 12,1,5,Business/BBA,React,Mumbai,HYBRID,2026-12-22,"Rs. 1,00,000","Rs. 1,00,000",0,https://sih.gov.in,https://sih.gov.in,2026-08-25,ACTIVE
462,Google Summer of Code (GSoC) - Season 24,Buddy4Study,Internships,"Detailed description for Google Summer of Code (GSoC) - Season 24. Global program matching students with open source organizations. This provides a perfect match for students looking to excel in their career paths, build hands-on skills, and gain industry recognition.",Postgraduate,2,5,Computer Science,JavaScript,Kolkata,HYBRID,2026-12-05,N/A,Stipend ($1500 - $3000),0,https://summerofcode.withgoogle.com,https://summerofcode.withgoogle.com,2026-08-29,ACTIVE
463,ISRO Fellowship Program 2026,HDFC Bank,Fellowships,"Detailed description for ISRO Fellowship Program 2026. Research fellowship for postgraduate students in aerospace, remote sensing, and computing. This provides a perfect match for students looking to excel in their career paths, build hands-on skills, and gain industry recognition.",Class 12,1,3,Civil Engineering,"Research Methodology,Python",Mumbai,OFFLINE,2026-11-06,"Rs. 35,000 / month","Rs. 35,000 / month",0,https://isro.gov.in,https://isro.gov.in,2026-08-25,ACTIVE
464,Kaggle ML Competition: Indian Housing - Season 24,CERN,Competitions,"Detailed description for Kaggle ML Competition: Indian Housing - Season 24. Solve machine learning regression challenges on public Indian dataset. This provides a perfect match for students looking to excel in their career paths, build hands-on skills, and gain industry recognition.",Class 10,2,5,Science/B.Sc,"Machine Learning,Statistics,Python",Mumbai,HYBRID,2026-12-18,"Prizes up to $10,000",N/A,0,https://kaggle.com,https://kaggle.com,2026-08-26,ACTIVE
465,Microsoft Learn Student Ambassador - Season 24,ISRO,Ambassador Programs,"Detailed description for Microsoft Learn Student Ambassador - Season 24. Host workshops and build technical communities in your local college. This provides a perfect match for students looking to excel in their career paths, build hands-on skills, and gain industry recognition.",Diploma,2,5,Electrical Engineering,"Communication,Public Speaking",Kolkata,HYBRID,2026-10-17,N/A,N/A,0,https://mvp.microsoft.com,https://mvp.microsoft.com,2026-08-26,ACTIVE
466,AWS Cloud Practitioner Certification Scholarship 2026,Kaggle,Certifications,"Detailed description for AWS Cloud Practitioner Certification Scholarship 2026. Voucher scholarship providing 100% exam fee discount for students. This provides a perfect match for students looking to excel in their career paths, build hands-on skills, and gain industry recognition.",Diploma,1,4,Science/B.Sc,"Docker,Kubernetes",Hyderabad,HYBRID,2026-10-03,N/A,N/A,0,https://aws.amazon.com,https://aws.amazon.com,2026-08-29,ACTIVE
467,NITI Aayog Internship Scheme - Season 24,Udemy,Internships,"Detailed description for NITI Aayog Internship Scheme - Season 24. Work on public policy research and analysis under central government experts. This provides a perfect match for students looking to excel in their career paths, build hands-on skills, and gain industry recognition.",Graduate,2,5,Mechanical Engineering,"Communication,Data Analytics,Research Methodology",Pune,HYBRID,2026-10-26,N/A,N/A,0,https://niti.gov.in,https://niti.gov.in,2026-08-29,ACTIVE
468,UNESCO Youth Volunteering Fellowship - Season 24,UNESCO,Volunteering,"Detailed description for UNESCO Youth Volunteering Fellowship - Season 24. Volunteer for community educational and digital literacy workshops. This provides a perfect match for students looking to excel in their career paths, build hands-on skills, and gain industry recognition.",Undergraduate,1,5,Law/LLB,"Communication,Social Work,Leadership",Bangalore,ONLINE,2026-08-29,N/A,N/A,0,https://unesco.org,https://unesco.org,2026-08-27,EXPIRED
469,Study Abroad in Germany: DAAD Scholarship 2026,GitHub,Study Abroad,"Detailed description for Study Abroad in Germany: DAAD Scholarship 2026. Postgraduate full-degree funding for engineering and science graduates. This provides a perfect match for students looking to excel in their career paths, build hands-on skills, and gain industry recognition.",Postgraduate,2,4,All Branches,"Research Methodology,German Language",Hyderabad,OFFLINE,2026-10-30,N/A,N/A,0,https://daad.de,https://daad.de,2026-08-25,ACTIVE
470,Startup India Seed Fund Challenge - Season 24,UNESCO,Entrepreneurship,"Detailed description for Startup India Seed Fund Challenge - Season 24. Submit startup pitch to receive incubator grants and mentorship. This provides a perfect match for students looking to excel in their career paths, build hands-on skills, and gain industry recognition.",Graduate,1,3,Civil Engineering,Financial Accounting,Mumbai,OFFLINE,2026-12-07,Up to Rs. 20 Lakhs funding,Up to Rs. 20 Lakhs funding,0,https://startupindia.gov.in,https://startupindia.gov.in,2026-08-29,UPCOMING
471,Adobe India Women in Tech Internship - Season 24,British Council,Internships,"Detailed description for Adobe India Women in Tech Internship - Season 24. Summer internship for female engineering students in product development. This provides a perfect match for students looking to excel in their career paths, build hands-on skills, and gain industry recognition.",Graduate,1,5,Electronics & Communication,"Data Structures,Algorithms,C++",Remote,ONLINE,2026-11-14,"Stipend Rs. 1,00,000 / month","Stipend Rs. 1,00,000 / month",0,https://adobe.com,https://adobe.com,2026-08-26,ACTIVE
472,TCS CodeVita Coding Competition 2026,UNESCO,Competitions,"Detailed description for TCS CodeVita Coding Competition 2026. Global coding contest testing algorithmic problem-solving speed. This provides a perfect match for students looking to excel in their career paths, build hands-on skills, and gain industry recognition.",Postgraduate,1,4,Science/B.Sc,"Java,C++",Delhi,ONLINE,2026-07-11,"Prizes up to $20,000 + Job interview",N/A,0,https://tcscodevita.com,https://tcscodevita.com,2026-08-27,EXPIRED
473,UN Sustainable Development Goals Workshop - Season 24,Buddy4Study,Workshops,"Detailed description for UN Sustainable Development Goals Workshop - Season 24. Five-day interactive virtual seminar on local social impact strategies. This provides a perfect match for students looking to excel in their career paths, build hands-on skills, and gain industry recognition.",Class 12,2,5,Biotechnology,Leadership,Pune,OFFLINE,2026-07-18,N/A,N/A,0,https://sdg.un.org,https://sdg.un.org,2026-08-27,EXPIRED
474,International Conference on AI & ML (ICML India) - Season 24,Amazon,Conferences,"Detailed description for International Conference on AI & ML (ICML India) - Season 24. Global research conference featuring top papers in AI/ML advancements. This provides a perfect match for students looking to excel in their career paths, build hands-on skills, and gain industry recognition.",Undergraduate,1,3,Law/LLB,"Research Methodology,Deep Learning",Chennai,HYBRID,2026-10-17,N/A,N/A,"Rs. 2,000",https://icml.cc,https://icml.cc,2026-08-25,ACTIVE
475,DRDO Young Scientist Lab Project 2026,Smart India Hackathon,Research,"Detailed description for DRDO Young Scientist Lab Project 2026. Participate in defense robotics and computer vision project implementation. This provides a perfect match for students looking to excel in their career paths, build hands-on skills, and gain industry recognition.",Diploma,1,3,Science/B.Sc,Computer Vision,Mumbai,HYBRID,2026-12-15,"Monthly stipend Rs. 31,000","Monthly stipend Rs. 31,000",0,https://drdo.gov.in,https://drdo.gov.in,2026-08-26,ACTIVE
476,GitHub Campus Expert Program - Season 24,Startup India,Ambassador Programs,"Detailed description for GitHub Campus Expert Program - Season 24. Learn public speaking and tech organization skills supported by GitHub. This provides a perfect match for students looking to excel in their career paths, build hands-on skills, and gain industry recognition.",Graduate,1,3,Biotechnology,"Leadership,Communication,Git",Pune,OFFLINE,2026-11-01,N/A,N/A,0,https://education.github.com,https://education.github.com,2026-08-26,ACTIVE
477,G20 Youth Summit Innovation Challenge - Season 24,Ministry of Education,Innovation Challenges,"Detailed description for G20 Youth Summit Innovation Challenge - Season 24. Propose tech blueprints addressing renewable energy distribution. This provides a perfect match for students looking to excel in their career paths, build hands-on skills, and gain industry recognition.",Postgraduate,1,3,Electrical Engineering,"Leadership,Problem Solving,Business Strategy",Pune,ONLINE,2026-12-08,"Certificate + Cash prize Rs. 50,000","Certificate + Cash prize Rs. 50,000",0,https://g20.org,https://g20.org,2026-08-28,UPCOMING
478,Stanford University Knight-Hennessy Scholars 2026,Smart India Hackathon,Study Abroad,"Detailed description for Stanford University Knight-Hennessy Scholars 2026. Full funding for graduate degrees at Stanford University in any field. This provides a perfect match for students looking to excel in their career paths, build hands-on skills, and gain industry recognition.",Class 12,1,4,Business/BBA,"Research Methodology,Academic Writing,Leadership",Hyderabad,OFFLINE,2026-08-11,N/A,N/A,0,https://knight-hennessy.stanford.edu,https://knight-hennessy.stanford.edu,2026-08-26,EXPIRED
479,L&T Build India Scholarship - Season 24,GitHub,Scholarships,"Detailed description for L&T Build India Scholarship - Season 24. Sponsorship for M.Tech in Construction Technology at IIT Madras/Delhi. This provides a perfect match for students looking to excel in their career paths, build hands-on skills, and gain industry recognition.",Class 10,1,3,Civil Engineering,"Civil Engineering,CAD,Physics",Kolkata,OFFLINE,2026-10-28,"Tuition sponsored + Stipend Rs. 15,000","Tuition sponsored + Stipend Rs. 15,000",0,https://lntecc.com,https://lntecc.com,2026-08-28,ACTIVE
480,National Talent Search Examination (NTSE) - Season 24,Udemy,Exams,"Detailed description for National Talent Search Examination (NTSE) - Season 24. National scholarship exam identifying academic talent in high school. This provides a perfect match for students looking to excel in their career paths, build hands-on skills, and gain industry recognition.",Postgraduate,1,4,All Branches,"Mathematics,Problem Solving",Kolkata,OFFLINE,2026-07-12,N/A,N/A,0,https://ncert.nic.in,https://ncert.nic.in,2026-08-29,EXPIRED
481,Smart India Hackathon 2026,Kaggle,Hackathons,"Detailed description for Smart India Hackathon 2026. National level digital product building competition solving government problems. This provides a perfect match for students looking to excel in their career paths, build hands-on skills, and gain industry recognition.",Diploma,2,5,Business/BBA,"Python,SQL",Remote,ONLINE,2026-08-29,"Rs. 1,00,000","Rs. 1,00,000",0,https://sih.gov.in,https://sih.gov.in,2026-08-26,EXPIRED
482,Google Summer of Code (GSoC) - Season 25,Udemy,Internships,"Detailed description for Google Summer of Code (GSoC) - Season 25. Global program matching students with open source organizations. This provides a perfect match for students looking to excel in their career paths, build hands-on skills, and gain industry recognition.",Undergraduate,1,5,Civil Engineering,C++,Remote,OFFLINE,2026-09-04,N/A,Stipend ($1500 - $3000),0,https://summerofcode.withgoogle.com,https://summerofcode.withgoogle.com,2026-08-26,CLOSING_SOON
483,ISRO Fellowship Program - Season 25,Microsoft,Fellowships,"Detailed description for ISRO Fellowship Program - Season 25. Research fellowship for postgraduate students in aerospace, remote sensing, and computing. This provides a perfect match for students looking to excel in their career paths, build hands-on skills, and gain industry recognition.",Postgraduate,2,5,Biotechnology,"Academic Writing,Python",Chennai,HYBRID,2026-11-14,"Rs. 35,000 / month","Rs. 35,000 / month",0,https://isro.gov.in,https://isro.gov.in,2026-08-29,ACTIVE
484,Kaggle ML Competition: Indian Housing 2026,Microsoft,Competitions,"Detailed description for Kaggle ML Competition: Indian Housing 2026. Solve machine learning regression challenges on public Indian dataset. This provides a perfect match for students looking to excel in their career paths, build hands-on skills, and gain industry recognition.",Graduate,1,3,Biotechnology,"Statistics,Machine Learning",Mumbai,ONLINE,2026-08-27,"Prizes up to $10,000",N/A,0,https://kaggle.com,https://kaggle.com,2026-08-25,EXPIRED
485,Microsoft Learn Student Ambassador - Season 25,DAAD,Ambassador Programs,"Detailed description for Microsoft Learn Student Ambassador - Season 25. Host workshops and build technical communities in your local college. This provides a perfect match for students looking to excel in their career paths, build hands-on skills, and gain industry recognition.",Graduate,2,4,All Branches,"Communication,Leadership,Public Speaking",Mumbai,ONLINE,2026-08-26,N/A,N/A,0,https://mvp.microsoft.com,https://mvp.microsoft.com,2026-08-28,EXPIRED
486,AWS Cloud Practitioner Certification Scholarship - Season 25,Tata Trusts,Certifications,"Detailed description for AWS Cloud Practitioner Certification Scholarship - Season 25. Voucher scholarship providing 100% exam fee discount for students. This provides a perfect match for students looking to excel in their career paths, build hands-on skills, and gain industry recognition.",Class 10,2,5,Computer Science,"Docker,Kubernetes,AWS",Mumbai,HYBRID,2026-12-27,N/A,N/A,0,https://aws.amazon.com,https://aws.amazon.com,2026-08-28,ACTIVE
487,NITI Aayog Internship Scheme 2026,Google,Internships,"Detailed description for NITI Aayog Internship Scheme 2026. Work on public policy research and analysis under central government experts. This provides a perfect match for students looking to excel in their career paths, build hands-on skills, and gain industry recognition.",Diploma,2,3,Business/BBA,"Communication,Data Analytics",Pune,ONLINE,2026-08-06,N/A,N/A,0,https://niti.gov.in,https://niti.gov.in,2026-08-25,EXPIRED
488,UNESCO Youth Volunteering Fellowship - Season 25,IIT Madras,Volunteering,"Detailed description for UNESCO Youth Volunteering Fellowship - Season 25. Volunteer for community educational and digital literacy workshops. This provides a perfect match for students looking to excel in their career paths, build hands-on skills, and gain industry recognition.",Class 12,2,3,Biotechnology,Leadership,Mumbai,OFFLINE,2026-10-20,N/A,N/A,0,https://unesco.org,https://unesco.org,2026-08-27,ACTIVE
489,Study Abroad in Germany: DAAD Scholarship - Season 25,ACM,Study Abroad,"Detailed description for Study Abroad in Germany: DAAD Scholarship - Season 25. Postgraduate full-degree funding for engineering and science graduates. This provides a perfect match for students looking to excel in their career paths, build hands-on skills, and gain industry recognition.",Graduate,1,3,Electrical Engineering,"German Language,Research Methodology",Chennai,HYBRID,2026-10-07,N/A,N/A,0,https://daad.de,https://daad.de,2026-08-29,ACTIVE
490,Startup India Seed Fund Challenge 2026,ISRO,Entrepreneurship,"Detailed description for Startup India Seed Fund Challenge 2026. Submit startup pitch to receive incubator grants and mentorship. This provides a perfect match for students looking to excel in their career paths, build hands-on skills, and gain industry recognition.",Diploma,1,3,Electrical Engineering,"Financial Accounting,Business Strategy,Public Speaking",Bangalore,HYBRID,2026-08-11,Up to Rs. 20 Lakhs funding,Up to Rs. 20 Lakhs funding,0,https://startupindia.gov.in,https://startupindia.gov.in,2026-08-29,EXPIRED
491,Adobe India Women in Tech Internship - Season 25,Reliance Foundation,Internships,"Detailed description for Adobe India Women in Tech Internship - Season 25. Summer internship for female engineering students in product development. This provides a perfect match for students looking to excel in their career paths, build hands-on skills, and gain industry recognition.",Class 10,1,4,Business/BBA,"Java,Algorithms,C++",Hyderabad,ONLINE,2026-11-17,"Stipend Rs. 1,00,000 / month","Stipend Rs. 1,00,000 / month",0,https://adobe.com,https://adobe.com,2026-08-27,ACTIVE
492,TCS CodeVita Coding Competition - Season 25,ACM,Competitions,"Detailed description for TCS CodeVita Coding Competition - Season 25. Global coding contest testing algorithmic problem-solving speed. This provides a perfect match for students looking to excel in their career paths, build hands-on skills, and gain industry recognition.",Graduate,1,5,Electronics & Communication,Python,Remote,ONLINE,2026-12-22,"Prizes up to $20,000 + Job interview",N/A,0,https://tcscodevita.com,https://tcscodevita.com,2026-08-25,UPCOMING
493,UN Sustainable Development Goals Workshop 2026,DRDO,Workshops,"Detailed description for UN Sustainable Development Goals Workshop 2026. Five-day interactive virtual seminar on local social impact strategies. This provides a perfect match for students looking to excel in their career paths, build hands-on skills, and gain industry recognition.",Undergraduate,2,5,Science/B.Sc,Leadership,Chennai,HYBRID,2026-07-24,N/A,N/A,0,https://sdg.un.org,https://sdg.un.org,2026-08-29,EXPIRED
494,International Conference on AI & ML (ICML India) - Season 25,Reliance Foundation,Conferences,"Detailed description for International Conference on AI & ML (ICML India) - Season 25. Global research conference featuring top papers in AI/ML advancements. This provides a perfect match for students looking to excel in their career paths, build hands-on skills, and gain industry recognition.",Postgraduate,2,3,Law/LLB,"Deep Learning,Research Methodology",Bangalore,ONLINE,2026-07-24,N/A,N/A,"Rs. 2,000",https://icml.cc,https://icml.cc,2026-08-26,EXPIRED
495,DRDO Young Scientist Lab Project - Season 25,Infosys,Research,"Detailed description for DRDO Young Scientist Lab Project - Season 25. Participate in defense robotics and computer vision project implementation. This provides a perfect match for students looking to excel in their career paths, build hands-on skills, and gain industry recognition.",Undergraduate,1,5,Law/LLB,"Computer Vision,C++",Kolkata,ONLINE,2026-08-07,"Monthly stipend Rs. 31,000","Monthly stipend Rs. 31,000",0,https://drdo.gov.in,https://drdo.gov.in,2026-08-27,EXPIRED
496,GitHub Campus Expert Program 2026,UNESCO,Ambassador Programs,"Detailed description for GitHub Campus Expert Program 2026. Learn public speaking and tech organization skills supported by GitHub. This provides a perfect match for students looking to excel in their career paths, build hands-on skills, and gain industry recognition.",Graduate,1,4,Medicine/MBBS,"Git,Leadership",Chennai,HYBRID,2026-09-01,N/A,N/A,0,https://education.github.com,https://education.github.com,2026-08-27,CLOSING_SOON
497,G20 Youth Summit Innovation Challenge - Season 25,UNESCO,Innovation Challenges,"Detailed description for G20 Youth Summit Innovation Challenge - Season 25. Propose tech blueprints addressing renewable energy distribution. This provides a perfect match for students looking to excel in their career paths, build hands-on skills, and gain industry recognition.",Postgraduate,2,5,Science/B.Sc,"Problem Solving,Business Strategy,Leadership",Chennai,ONLINE,2026-08-03,"Certificate + Cash prize Rs. 50,000","Certificate + Cash prize Rs. 50,000",0,https://g20.org,https://g20.org,2026-08-29,EXPIRED
498,Stanford University Knight-Hennessy Scholars - Season 25,Udemy,Study Abroad,"Detailed description for Stanford University Knight-Hennessy Scholars - Season 25. Full funding for graduate degrees at Stanford University in any field. This provides a perfect match for students looking to excel in their career paths, build hands-on skills, and gain industry recognition.",Diploma,2,5,Biotechnology,"Academic Writing,Leadership",Kolkata,ONLINE,2026-09-23,N/A,N/A,0,https://knight-hennessy.stanford.edu,https://knight-hennessy.stanford.edu,2026-08-28,ACTIVE
499,L&T Build India Scholarship 2026,Buddy4Study,Scholarships,"Detailed description for L&T Build India Scholarship 2026. Sponsorship for M.Tech in Construction Technology at IIT Madras/Delhi. This provides a perfect match for students looking to excel in their career paths, build hands-on skills, and gain industry recognition.",Undergraduate,1,3,Commerce/B.Com,"CAD,Civil Engineering",Delhi,HYBRID,2026-09-21,"Tuition sponsored + Stipend Rs. 15,000","Tuition sponsored + Stipend Rs. 15,000",0,https://lntecc.com,https://lntecc.com,2026-08-26,ACTIVE
500,National Talent Search Examination (NTSE) - Season 25,IIT Madras,Exams,"Detailed description for National Talent Search Examination (NTSE) - Season 25. National scholarship exam identifying academic talent in high school. This provides a perfect match for students looking to excel in their career paths, build hands-on skills, and gain industry recognition.",Postgraduate,1,4,Biotechnology,"Mathematics,Problem Solving",Pune,OFFLINE,2026-09-08,N/A,N/A,0,https://ncert.nic.in,https://ncert.nic.in,2026-08-25,ACTIVE
501,Smart India Hackathon - Season 26,TCS,Hackathons,"Detailed description for Smart India Hackathon - Season 26. National level digital product building competition solving government problems. This provides a perfect match for students looking to excel in their career paths, build hands-on skills, and gain industry recognition.",Class 12,1,4,All Branches,"React,Python,SQL",Mumbai,OFFLINE,2026-10-15,"Rs. 1,00,000","Rs. 1,00,000",0,https://sih.gov.in,https://sih.gov.in,2026-08-25,ACTIVE
502,Google Summer of Code (GSoC) 2026,Ministry of Education,Internships,"Detailed description for Google Summer of Code (GSoC) 2026. Global program matching students with open source organizations. This provides a perfect match for students looking to excel in their career paths, build hands-on skills, and gain industry recognition.",Diploma,2,4,Electronics & Communication,"Java,Git",Chennai,HYBRID,2026-10-11,N/A,Stipend ($1500 - $3000),0,https://summerofcode.withgoogle.com,https://summerofcode.withgoogle.com,2026-08-28,ACTIVE
503,ISRO Fellowship Program - Season 26,Tata Trusts,Fellowships,"Detailed description for ISRO Fellowship Program - Season 26. Research fellowship for postgraduate students in aerospace, remote sensing, and computing. This provides a perfect match for students looking to excel in their career paths, build hands-on skills, and gain industry recognition.",Postgraduate,2,4,Business/BBA,"Python,Academic Writing,Research Methodology",Chennai,HYBRID,2026-07-28,"Rs. 35,000 / month","Rs. 35,000 / month",0,https://isro.gov.in,https://isro.gov.in,2026-08-28,EXPIRED
504,Kaggle ML Competition: Indian Housing - Season 26,Google,Competitions,"Detailed description for Kaggle ML Competition: Indian Housing - Season 26. Solve machine learning regression challenges on public Indian dataset. This provides a perfect match for students looking to excel in their career paths, build hands-on skills, and gain industry recognition.",Undergraduate,1,3,Computer Science,"Machine Learning,Statistics",Pune,ONLINE,2026-11-21,"Prizes up to $10,000",N/A,0,https://kaggle.com,https://kaggle.com,2026-08-29,ACTIVE
505,Microsoft Learn Student Ambassador 2026,TCS,Ambassador Programs,"Detailed description for Microsoft Learn Student Ambassador 2026. Host workshops and build technical communities in your local college. This provides a perfect match for students looking to excel in their career paths, build hands-on skills, and gain industry recognition.",Class 10,2,4,Arts/Humanities,"Communication,Leadership,Public Speaking",Delhi,OFFLINE,2026-09-09,N/A,N/A,0,https://mvp.microsoft.com,https://mvp.microsoft.com,2026-08-29,ACTIVE
506,AWS Cloud Practitioner Certification Scholarship - Season 26,ACM,Certifications,"Detailed description for AWS Cloud Practitioner Certification Scholarship - Season 26. Voucher scholarship providing 100% exam fee discount for students. This provides a perfect match for students looking to excel in their career paths, build hands-on skills, and gain industry recognition.",Undergraduate,1,4,Law/LLB,"AWS,Kubernetes,Docker",Hyderabad,HYBRID,2026-09-28,N/A,N/A,0,https://aws.amazon.com,https://aws.amazon.com,2026-08-25,ACTIVE
507,NITI Aayog Internship Scheme - Season 26,DRDO,Internships,"Detailed description for NITI Aayog Internship Scheme - Season 26. Work on public policy research and analysis under central government experts. This provides a perfect match for students looking to excel in their career paths, build hands-on skills, and gain industry recognition.",Class 12,2,3,Medicine/MBBS,"Data Analytics,Communication",Remote,ONLINE,2026-09-06,N/A,N/A,0,https://niti.gov.in,https://niti.gov.in,2026-08-26,CLOSING_SOON
508,UNESCO Youth Volunteering Fellowship 2026,DRDO,Volunteering,"Detailed description for UNESCO Youth Volunteering Fellowship 2026. Volunteer for community educational and digital literacy workshops. This provides a perfect match for students looking to excel in their career paths, build hands-on skills, and gain industry recognition.",Graduate,2,3,Science/B.Sc,"Communication,Social Work,Leadership",Bangalore,ONLINE,2026-09-11,N/A,N/A,0,https://unesco.org,https://unesco.org,2026-08-27,ACTIVE
509,Study Abroad in Germany: DAAD Scholarship - Season 26,British Council,Study Abroad,"Detailed description for Study Abroad in Germany: DAAD Scholarship - Season 26. Postgraduate full-degree funding for engineering and science graduates. This provides a perfect match for students looking to excel in their career paths, build hands-on skills, and gain industry recognition.",Class 10,2,4,Medicine/MBBS,Research Methodology,Delhi,OFFLINE,2026-08-21,N/A,N/A,0,https://daad.de,https://daad.de,2026-08-25,EXPIRED
510,Startup India Seed Fund Challenge - Season 26,GitHub,Entrepreneurship,"Detailed description for Startup India Seed Fund Challenge - Season 26. Submit startup pitch to receive incubator grants and mentorship. This provides a perfect match for students looking to excel in their career paths, build hands-on skills, and gain industry recognition.",Postgraduate,1,4,Electrical Engineering,"Public Speaking,Financial Accounting,Business Strategy",Bangalore,ONLINE,2026-11-29,Up to Rs. 20 Lakhs funding,Up to Rs. 20 Lakhs funding,0,https://startupindia.gov.in,https://startupindia.gov.in,2026-08-27,ACTIVE
511,Adobe India Women in Tech Internship 2026,Smart India Hackathon,Internships,"Detailed description for Adobe India Women in Tech Internship 2026. Summer internship for female engineering students in product development. This provides a perfect match for students looking to excel in their career paths, build hands-on skills, and gain industry recognition.",Diploma,1,3,Electronics & Communication,"Algorithms,Java,Data Structures",Bangalore,OFFLINE,2026-10-08,"Stipend Rs. 1,00,000 / month","Stipend Rs. 1,00,000 / month",0,https://adobe.com,https://adobe.com,2026-08-26,ACTIVE
512,TCS CodeVita Coding Competition - Season 26,ACM,Competitions,"Detailed description for TCS CodeVita Coding Competition - Season 26. Global coding contest testing algorithmic problem-solving speed. This provides a perfect match for students looking to excel in their career paths, build hands-on skills, and gain industry recognition.",Class 12,1,4,Law/LLB,"Algorithms,C++,Data Structures",Bangalore,OFFLINE,2026-08-10,"Prizes up to $20,000 + Job interview",N/A,0,https://tcscodevita.com,https://tcscodevita.com,2026-08-26,EXPIRED
513,UN Sustainable Development Goals Workshop - Season 26,Tata Trusts,Workshops,"Detailed description for UN Sustainable Development Goals Workshop - Season 26. Five-day interactive virtual seminar on local social impact strategies. This provides a perfect match for students looking to excel in their career paths, build hands-on skills, and gain industry recognition.",Class 10,1,5,Computer Science,Leadership,Chennai,OFFLINE,2026-09-25,N/A,N/A,0,https://sdg.un.org,https://sdg.un.org,2026-08-26,ACTIVE
514,International Conference on AI & ML (ICML India) 2026,ACM,Conferences,"Detailed description for International Conference on AI & ML (ICML India) 2026. Global research conference featuring top papers in AI/ML advancements. This provides a perfect match for students looking to excel in their career paths, build hands-on skills, and gain industry recognition.",Class 12,1,3,Electronics & Communication,Deep Learning,Delhi,OFFLINE,2026-09-09,N/A,N/A,"Rs. 2,000",https://icml.cc,https://icml.cc,2026-08-27,ACTIVE
515,DRDO Young Scientist Lab Project - Season 26,AICTE,Research,"Detailed description for DRDO Young Scientist Lab Project - Season 26. Participate in defense robotics and computer vision project implementation. This provides a perfect match for students looking to excel in their career paths, build hands-on skills, and gain industry recognition.",Class 12,2,5,Commerce/B.Com,"Computer Vision,C++",Delhi,ONLINE,2026-09-02,"Monthly stipend Rs. 31,000","Monthly stipend Rs. 31,000",0,https://drdo.gov.in,https://drdo.gov.in,2026-08-29,CLOSING_SOON
516,GitHub Campus Expert Program - Season 26,ISRO,Ambassador Programs,"Detailed description for GitHub Campus Expert Program - Season 26. Learn public speaking and tech organization skills supported by GitHub. This provides a perfect match for students looking to excel in their career paths, build hands-on skills, and gain industry recognition.",Graduate,1,4,Business/BBA,"Git,Communication",Pune,HYBRID,2026-12-06,N/A,N/A,0,https://education.github.com,https://education.github.com,2026-08-27,UPCOMING
517,G20 Youth Summit Innovation Challenge 2026,IEEE,Innovation Challenges,"Detailed description for G20 Youth Summit Innovation Challenge 2026. Propose tech blueprints addressing renewable energy distribution. This provides a perfect match for students looking to excel in their career paths, build hands-on skills, and gain industry recognition.",Undergraduate,2,4,Science/B.Sc,"Leadership,Business Strategy",Delhi,OFFLINE,2026-08-15,"Certificate + Cash prize Rs. 50,000","Certificate + Cash prize Rs. 50,000",0,https://g20.org,https://g20.org,2026-08-26,EXPIRED
518,Stanford University Knight-Hennessy Scholars - Season 26,IEEE,Study Abroad,"Detailed description for Stanford University Knight-Hennessy Scholars - Season 26. Full funding for graduate degrees at Stanford University in any field. This provides a perfect match for students looking to excel in their career paths, build hands-on skills, and gain industry recognition.",Class 12,1,5,Electrical Engineering,Leadership,Bangalore,ONLINE,2026-09-16,N/A,N/A,0,https://knight-hennessy.stanford.edu,https://knight-hennessy.stanford.edu,2026-08-28,ACTIVE
519,L&T Build India Scholarship - Season 26,IIT Madras,Scholarships,"Detailed description for L&T Build India Scholarship - Season 26. Sponsorship for M.Tech in Construction Technology at IIT Madras/Delhi. This provides a perfect match for students looking to excel in their career paths, build hands-on skills, and gain industry recognition.",Postgraduate,1,4,Business/BBA,Physics,Chennai,OFFLINE,2026-12-18,"Tuition sponsored + Stipend Rs. 15,000","Tuition sponsored + Stipend Rs. 15,000",0,https://lntecc.com,https://lntecc.com,2026-08-26,UPCOMING
520,National Talent Search Examination (NTSE) 2026,UNESCO,Exams,"Detailed description for National Talent Search Examination (NTSE) 2026. National scholarship exam identifying academic talent in high school. This provides a perfect match for students looking to excel in their career paths, build hands-on skills, and gain industry recognition.",Diploma,2,5,Medicine/MBBS,"Problem Solving,Mathematics",Delhi,HYBRID,2026-09-30,N/A,N/A,0,https://ncert.nic.in,https://ncert.nic.in,2026-08-29,ACTIVE
521,Smart India Hackathon - Season 27,Coursera,Hackathons,"Detailed description for Smart India Hackathon - Season 27. National level digital product building competition solving government problems. This provides a perfect match for students looking to excel in their career paths, build hands-on skills, and gain industry recognition.",Diploma,1,4,All Branches,"SQL,React,Python",Pune,ONLINE,2026-12-05,"Rs. 1,00,000","Rs. 1,00,000",0,https://sih.gov.in,https://sih.gov.in,2026-08-25,ACTIVE
522,Google Summer of Code (GSoC) - Season 27,ISRO,Internships,"Detailed description for Google Summer of Code (GSoC) - Season 27. Global program matching students with open source organizations. This provides a perfect match for students looking to excel in their career paths, build hands-on skills, and gain industry recognition.",Postgraduate,1,3,Business/BBA,"C++,Git,Python",Bangalore,ONLINE,2026-10-26,N/A,Stipend ($1500 - $3000),0,https://summerofcode.withgoogle.com,https://summerofcode.withgoogle.com,2026-08-28,ACTIVE
523,ISRO Fellowship Program 2026,Reliance Foundation,Fellowships,"Detailed description for ISRO Fellowship Program 2026. Research fellowship for postgraduate students in aerospace, remote sensing, and computing. This provides a perfect match for students looking to excel in their career paths, build hands-on skills, and gain industry recognition.",Class 12,2,4,Computer Science,"Research Methodology,Academic Writing,Python",Kolkata,HYBRID,2026-10-26,"Rs. 35,000 / month","Rs. 35,000 / month",0,https://isro.gov.in,https://isro.gov.in,2026-08-27,ACTIVE
524,Kaggle ML Competition: Indian Housing - Season 27,Ministry of Education,Competitions,"Detailed description for Kaggle ML Competition: Indian Housing - Season 27. Solve machine learning regression challenges on public Indian dataset. This provides a perfect match for students looking to excel in their career paths, build hands-on skills, and gain industry recognition.",Undergraduate,2,3,Civil Engineering,"Statistics,Python",Delhi,ONLINE,2026-12-05,"Prizes up to $10,000",N/A,0,https://kaggle.com,https://kaggle.com,2026-08-25,ACTIVE
525,Microsoft Learn Student Ambassador - Season 27,Coursera,Ambassador Programs,"Detailed description for Microsoft Learn Student Ambassador - Season 27. Host workshops and build technical communities in your local college. This provides a perfect match for students looking to excel in their career paths, build hands-on skills, and gain industry recognition.",Class 10,2,5,Arts/Humanities,"Leadership,Communication",Pune,HYBRID,2026-07-11,N/A,N/A,0,https://mvp.microsoft.com,https://mvp.microsoft.com,2026-08-28,EXPIRED
526,AWS Cloud Practitioner Certification Scholarship 2026,Google,Certifications,"Detailed description for AWS Cloud Practitioner Certification Scholarship 2026. Voucher scholarship providing 100% exam fee discount for students. This provides a perfect match for students looking to excel in their career paths, build hands-on skills, and gain industry recognition.",Diploma,2,5,Science/B.Sc,Kubernetes,Bangalore,HYBRID,2026-12-19,N/A,N/A,0,https://aws.amazon.com,https://aws.amazon.com,2026-08-25,ACTIVE
527,NITI Aayog Internship Scheme - Season 27,GitHub,Internships,"Detailed description for NITI Aayog Internship Scheme - Season 27. Work on public policy research and analysis under central government experts. This provides a perfect match for students looking to excel in their career paths, build hands-on skills, and gain industry recognition.",Class 10,2,4,All Branches,"Data Analytics,Communication",Pune,OFFLINE,2026-09-03,N/A,N/A,0,https://niti.gov.in,https://niti.gov.in,2026-08-29,CLOSING_SOON
528,UNESCO Youth Volunteering Fellowship - Season 27,TCS,Volunteering,"Detailed description for UNESCO Youth Volunteering Fellowship - Season 27. Volunteer for community educational and digital literacy workshops. This provides a perfect match for students looking to excel in their career paths, build hands-on skills, and gain industry recognition.",Undergraduate,2,5,Law/LLB,"Communication,Social Work,Leadership",Pune,HYBRID,2026-12-12,N/A,N/A,0,https://unesco.org,https://unesco.org,2026-08-26,UPCOMING
529,Study Abroad in Germany: DAAD Scholarship 2026,Startup India,Study Abroad,"Detailed description for Study Abroad in Germany: DAAD Scholarship 2026. Postgraduate full-degree funding for engineering and science graduates. This provides a perfect match for students looking to excel in their career paths, build hands-on skills, and gain industry recognition.",Postgraduate,1,3,Commerce/B.Com,"German Language,Research Methodology",Remote,OFFLINE,2026-09-15,N/A,N/A,0,https://daad.de,https://daad.de,2026-08-29,ACTIVE
530,Startup India Seed Fund Challenge - Season 27,Infosys,Entrepreneurship,"Detailed description for Startup India Seed Fund Challenge - Season 27. Submit startup pitch to receive incubator grants and mentorship. This provides a perfect match for students looking to excel in their career paths, build hands-on skills, and gain industry recognition.",Graduate,2,5,Business/BBA,"Public Speaking,Financial Accounting,Business Strategy",Delhi,ONLINE,2026-10-23,Up to Rs. 20 Lakhs funding,Up to Rs. 20 Lakhs funding,0,https://startupindia.gov.in,https://startupindia.gov.in,2026-08-27,ACTIVE
531,Adobe India Women in Tech Internship - Season 27,IIT Madras,Internships,"Detailed description for Adobe India Women in Tech Internship - Season 27. Summer internship for female engineering students in product development. This provides a perfect match for students looking to excel in their career paths, build hands-on skills, and gain industry recognition.",Class 10,2,4,Science/B.Sc,"C++,Java,Algorithms",Chennai,OFFLINE,2026-07-24,"Stipend Rs. 1,00,000 / month","Stipend Rs. 1,00,000 / month",0,https://adobe.com,https://adobe.com,2026-08-25,EXPIRED
532,TCS CodeVita Coding Competition 2026,UNESCO,Competitions,"Detailed description for TCS CodeVita Coding Competition 2026. Global coding contest testing algorithmic problem-solving speed. This provides a perfect match for students looking to excel in their career paths, build hands-on skills, and gain industry recognition.",Diploma,1,4,Law/LLB,"C++,Java,Data Structures",Hyderabad,HYBRID,2026-11-17,"Prizes up to $20,000 + Job interview",N/A,0,https://tcscodevita.com,https://tcscodevita.com,2026-08-29,ACTIVE
533,UN Sustainable Development Goals Workshop - Season 27,Startup India,Workshops,"Detailed description for UN Sustainable Development Goals Workshop - Season 27. Five-day interactive virtual seminar on local social impact strategies. This provides a perfect match for students looking to excel in their career paths, build hands-on skills, and gain industry recognition.",Class 10,1,3,Commerce/B.Com,"Leadership,Communication",Chennai,ONLINE,2026-10-31,N/A,N/A,0,https://sdg.un.org,https://sdg.un.org,2026-08-28,ACTIVE
534,International Conference on AI & ML (ICML India) - Season 27,Startup India,Conferences,"Detailed description for International Conference on AI & ML (ICML India) - Season 27. Global research conference featuring top papers in AI/ML advancements. This provides a perfect match for students looking to excel in their career paths, build hands-on skills, and gain industry recognition.",Class 12,2,3,Business/BBA,Research Methodology,Pune,OFFLINE,2026-10-14,N/A,N/A,"Rs. 2,000",https://icml.cc,https://icml.cc,2026-08-29,ACTIVE
535,DRDO Young Scientist Lab Project 2026,Smart India Hackathon,Research,"Detailed description for DRDO Young Scientist Lab Project 2026. Participate in defense robotics and computer vision project implementation. This provides a perfect match for students looking to excel in their career paths, build hands-on skills, and gain industry recognition.",Graduate,2,4,Business/BBA,C++,Kolkata,ONLINE,2026-11-17,"Monthly stipend Rs. 31,000","Monthly stipend Rs. 31,000",0,https://drdo.gov.in,https://drdo.gov.in,2026-08-29,ACTIVE
536,GitHub Campus Expert Program - Season 27,IIT Bombay,Ambassador Programs,"Detailed description for GitHub Campus Expert Program - Season 27. Learn public speaking and tech organization skills supported by GitHub. This provides a perfect match for students looking to excel in their career paths, build hands-on skills, and gain industry recognition.",Undergraduate,2,3,Electrical Engineering,"Communication,Git",Remote,OFFLINE,2026-08-21,N/A,N/A,0,https://education.github.com,https://education.github.com,2026-08-25,EXPIRED
537,G20 Youth Summit Innovation Challenge - Season 27,DAAD,Innovation Challenges,"Detailed description for G20 Youth Summit Innovation Challenge - Season 27. Propose tech blueprints addressing renewable energy distribution. This provides a perfect match for students looking to excel in their career paths, build hands-on skills, and gain industry recognition.",Class 10,2,5,Business/BBA,"Problem Solving,Leadership",Hyderabad,HYBRID,2026-09-09,"Certificate + Cash prize Rs. 50,000","Certificate + Cash prize Rs. 50,000",0,https://g20.org,https://g20.org,2026-08-27,ACTIVE
538,Stanford University Knight-Hennessy Scholars 2026,Amazon,Study Abroad,"Detailed description for Stanford University Knight-Hennessy Scholars 2026. Full funding for graduate degrees at Stanford University in any field. This provides a perfect match for students looking to excel in their career paths, build hands-on skills, and gain industry recognition.",Diploma,2,4,Commerce/B.Com,"Academic Writing,Leadership",Pune,ONLINE,2026-09-18,N/A,N/A,0,https://knight-hennessy.stanford.edu,https://knight-hennessy.stanford.edu,2026-08-29,ACTIVE
539,L&T Build India Scholarship - Season 27,NITI Aayog,Scholarships,"Detailed description for L&T Build India Scholarship - Season 27. Sponsorship for M.Tech in Construction Technology at IIT Madras/Delhi. This provides a perfect match for students looking to excel in their career paths, build hands-on skills, and gain industry recognition.",Diploma,2,5,Civil Engineering,"Physics,Civil Engineering",Kolkata,ONLINE,2026-11-03,"Tuition sponsored + Stipend Rs. 15,000","Tuition sponsored + Stipend Rs. 15,000",0,https://lntecc.com,https://lntecc.com,2026-08-27,ACTIVE
540,National Talent Search Examination (NTSE) - Season 27,Tata Trusts,Exams,"Detailed description for National Talent Search Examination (NTSE) - Season 27. National scholarship exam identifying academic talent in high school. This provides a perfect match for students looking to excel in their career paths, build hands-on skills, and gain industry recognition.",Diploma,1,5,Computer Science,"Mathematics,Problem Solving",Remote,OFFLINE,2026-09-09,N/A,N/A,0,https://ncert.nic.in,https://ncert.nic.in,2026-08-29,ACTIVE
541,Smart India Hackathon 2026,Smart India Hackathon,Hackathons,"Detailed description for Smart India Hackathon 2026. National level digital product building competition solving government problems. This provides a perfect match for students looking to excel in their career paths, build hands-on skills, and gain industry recognition.",Class 10,2,4,Computer Science,"Python,SQL,React",Delhi,OFFLINE,2026-11-10,"Rs. 1,00,000","Rs. 1,00,000",0,https://sih.gov.in,https://sih.gov.in,2026-08-25,ACTIVE
542,Google Summer of Code (GSoC) - Season 28,DAAD,Internships,"Detailed description for Google Summer of Code (GSoC) - Season 28. Global program matching students with open source organizations. This provides a perfect match for students looking to excel in their career paths, build hands-on skills, and gain industry recognition.",Diploma,1,4,Law/LLB,"JavaScript,Java,C++",Delhi,HYBRID,2026-11-05,N/A,Stipend ($1500 - $3000),0,https://summerofcode.withgoogle.com,https://summerofcode.withgoogle.com,2026-08-29,ACTIVE
543,ISRO Fellowship Program - Season 28,IEEE,Fellowships,"Detailed description for ISRO Fellowship Program - Season 28. Research fellowship for postgraduate students in aerospace, remote sensing, and computing. This provides a perfect match for students looking to excel in their career paths, build hands-on skills, and gain industry recognition.",Diploma,1,5,Biotechnology,Academic Writing,Pune,ONLINE,2026-12-15,"Rs. 35,000 / month","Rs. 35,000 / month",0,https://isro.gov.in,https://isro.gov.in,2026-08-26,ACTIVE
544,Kaggle ML Competition: Indian Housing 2026,Microsoft,Competitions,"Detailed description for Kaggle ML Competition: Indian Housing 2026. Solve machine learning regression challenges on public Indian dataset. This provides a perfect match for students looking to excel in their career paths, build hands-on skills, and gain industry recognition.",Undergraduate,2,3,Computer Science,"Statistics,Machine Learning,Python",Hyderabad,HYBRID,2026-10-21,"Prizes up to $10,000",N/A,0,https://kaggle.com,https://kaggle.com,2026-08-26,ACTIVE
545,Microsoft Learn Student Ambassador - Season 28,Reliance Foundation,Ambassador Programs,"Detailed description for Microsoft Learn Student Ambassador - Season 28. Host workshops and build technical communities in your local college. This provides a perfect match for students looking to excel in their career paths, build hands-on skills, and gain industry recognition.",Undergraduate,2,5,All Branches,Public Speaking,Kolkata,OFFLINE,2026-07-28,N/A,N/A,0,https://mvp.microsoft.com,https://mvp.microsoft.com,2026-08-28,EXPIRED
546,AWS Cloud Practitioner Certification Scholarship - Season 28,DAAD,Certifications,"Detailed description for AWS Cloud Practitioner Certification Scholarship - Season 28. Voucher scholarship providing 100% exam fee discount for students. This provides a perfect match for students looking to excel in their career paths, build hands-on skills, and gain industry recognition.",Undergraduate,2,4,All Branches,AWS,Chennai,OFFLINE,2026-09-14,N/A,N/A,0,https://aws.amazon.com,https://aws.amazon.com,2026-08-27,ACTIVE
547,NITI Aayog Internship Scheme 2026,IIT Madras,Internships,"Detailed description for NITI Aayog Internship Scheme 2026. Work on public policy research and analysis under central government experts. This provides a perfect match for students looking to excel in their career paths, build hands-on skills, and gain industry recognition.",Postgraduate,2,4,Civil Engineering,"Communication,Data Analytics,Research Methodology",Kolkata,OFFLINE,2026-11-18,N/A,N/A,0,https://niti.gov.in,https://niti.gov.in,2026-08-27,ACTIVE
548,UNESCO Youth Volunteering Fellowship - Season 28,CERN,Volunteering,"Detailed description for UNESCO Youth Volunteering Fellowship - Season 28. Volunteer for community educational and digital literacy workshops. This provides a perfect match for students looking to excel in their career paths, build hands-on skills, and gain industry recognition.",Undergraduate,1,4,Mechanical Engineering,"Social Work,Communication",Pune,OFFLINE,2026-12-22,N/A,N/A,0,https://unesco.org,https://unesco.org,2026-08-27,UPCOMING
549,Study Abroad in Germany: DAAD Scholarship - Season 28,HDFC Bank,Study Abroad,"Detailed description for Study Abroad in Germany: DAAD Scholarship - Season 28. Postgraduate full-degree funding for engineering and science graduates. This provides a perfect match for students looking to excel in their career paths, build hands-on skills, and gain industry recognition.",Undergraduate,1,3,Mechanical Engineering,German Language,Mumbai,ONLINE,2026-07-21,N/A,N/A,0,https://daad.de,https://daad.de,2026-08-27,EXPIRED
550,Startup India Seed Fund Challenge 2026,Microsoft,Entrepreneurship,"Detailed description for Startup India Seed Fund Challenge 2026. Submit startup pitch to receive incubator grants and mentorship. This provides a perfect match for students looking to excel in their career paths, build hands-on skills, and gain industry recognition.",Undergraduate,1,3,Science/B.Sc,Financial Accounting,Chennai,ONLINE,2026-08-10,Up to Rs. 20 Lakhs funding,Up to Rs. 20 Lakhs funding,0,https://startupindia.gov.in,https://startupindia.gov.in,2026-08-28,EXPIRED
551,Adobe India Women in Tech Internship - Season 28,HDFC Bank,Internships,"Detailed description for Adobe India Women in Tech Internship - Season 28. Summer internship for female engineering students in product development. This provides a perfect match for students looking to excel in their career paths, build hands-on skills, and gain industry recognition.",Diploma,2,4,Biotechnology,"C++,Java,Algorithms",Kolkata,HYBRID,2026-08-15,"Stipend Rs. 1,00,000 / month","Stipend Rs. 1,00,000 / month",0,https://adobe.com,https://adobe.com,2026-08-26,EXPIRED
552,TCS CodeVita Coding Competition - Season 28,ISRO,Competitions,"Detailed description for TCS CodeVita Coding Competition - Season 28. Global coding contest testing algorithmic problem-solving speed. This provides a perfect match for students looking to excel in their career paths, build hands-on skills, and gain industry recognition.",Postgraduate,2,3,Biotechnology,"Java,Algorithms,Data Structures",Bangalore,ONLINE,2026-10-23,"Prizes up to $20,000 + Job interview",N/A,0,https://tcscodevita.com,https://tcscodevita.com,2026-08-26,ACTIVE
553,UN Sustainable Development Goals Workshop 2026,IIT Madras,Workshops,"Detailed description for UN Sustainable Development Goals Workshop 2026. Five-day interactive virtual seminar on local social impact strategies. This provides a perfect match for students looking to excel in their career paths, build hands-on skills, and gain industry recognition.",Diploma,2,4,Mechanical Engineering,"Leadership,Communication,Teamwork",Mumbai,OFFLINE,2026-09-17,N/A,N/A,0,https://sdg.un.org,https://sdg.un.org,2026-08-25,ACTIVE
554,International Conference on AI & ML (ICML India) - Season 28,Kaggle,Conferences,"Detailed description for International Conference on AI & ML (ICML India) - Season 28. Global research conference featuring top papers in AI/ML advancements. This provides a perfect match for students looking to excel in their career paths, build hands-on skills, and gain industry recognition.",Diploma,2,5,Biotechnology,Research Methodology,Kolkata,HYBRID,2026-12-01,N/A,N/A,"Rs. 2,000",https://icml.cc,https://icml.cc,2026-08-28,UPCOMING
555,DRDO Young Scientist Lab Project - Season 28,Kaggle,Research,"Detailed description for DRDO Young Scientist Lab Project - Season 28. Participate in defense robotics and computer vision project implementation. This provides a perfect match for students looking to excel in their career paths, build hands-on skills, and gain industry recognition.",Class 10,1,5,Biotechnology,Computer Vision,Chennai,ONLINE,2026-09-03,"Monthly stipend Rs. 31,000","Monthly stipend Rs. 31,000",0,https://drdo.gov.in,https://drdo.gov.in,2026-08-26,CLOSING_SOON
556,GitHub Campus Expert Program 2026,Ministry of Education,Ambassador Programs,"Detailed description for GitHub Campus Expert Program 2026. Learn public speaking and tech organization skills supported by GitHub. This provides a perfect match for students looking to excel in their career paths, build hands-on skills, and gain industry recognition.",Graduate,2,3,Electronics & Communication,Git,Pune,HYBRID,2026-12-11,N/A,N/A,0,https://education.github.com,https://education.github.com,2026-08-28,ACTIVE
557,G20 Youth Summit Innovation Challenge - Season 28,TCS,Innovation Challenges,"Detailed description for G20 Youth Summit Innovation Challenge - Season 28. Propose tech blueprints addressing renewable energy distribution. This provides a perfect match for students looking to excel in their career paths, build hands-on skills, and gain industry recognition.",Graduate,1,4,Computer Science,"Business Strategy,Problem Solving,Leadership",Chennai,ONLINE,2026-08-25,"Certificate + Cash prize Rs. 50,000","Certificate + Cash prize Rs. 50,000",0,https://g20.org,https://g20.org,2026-08-25,EXPIRED
558,Stanford University Knight-Hennessy Scholars - Season 28,Tata Trusts,Study Abroad,"Detailed description for Stanford University Knight-Hennessy Scholars - Season 28. Full funding for graduate degrees at Stanford University in any field. This provides a perfect match for students looking to excel in their career paths, build hands-on skills, and gain industry recognition.",Class 12,1,3,Electrical Engineering,Research Methodology,Chennai,HYBRID,2026-07-14,N/A,N/A,0,https://knight-hennessy.stanford.edu,https://knight-hennessy.stanford.edu,2026-08-29,EXPIRED
559,L&T Build India Scholarship 2026,UNESCO,Scholarships,"Detailed description for L&T Build India Scholarship 2026. Sponsorship for M.Tech in Construction Technology at IIT Madras/Delhi. This provides a perfect match for students looking to excel in their career paths, build hands-on skills, and gain industry recognition.",Class 12,1,4,Civil Engineering,CAD,Mumbai,ONLINE,2026-08-05,"Tuition sponsored + Stipend Rs. 15,000","Tuition sponsored + Stipend Rs. 15,000",0,https://lntecc.com,https://lntecc.com,2026-08-28,EXPIRED
560,National Talent Search Examination (NTSE) - Season 28,ACM,Exams,"Detailed description for National Talent Search Examination (NTSE) - Season 28. National scholarship exam identifying academic talent in high school. This provides a perfect match for students looking to excel in their career paths, build hands-on skills, and gain industry recognition.",Class 12,2,3,Biotechnology,Problem Solving,Remote,ONLINE,2026-08-20,N/A,N/A,0,https://ncert.nic.in,https://ncert.nic.in,2026-08-27,EXPIRED
561,Smart India Hackathon - Season 29,ISRO,Hackathons,"Detailed description for Smart India Hackathon - Season 29. National level digital product building competition solving government problems. This provides a perfect match for students looking to excel in their career paths, build hands-on skills, and gain industry recognition.",Undergraduate,2,4,Civil Engineering,"React,SQL",Mumbai,OFFLINE,2026-10-08,"Rs. 1,00,000","Rs. 1,00,000",0,https://sih.gov.in,https://sih.gov.in,2026-08-27,ACTIVE
562,Google Summer of Code (GSoC) 2026,IEEE,Internships,"Detailed description for Google Summer of Code (GSoC) 2026. Global program matching students with open source organizations. This provides a perfect match for students looking to excel in their career paths, build hands-on skills, and gain industry recognition.",Class 10,1,4,Computer Science,"C++,JavaScript",Delhi,ONLINE,2026-09-28,N/A,Stipend ($1500 - $3000),0,https://summerofcode.withgoogle.com,https://summerofcode.withgoogle.com,2026-08-26,ACTIVE
563,ISRO Fellowship Program - Season 29,TCS,Fellowships,"Detailed description for ISRO Fellowship Program - Season 29. Research fellowship for postgraduate students in aerospace, remote sensing, and computing. This provides a perfect match for students looking to excel in their career paths, build hands-on skills, and gain industry recognition.",Diploma,1,3,Commerce/B.Com,Research Methodology,Delhi,OFFLINE,2026-12-03,"Rs. 35,000 / month","Rs. 35,000 / month",0,https://isro.gov.in,https://isro.gov.in,2026-08-29,ACTIVE
564,Kaggle ML Competition: Indian Housing - Season 29,Microsoft,Competitions,"Detailed description for Kaggle ML Competition: Indian Housing - Season 29. Solve machine learning regression challenges on public Indian dataset. This provides a perfect match for students looking to excel in their career paths, build hands-on skills, and gain industry recognition.",Diploma,1,3,Civil Engineering,Statistics,Delhi,OFFLINE,2026-08-14,"Prizes up to $10,000",N/A,0,https://kaggle.com,https://kaggle.com,2026-08-29,EXPIRED
565,Microsoft Learn Student Ambassador 2026,Amazon,Ambassador Programs,"Detailed description for Microsoft Learn Student Ambassador 2026. Host workshops and build technical communities in your local college. This provides a perfect match for students looking to excel in their career paths, build hands-on skills, and gain industry recognition.",Undergraduate,2,4,Biotechnology,"Communication,Public Speaking,Leadership",Mumbai,HYBRID,2026-10-09,N/A,N/A,0,https://mvp.microsoft.com,https://mvp.microsoft.com,2026-08-28,ACTIVE
566,AWS Cloud Practitioner Certification Scholarship - Season 29,IIT Madras,Certifications,"Detailed description for AWS Cloud Practitioner Certification Scholarship - Season 29. Voucher scholarship providing 100% exam fee discount for students. This provides a perfect match for students looking to excel in their career paths, build hands-on skills, and gain industry recognition.",Class 12,1,4,Science/B.Sc,"Kubernetes,AWS,Docker",Kolkata,HYBRID,2026-08-04,N/A,N/A,0,https://aws.amazon.com,https://aws.amazon.com,2026-08-27,EXPIRED
567,NITI Aayog Internship Scheme - Season 29,USIEF,Internships,"Detailed description for NITI Aayog Internship Scheme - Season 29. Work on public policy research and analysis under central government experts. This provides a perfect match for students looking to excel in their career paths, build hands-on skills, and gain industry recognition.",Class 12,1,5,Commerce/B.Com,Data Analytics,Hyderabad,HYBRID,2026-07-31,N/A,N/A,0,https://niti.gov.in,https://niti.gov.in,2026-08-26,EXPIRED
568,UNESCO Youth Volunteering Fellowship 2026,DRDO,Volunteering,"Detailed description for UNESCO Youth Volunteering Fellowship 2026. Volunteer for community educational and digital literacy workshops. This provides a perfect match for students looking to excel in their career paths, build hands-on skills, and gain industry recognition.",Graduate,2,4,Mechanical Engineering,"Leadership,Communication",Bangalore,HYBRID,2026-12-20,N/A,N/A,0,https://unesco.org,https://unesco.org,2026-08-26,UPCOMING
569,Study Abroad in Germany: DAAD Scholarship - Season 29,Tata Trusts,Study Abroad,"Detailed description for Study Abroad in Germany: DAAD Scholarship - Season 29. Postgraduate full-degree funding for engineering and science graduates. This provides a perfect match for students looking to excel in their career paths, build hands-on skills, and gain industry recognition.",Class 12,2,5,All Branches,Research Methodology,Remote,OFFLINE,2026-10-17,N/A,N/A,0,https://daad.de,https://daad.de,2026-08-29,ACTIVE
570,Startup India Seed Fund Challenge - Season 29,DRDO,Entrepreneurship,"Detailed description for Startup India Seed Fund Challenge - Season 29. Submit startup pitch to receive incubator grants and mentorship. This provides a perfect match for students looking to excel in their career paths, build hands-on skills, and gain industry recognition.",Class 12,1,5,Commerce/B.Com,"Public Speaking,Financial Accounting",Chennai,HYBRID,2026-07-28,Up to Rs. 20 Lakhs funding,Up to Rs. 20 Lakhs funding,0,https://startupindia.gov.in,https://startupindia.gov.in,2026-08-26,EXPIRED
571,Adobe India Women in Tech Internship 2026,Infosys,Internships,"Detailed description for Adobe India Women in Tech Internship 2026. Summer internship for female engineering students in product development. This provides a perfect match for students looking to excel in their career paths, build hands-on skills, and gain industry recognition.",Postgraduate,2,5,Civil Engineering,"C++,Algorithms,Java",Chennai,OFFLINE,2026-12-12,"Stipend Rs. 1,00,000 / month","Stipend Rs. 1,00,000 / month",0,https://adobe.com,https://adobe.com,2026-08-27,ACTIVE
572,TCS CodeVita Coding Competition - Season 29,DRDO,Competitions,"Detailed description for TCS CodeVita Coding Competition - Season 29. Global coding contest testing algorithmic problem-solving speed. This provides a perfect match for students looking to excel in their career paths, build hands-on skills, and gain industry recognition.",Class 10,1,3,Civil Engineering,"Java,Python",Delhi,ONLINE,2026-08-18,"Prizes up to $20,000 + Job interview",N/A,0,https://tcscodevita.com,https://tcscodevita.com,2026-08-29,EXPIRED
573,UN Sustainable Development Goals Workshop - Season 29,Buddy4Study,Workshops,"Detailed description for UN Sustainable Development Goals Workshop - Season 29. Five-day interactive virtual seminar on local social impact strategies. This provides a perfect match for students looking to excel in their career paths, build hands-on skills, and gain industry recognition.",Class 10,2,5,Business/BBA,"Teamwork,Communication",Chennai,HYBRID,2026-12-03,N/A,N/A,0,https://sdg.un.org,https://sdg.un.org,2026-08-29,ACTIVE
574,International Conference on AI & ML (ICML India) 2026,Tata Trusts,Conferences,"Detailed description for International Conference on AI & ML (ICML India) 2026. Global research conference featuring top papers in AI/ML advancements. This provides a perfect match for students looking to excel in their career paths, build hands-on skills, and gain industry recognition.",Postgraduate,2,3,Computer Science,Research Methodology,Kolkata,OFFLINE,2026-09-03,N/A,N/A,"Rs. 2,000",https://icml.cc,https://icml.cc,2026-08-26,CLOSING_SOON
575,DRDO Young Scientist Lab Project - Season 29,Amazon,Research,"Detailed description for DRDO Young Scientist Lab Project - Season 29. Participate in defense robotics and computer vision project implementation. This provides a perfect match for students looking to excel in their career paths, build hands-on skills, and gain industry recognition.",Graduate,2,3,Arts/Humanities,Machine Learning,Mumbai,HYBRID,2026-10-30,"Monthly stipend Rs. 31,000","Monthly stipend Rs. 31,000",0,https://drdo.gov.in,https://drdo.gov.in,2026-08-26,ACTIVE
576,GitHub Campus Expert Program - Season 29,Coursera,Ambassador Programs,"Detailed description for GitHub Campus Expert Program - Season 29. Learn public speaking and tech organization skills supported by GitHub. This provides a perfect match for students looking to excel in their career paths, build hands-on skills, and gain industry recognition.",Undergraduate,2,4,Science/B.Sc,Communication,Bangalore,OFFLINE,2026-10-18,N/A,N/A,0,https://education.github.com,https://education.github.com,2026-08-27,ACTIVE
577,G20 Youth Summit Innovation Challenge 2026,Kaggle,Innovation Challenges,"Detailed description for G20 Youth Summit Innovation Challenge 2026. Propose tech blueprints addressing renewable energy distribution. This provides a perfect match for students looking to excel in their career paths, build hands-on skills, and gain industry recognition.",Diploma,1,3,Mechanical Engineering,"Problem Solving,Leadership",Remote,OFFLINE,2026-12-06,"Certificate + Cash prize Rs. 50,000","Certificate + Cash prize Rs. 50,000",0,https://g20.org,https://g20.org,2026-08-29,ACTIVE
578,Stanford University Knight-Hennessy Scholars - Season 29,Infosys,Study Abroad,"Detailed description for Stanford University Knight-Hennessy Scholars - Season 29. Full funding for graduate degrees at Stanford University in any field. This provides a perfect match for students looking to excel in their career paths, build hands-on skills, and gain industry recognition.",Class 12,1,4,Arts/Humanities,"Research Methodology,Academic Writing,Leadership",Chennai,OFFLINE,2026-10-06,N/A,N/A,0,https://knight-hennessy.stanford.edu,https://knight-hennessy.stanford.edu,2026-08-26,ACTIVE
579,L&T Build India Scholarship - Season 29,Smart India Hackathon,Scholarships,"Detailed description for L&T Build India Scholarship - Season 29. Sponsorship for M.Tech in Construction Technology at IIT Madras/Delhi. This provides a perfect match for students looking to excel in their career paths, build hands-on skills, and gain industry recognition.",Undergraduate,2,3,Electronics & Communication,Civil Engineering,Pune,ONLINE,2026-08-15,"Tuition sponsored + Stipend Rs. 15,000","Tuition sponsored + Stipend Rs. 15,000",0,https://lntecc.com,https://lntecc.com,2026-08-28,EXPIRED
580,National Talent Search Examination (NTSE) 2026,TCS,Exams,"Detailed description for National Talent Search Examination (NTSE) 2026. National scholarship exam identifying academic talent in high school. This provides a perfect match for students looking to excel in their career paths, build hands-on skills, and gain industry recognition.",Class 12,2,4,Commerce/B.Com,"Mathematics,Problem Solving",Chennai,HYBRID,2026-10-13,N/A,N/A,0,https://ncert.nic.in,https://ncert.nic.in,2026-08-27,ACTIVE
581,Smart India Hackathon - Season 30,DRDO,Hackathons,"Detailed description for Smart India Hackathon - Season 30. National level digital product building competition solving government problems. This provides a perfect match for students looking to excel in their career paths, build hands-on skills, and gain industry recognition.",Undergraduate,1,5,All Branches,React,Mumbai,HYBRID,2026-09-22,"Rs. 1,00,000","Rs. 1,00,000",0,https://sih.gov.in,https://sih.gov.in,2026-08-25,ACTIVE
582,Google Summer of Code (GSoC) - Season 30,British Council,Internships,"Detailed description for Google Summer of Code (GSoC) - Season 30. Global program matching students with open source organizations. This provides a perfect match for students looking to excel in their career paths, build hands-on skills, and gain industry recognition.",Graduate,2,5,Science/B.Sc,"Git,JavaScript,Python",Remote,OFFLINE,2026-08-29,N/A,Stipend ($1500 - $3000),0,https://summerofcode.withgoogle.com,https://summerofcode.withgoogle.com,2026-08-29,EXPIRED
583,ISRO Fellowship Program 2026,Microsoft,Fellowships,"Detailed description for ISRO Fellowship Program 2026. Research fellowship for postgraduate students in aerospace, remote sensing, and computing. This provides a perfect match for students looking to excel in their career paths, build hands-on skills, and gain industry recognition.",Graduate,1,4,Arts/Humanities,"Academic Writing,Python,Research Methodology",Hyderabad,OFFLINE,2026-10-04,"Rs. 35,000 / month","Rs. 35,000 / month",0,https://isro.gov.in,https://isro.gov.in,2026-08-29,ACTIVE
584,Kaggle ML Competition: Indian Housing - Season 30,Microsoft,Competitions,"Detailed description for Kaggle ML Competition: Indian Housing - Season 30. Solve machine learning regression challenges on public Indian dataset. This provides a perfect match for students looking to excel in their career paths, build hands-on skills, and gain industry recognition.",Undergraduate,1,3,Law/LLB,"Python,Statistics",Delhi,OFFLINE,2026-11-07,"Prizes up to $10,000",N/A,0,https://kaggle.com,https://kaggle.com,2026-08-26,ACTIVE
585,Microsoft Learn Student Ambassador - Season 30,Amazon,Ambassador Programs,"Detailed description for Microsoft Learn Student Ambassador - Season 30. Host workshops and build technical communities in your local college. This provides a perfect match for students looking to excel in their career paths, build hands-on skills, and gain industry recognition.",Postgraduate,2,3,Electronics & Communication,"Leadership,Communication,Public Speaking",Hyderabad,OFFLINE,2026-12-19,N/A,N/A,0,https://mvp.microsoft.com,https://mvp.microsoft.com,2026-08-25,ACTIVE
586,AWS Cloud Practitioner Certification Scholarship 2026,Major League Hacking,Certifications,"Detailed description for AWS Cloud Practitioner Certification Scholarship 2026. Voucher scholarship providing 100% exam fee discount for students. This provides a perfect match for students looking to excel in their career paths, build hands-on skills, and gain industry recognition.",Undergraduate,2,3,Arts/Humanities,AWS,Kolkata,OFFLINE,2026-11-27,N/A,N/A,0,https://aws.amazon.com,https://aws.amazon.com,2026-08-25,ACTIVE
587,NITI Aayog Internship Scheme - Season 30,Infosys,Internships,"Detailed description for NITI Aayog Internship Scheme - Season 30. Work on public policy research and analysis under central government experts. This provides a perfect match for students looking to excel in their career paths, build hands-on skills, and gain industry recognition.",Postgraduate,2,5,Commerce/B.Com,Data Analytics,Delhi,OFFLINE,2026-09-03,N/A,N/A,0,https://niti.gov.in,https://niti.gov.in,2026-08-25,CLOSING_SOON
588,UNESCO Youth Volunteering Fellowship - Season 30,GitHub,Volunteering,"Detailed description for UNESCO Youth Volunteering Fellowship - Season 30. Volunteer for community educational and digital literacy workshops. This provides a perfect match for students looking to excel in their career paths, build hands-on skills, and gain industry recognition.",Postgraduate,2,5,All Branches,"Social Work,Communication",Remote,HYBRID,2026-10-15,N/A,N/A,0,https://unesco.org,https://unesco.org,2026-08-26,ACTIVE
589,Study Abroad in Germany: DAAD Scholarship 2026,Infosys,Study Abroad,"Detailed description for Study Abroad in Germany: DAAD Scholarship 2026. Postgraduate full-degree funding for engineering and science graduates. This provides a perfect match for students looking to excel in their career paths, build hands-on skills, and gain industry recognition.",Diploma,1,4,Medicine/MBBS,"Research Methodology,German Language",Chennai,ONLINE,2026-11-22,N/A,N/A,0,https://daad.de,https://daad.de,2026-08-26,ACTIVE
590,Startup India Seed Fund Challenge - Season 30,HDFC Bank,Entrepreneurship,"Detailed description for Startup India Seed Fund Challenge - Season 30. Submit startup pitch to receive incubator grants and mentorship. This provides a perfect match for students looking to excel in their career paths, build hands-on skills, and gain industry recognition.",Class 12,1,3,Arts/Humanities,Public Speaking,Hyderabad,ONLINE,2026-12-14,Up to Rs. 20 Lakhs funding,Up to Rs. 20 Lakhs funding,0,https://startupindia.gov.in,https://startupindia.gov.in,2026-08-25,ACTIVE
591,Adobe India Women in Tech Internship - Season 30,Infosys,Internships,"Detailed description for Adobe India Women in Tech Internship - Season 30. Summer internship for female engineering students in product development. This provides a perfect match for students looking to excel in their career paths, build hands-on skills, and gain industry recognition.",Diploma,2,4,Law/LLB,Data Structures,Kolkata,ONLINE,2026-12-26,"Stipend Rs. 1,00,000 / month","Stipend Rs. 1,00,000 / month",0,https://adobe.com,https://adobe.com,2026-08-26,ACTIVE
592,TCS CodeVita Coding Competition 2026,AICTE,Competitions,"Detailed description for TCS CodeVita Coding Competition 2026. Global coding contest testing algorithmic problem-solving speed. This provides a perfect match for students looking to excel in their career paths, build hands-on skills, and gain industry recognition.",Postgraduate,1,5,Computer Science,"Algorithms,Python,Data Structures",Bangalore,OFFLINE,2026-08-29,"Prizes up to $20,000 + Job interview",N/A,0,https://tcscodevita.com,https://tcscodevita.com,2026-08-28,EXPIRED
593,UN Sustainable Development Goals Workshop - Season 30,IIT Madras,Workshops,"Detailed description for UN Sustainable Development Goals Workshop - Season 30. Five-day interactive virtual seminar on local social impact strategies. This provides a perfect match for students looking to excel in their career paths, build hands-on skills, and gain industry recognition.",Class 12,1,5,Electrical Engineering,Communication,Chennai,HYBRID,2026-08-08,N/A,N/A,0,https://sdg.un.org,https://sdg.un.org,2026-08-28,EXPIRED
594,International Conference on AI & ML (ICML India) - Season 30,DRDO,Conferences,"Detailed description for International Conference on AI & ML (ICML India) - Season 30. Global research conference featuring top papers in AI/ML advancements. This provides a perfect match for students looking to excel in their career paths, build hands-on skills, and gain industry recognition.",Diploma,2,3,Business/BBA,"Deep Learning,Research Methodology",Chennai,OFFLINE,2026-11-02,N/A,N/A,"Rs. 2,000",https://icml.cc,https://icml.cc,2026-08-25,ACTIVE
595,DRDO Young Scientist Lab Project 2026,NITI Aayog,Research,"Detailed description for DRDO Young Scientist Lab Project 2026. Participate in defense robotics and computer vision project implementation. This provides a perfect match for students looking to excel in their career paths, build hands-on skills, and gain industry recognition.",Undergraduate,2,3,Civil Engineering,"Python,Computer Vision,C++",Remote,ONLINE,2026-12-10,"Monthly stipend Rs. 31,000","Monthly stipend Rs. 31,000",0,https://drdo.gov.in,https://drdo.gov.in,2026-08-28,ACTIVE
596,GitHub Campus Expert Program - Season 30,DRDO,Ambassador Programs,"Detailed description for GitHub Campus Expert Program - Season 30. Learn public speaking and tech organization skills supported by GitHub. This provides a perfect match for students looking to excel in their career paths, build hands-on skills, and gain industry recognition.",Class 10,2,4,All Branches,"Git,Leadership",Chennai,HYBRID,2026-12-26,N/A,N/A,0,https://education.github.com,https://education.github.com,2026-08-27,ACTIVE
597,G20 Youth Summit Innovation Challenge - Season 30,British Council,Innovation Challenges,"Detailed description for G20 Youth Summit Innovation Challenge - Season 30. Propose tech blueprints addressing renewable energy distribution. This provides a perfect match for students looking to excel in their career paths, build hands-on skills, and gain industry recognition.",Graduate,2,4,Commerce/B.Com,Business Strategy,Remote,OFFLINE,2026-10-25,"Certificate + Cash prize Rs. 50,000","Certificate + Cash prize Rs. 50,000",0,https://g20.org,https://g20.org,2026-08-25,ACTIVE
598,Stanford University Knight-Hennessy Scholars 2026,ACM,Study Abroad,"Detailed description for Stanford University Knight-Hennessy Scholars 2026. Full funding for graduate degrees at Stanford University in any field. This provides a perfect match for students looking to excel in their career paths, build hands-on skills, and gain industry recognition.",Postgraduate,1,5,Commerce/B.Com,"Research Methodology,Leadership",Kolkata,OFFLINE,2026-07-11,N/A,N/A,0,https://knight-hennessy.stanford.edu,https://knight-hennessy.stanford.edu,2026-08-25,EXPIRED
599,L&T Build India Scholarship - Season 30,British Council,Scholarships,"Detailed description for L&T Build India Scholarship - Season 30. Sponsorship for M.Tech in Construction Technology at IIT Madras/Delhi. This provides a perfect match for students looking to excel in their career paths, build hands-on skills, and gain industry recognition.",Class 10,2,3,Science/B.Sc,"CAD,Physics",Bangalore,ONLINE,2026-09-07,"Tuition sponsored + Stipend Rs. 15,000","Tuition sponsored + Stipend Rs. 15,000",0,https://lntecc.com,https://lntecc.com,2026-08-26,CLOSING_SOON
600,National Talent Search Examination (NTSE) - Season 30,AICTE,Exams,"Detailed description for National Talent Search Examination (NTSE) - Season 30. National scholarship exam identifying academic talent in high school. This provides a perfect match for students looking to excel in their career paths, build hands-on skills, and gain industry recognition.",Graduate,1,5,Business/BBA,"Mathematics,Problem Solving",Pune,OFFLINE,2026-12-08,N/A,N/A,0,https://ncert.nic.in,https://ncert.nic.in,2026-08-25,ACTIVE
601,Smart India Hackathon 2026,IIT Bombay,Hackathons,"Detailed description for Smart India Hackathon 2026. National level digital product building competition solving government problems. This provides a perfect match for students looking to excel in their career paths, build hands-on skills, and gain industry recognition.",Graduate,1,5,Commerce/B.Com,"React,Python,SQL",Remote,HYBRID,2026-09-11,"Rs. 1,00,000","Rs. 1,00,000",0,https://sih.gov.in,https://sih.gov.in,2026-08-28,ACTIVE
602,Google Summer of Code (GSoC) - Season 31,IEEE,Internships,"Detailed description for Google Summer of Code (GSoC) - Season 31. Global program matching students with open source organizations. This provides a perfect match for students looking to excel in their career paths, build hands-on skills, and gain industry recognition.",Postgraduate,1,5,Mechanical Engineering,"Git,C++,Python",Kolkata,OFFLINE,2026-10-01,N/A,Stipend ($1500 - $3000),0,https://summerofcode.withgoogle.com,https://summerofcode.withgoogle.com,2026-08-26,ACTIVE
603,ISRO Fellowship Program - Season 31,Udemy,Fellowships,"Detailed description for ISRO Fellowship Program - Season 31. Research fellowship for postgraduate students in aerospace, remote sensing, and computing. This provides a perfect match for students looking to excel in their career paths, build hands-on skills, and gain industry recognition.",Diploma,1,5,Mechanical Engineering,"Academic Writing,Python,Research Methodology",Kolkata,OFFLINE,2026-11-08,"Rs. 35,000 / month","Rs. 35,000 / month",0,https://isro.gov.in,https://isro.gov.in,2026-08-26,ACTIVE
604,Kaggle ML Competition: Indian Housing 2026,IEEE,Competitions,"Detailed description for Kaggle ML Competition: Indian Housing 2026. Solve machine learning regression challenges on public Indian dataset. This provides a perfect match for students looking to excel in their career paths, build hands-on skills, and gain industry recognition.",Graduate,2,3,Science/B.Sc,Python,Hyderabad,ONLINE,2026-11-30,"Prizes up to $10,000",N/A,0,https://kaggle.com,https://kaggle.com,2026-08-28,UPCOMING
605,Microsoft Learn Student Ambassador - Season 31,Kaggle,Ambassador Programs,"Detailed description for Microsoft Learn Student Ambassador - Season 31. Host workshops and build technical communities in your local college. This provides a perfect match for students looking to excel in their career paths, build hands-on skills, and gain industry recognition.",Diploma,1,4,Science/B.Sc,"Leadership,Communication,Public Speaking",Hyderabad,ONLINE,2026-09-15,N/A,N/A,0,https://mvp.microsoft.com,https://mvp.microsoft.com,2026-08-29,ACTIVE
606,AWS Cloud Practitioner Certification Scholarship - Season 31,ISRO,Certifications,"Detailed description for AWS Cloud Practitioner Certification Scholarship - Season 31. Voucher scholarship providing 100% exam fee discount for students. This provides a perfect match for students looking to excel in their career paths, build hands-on skills, and gain industry recognition.",Postgraduate,2,5,Law/LLB,"AWS,Kubernetes,Docker",Pune,ONLINE,2026-10-09,N/A,N/A,0,https://aws.amazon.com,https://aws.amazon.com,2026-08-26,ACTIVE
607,NITI Aayog Internship Scheme 2026,Major League Hacking,Internships,"Detailed description for NITI Aayog Internship Scheme 2026. Work on public policy research and analysis under central government experts. This provides a perfect match for students looking to excel in their career paths, build hands-on skills, and gain industry recognition.",Class 12,1,5,Medicine/MBBS,"Research Methodology,Communication",Delhi,ONLINE,2026-11-07,N/A,N/A,0,https://niti.gov.in,https://niti.gov.in,2026-08-27,ACTIVE
608,UNESCO Youth Volunteering Fellowship - Season 31,British Council,Volunteering,"Detailed description for UNESCO Youth Volunteering Fellowship - Season 31. Volunteer for community educational and digital literacy workshops. This provides a perfect match for students looking to excel in their career paths, build hands-on skills, and gain industry recognition.",Diploma,1,4,Electronics & Communication,Communication,Chennai,OFFLINE,2026-08-05,N/A,N/A,0,https://unesco.org,https://unesco.org,2026-08-27,EXPIRED
609,Study Abroad in Germany: DAAD Scholarship - Season 31,ACM,Study Abroad,"Detailed description for Study Abroad in Germany: DAAD Scholarship - Season 31. Postgraduate full-degree funding for engineering and science graduates. This provides a perfect match for students looking to excel in their career paths, build hands-on skills, and gain industry recognition.",Undergraduate,1,3,Civil Engineering,"German Language,Research Methodology",Mumbai,HYBRID,2026-10-03,N/A,N/A,0,https://daad.de,https://daad.de,2026-08-27,ACTIVE
610,Startup India Seed Fund Challenge 2026,Amazon,Entrepreneurship,"Detailed description for Startup India Seed Fund Challenge 2026. Submit startup pitch to receive incubator grants and mentorship. This provides a perfect match for students looking to excel in their career paths, build hands-on skills, and gain industry recognition.",Undergraduate,2,5,Commerce/B.Com,Business Strategy,Pune,HYBRID,2026-09-12,Up to Rs. 20 Lakhs funding,Up to Rs. 20 Lakhs funding,0,https://startupindia.gov.in,https://startupindia.gov.in,2026-08-25,ACTIVE
611,Adobe India Women in Tech Internship - Season 31,IIT Madras,Internships,"Detailed description for Adobe India Women in Tech Internship - Season 31. Summer internship for female engineering students in product development. This provides a perfect match for students looking to excel in their career paths, build hands-on skills, and gain industry recognition.",Undergraduate,2,4,Law/LLB,"Data Structures,Algorithms",Hyderabad,ONLINE,2026-11-26,"Stipend Rs. 1,00,000 / month","Stipend Rs. 1,00,000 / month",0,https://adobe.com,https://adobe.com,2026-08-25,ACTIVE
612,TCS CodeVita Coding Competition - Season 31,UNESCO,Competitions,"Detailed description for TCS CodeVita Coding Competition - Season 31. Global coding contest testing algorithmic problem-solving speed. This provides a perfect match for students looking to excel in their career paths, build hands-on skills, and gain industry recognition.",Class 12,1,5,Computer Science,"Java,Algorithms",Bangalore,ONLINE,2026-11-21,"Prizes up to $20,000 + Job interview",N/A,0,https://tcscodevita.com,https://tcscodevita.com,2026-08-29,ACTIVE
613,UN Sustainable Development Goals Workshop 2026,HDFC Bank,Workshops,"Detailed description for UN Sustainable Development Goals Workshop 2026. Five-day interactive virtual seminar on local social impact strategies. This provides a perfect match for students looking to excel in their career paths, build hands-on skills, and gain industry recognition.",Postgraduate,2,3,Science/B.Sc,"Teamwork,Leadership,Communication",Hyderabad,ONLINE,2026-10-23,N/A,N/A,0,https://sdg.un.org,https://sdg.un.org,2026-08-29,ACTIVE
614,International Conference on AI & ML (ICML India) - Season 31,Reliance Foundation,Conferences,"Detailed description for International Conference on AI & ML (ICML India) - Season 31. Global research conference featuring top papers in AI/ML advancements. This provides a perfect match for students looking to excel in their career paths, build hands-on skills, and gain industry recognition.",Undergraduate,2,3,Biotechnology,"Machine Learning,Deep Learning,Research Methodology",Kolkata,OFFLINE,2026-08-16,N/A,N/A,"Rs. 2,000",https://icml.cc,https://icml.cc,2026-08-28,EXPIRED
615,DRDO Young Scientist Lab Project - Season 31,Amazon,Research,"Detailed description for DRDO Young Scientist Lab Project - Season 31. Participate in defense robotics and computer vision project implementation. This provides a perfect match for students looking to excel in their career paths, build hands-on skills, and gain industry recognition.",Class 12,2,4,Mechanical Engineering,"Computer Vision,Machine Learning",Pune,ONLINE,2026-10-21,"Monthly stipend Rs. 31,000","Monthly stipend Rs. 31,000",0,https://drdo.gov.in,https://drdo.gov.in,2026-08-27,ACTIVE
616,GitHub Campus Expert Program 2026,Smart India Hackathon,Ambassador Programs,"Detailed description for GitHub Campus Expert Program 2026. Learn public speaking and tech organization skills supported by GitHub. This provides a perfect match for students looking to excel in their career paths, build hands-on skills, and gain industry recognition.",Class 12,1,4,Mechanical Engineering,"Communication,Leadership",Pune,ONLINE,2026-07-31,N/A,N/A,0,https://education.github.com,https://education.github.com,2026-08-29,EXPIRED
617,G20 Youth Summit Innovation Challenge - Season 31,Ministry of Education,Innovation Challenges,"Detailed description for G20 Youth Summit Innovation Challenge - Season 31. Propose tech blueprints addressing renewable energy distribution. This provides a perfect match for students looking to excel in their career paths, build hands-on skills, and gain industry recognition.",Undergraduate,2,5,Civil Engineering,Leadership,Hyderabad,ONLINE,2026-08-16,"Certificate + Cash prize Rs. 50,000","Certificate + Cash prize Rs. 50,000",0,https://g20.org,https://g20.org,2026-08-26,EXPIRED
618,Stanford University Knight-Hennessy Scholars - Season 31,Major League Hacking,Study Abroad,"Detailed description for Stanford University Knight-Hennessy Scholars - Season 31. Full funding for graduate degrees at Stanford University in any field. This provides a perfect match for students looking to excel in their career paths, build hands-on skills, and gain industry recognition.",Class 12,2,5,All Branches,Research Methodology,Pune,HYBRID,2026-08-30,N/A,N/A,0,https://knight-hennessy.stanford.edu,https://knight-hennessy.stanford.edu,2026-08-25,EXPIRED
619,L&T Build India Scholarship 2026,Major League Hacking,Scholarships,"Detailed description for L&T Build India Scholarship 2026. Sponsorship for M.Tech in Construction Technology at IIT Madras/Delhi. This provides a perfect match for students looking to excel in their career paths, build hands-on skills, and gain industry recognition.",Class 10,2,3,Biotechnology,"Civil Engineering,CAD,Physics",Delhi,HYBRID,2026-10-03,"Tuition sponsored + Stipend Rs. 15,000","Tuition sponsored + Stipend Rs. 15,000",0,https://lntecc.com,https://lntecc.com,2026-08-29,ACTIVE
620,National Talent Search Examination (NTSE) - Season 31,CERN,Exams,"Detailed description for National Talent Search Examination (NTSE) - Season 31. National scholarship exam identifying academic talent in high school. This provides a perfect match for students looking to excel in their career paths, build hands-on skills, and gain industry recognition.",Undergraduate,2,5,Medicine/MBBS,"Mathematics,Problem Solving",Mumbai,HYBRID,2026-07-29,N/A,N/A,0,https://ncert.nic.in,https://ncert.nic.in,2026-08-28,EXPIRED
621,Smart India Hackathon - Season 32,Reliance Foundation,Hackathons,"Detailed description for Smart India Hackathon - Season 32. National level digital product building competition solving government problems. This provides a perfect match for students looking to excel in their career paths, build hands-on skills, and gain industry recognition.",Diploma,1,3,Business/BBA,"React,Python",Kolkata,ONLINE,2026-08-28,"Rs. 1,00,000","Rs. 1,00,000",0,https://sih.gov.in,https://sih.gov.in,2026-08-25,EXPIRED
622,Google Summer of Code (GSoC) 2026,USIEF,Internships,"Detailed description for Google Summer of Code (GSoC) 2026. Global program matching students with open source organizations. This provides a perfect match for students looking to excel in their career paths, build hands-on skills, and gain industry recognition.",Graduate,2,3,Commerce/B.Com,Python,Delhi,OFFLINE,2026-08-20,N/A,Stipend ($1500 - $3000),0,https://summerofcode.withgoogle.com,https://summerofcode.withgoogle.com,2026-08-28,EXPIRED
623,ISRO Fellowship Program - Season 32,UNESCO,Fellowships,"Detailed description for ISRO Fellowship Program - Season 32. Research fellowship for postgraduate students in aerospace, remote sensing, and computing. This provides a perfect match for students looking to excel in their career paths, build hands-on skills, and gain industry recognition.",Graduate,1,3,Science/B.Sc,"Python,Academic Writing,Research Methodology",Pune,ONLINE,2026-09-01,"Rs. 35,000 / month","Rs. 35,000 / month",0,https://isro.gov.in,https://isro.gov.in,2026-08-26,CLOSING_SOON
624,Kaggle ML Competition: Indian Housing - Season 32,DRDO,Competitions,"Detailed description for Kaggle ML Competition: Indian Housing - Season 32. Solve machine learning regression challenges on public Indian dataset. This provides a perfect match for students looking to excel in their career paths, build hands-on skills, and gain industry recognition.",Class 10,1,4,Business/BBA,"Machine Learning,Python",Delhi,OFFLINE,2026-07-31,"Prizes up to $10,000",N/A,0,https://kaggle.com,https://kaggle.com,2026-08-27,EXPIRED
625,Microsoft Learn Student Ambassador 2026,IIT Bombay,Ambassador Programs,"Detailed description for Microsoft Learn Student Ambassador 2026. Host workshops and build technical communities in your local college. This provides a perfect match for students looking to excel in their career paths, build hands-on skills, and gain industry recognition.",Postgraduate,1,3,Electrical Engineering,"Public Speaking,Leadership",Remote,HYBRID,2026-09-16,N/A,N/A,0,https://mvp.microsoft.com,https://mvp.microsoft.com,2026-08-27,ACTIVE
626,AWS Cloud Practitioner Certification Scholarship - Season 32,IIT Madras,Certifications,"Detailed description for AWS Cloud Practitioner Certification Scholarship - Season 32. Voucher scholarship providing 100% exam fee discount for students. This provides a perfect match for students looking to excel in their career paths, build hands-on skills, and gain industry recognition.",Class 10,1,5,Business/BBA,Docker,Kolkata,OFFLINE,2026-08-15,N/A,N/A,0,https://aws.amazon.com,https://aws.amazon.com,2026-08-27,EXPIRED
627,NITI Aayog Internship Scheme - Season 32,IEEE,Internships,"Detailed description for NITI Aayog Internship Scheme - Season 32. Work on public policy research and analysis under central government experts. This provides a perfect match for students looking to excel in their career paths, build hands-on skills, and gain industry recognition.",Undergraduate,2,5,All Branches,Data Analytics,Bangalore,ONLINE,2026-08-09,N/A,N/A,0,https://niti.gov.in,https://niti.gov.in,2026-08-26,EXPIRED
628,UNESCO Youth Volunteering Fellowship 2026,Reliance Foundation,Volunteering,"Detailed description for UNESCO Youth Volunteering Fellowship 2026. Volunteer for community educational and digital literacy workshops. This provides a perfect match for students looking to excel in their career paths, build hands-on skills, and gain industry recognition.",Undergraduate,2,4,Business/BBA,"Leadership,Social Work",Delhi,ONLINE,2026-12-13,N/A,N/A,0,https://unesco.org,https://unesco.org,2026-08-27,ACTIVE
629,Study Abroad in Germany: DAAD Scholarship - Season 32,IIT Bombay,Study Abroad,"Detailed description for Study Abroad in Germany: DAAD Scholarship - Season 32. Postgraduate full-degree funding for engineering and science graduates. This provides a perfect match for students looking to excel in their career paths, build hands-on skills, and gain industry recognition.",Class 12,1,3,Civil Engineering,"German Language,Research Methodology",Chennai,HYBRID,2026-12-12,N/A,N/A,0,https://daad.de,https://daad.de,2026-08-26,ACTIVE
630,Startup India Seed Fund Challenge - Season 32,Smart India Hackathon,Entrepreneurship,"Detailed description for Startup India Seed Fund Challenge - Season 32. Submit startup pitch to receive incubator grants and mentorship. This provides a perfect match for students looking to excel in their career paths, build hands-on skills, and gain industry recognition.",Postgraduate,2,5,Electrical Engineering,Financial Accounting,Delhi,HYBRID,2026-11-03,Up to Rs. 20 Lakhs funding,Up to Rs. 20 Lakhs funding,0,https://startupindia.gov.in,https://startupindia.gov.in,2026-08-25,ACTIVE
631,Adobe India Women in Tech Internship 2026,CERN,Internships,"Detailed description for Adobe India Women in Tech Internship 2026. Summer internship for female engineering students in product development. This provides a perfect match for students looking to excel in their career paths, build hands-on skills, and gain industry recognition.",Class 10,2,3,Arts/Humanities,"Java,Algorithms",Kolkata,ONLINE,2026-10-10,"Stipend Rs. 1,00,000 / month","Stipend Rs. 1,00,000 / month",0,https://adobe.com,https://adobe.com,2026-08-25,ACTIVE
632,TCS CodeVita Coding Competition - Season 32,HDFC Bank,Competitions,"Detailed description for TCS CodeVita Coding Competition - Season 32. Global coding contest testing algorithmic problem-solving speed. This provides a perfect match for students looking to excel in their career paths, build hands-on skills, and gain industry recognition.",Postgraduate,2,5,Arts/Humanities,"Python,Data Structures,Algorithms",Mumbai,OFFLINE,2026-08-24,"Prizes up to $20,000 + Job interview",N/A,0,https://tcscodevita.com,https://tcscodevita.com,2026-08-27,EXPIRED
633,UN Sustainable Development Goals Workshop - Season 32,Kaggle,Workshops,"Detailed description for UN Sustainable Development Goals Workshop - Season 32. Five-day interactive virtual seminar on local social impact strategies. This provides a perfect match for students looking to excel in their career paths, build hands-on skills, and gain industry recognition.",Postgraduate,2,5,All Branches,"Teamwork,Communication,Leadership",Pune,ONLINE,2026-10-21,N/A,N/A,0,https://sdg.un.org,https://sdg.un.org,2026-08-28,ACTIVE
634,International Conference on AI & ML (ICML India) 2026,HDFC Bank,Conferences,"Detailed description for International Conference on AI & ML (ICML India) 2026. Global research conference featuring top papers in AI/ML advancements. This provides a perfect match for students looking to excel in their career paths, build hands-on skills, and gain industry recognition.",Postgraduate,2,3,Commerce/B.Com,"Deep Learning,Machine Learning",Chennai,HYBRID,2026-12-08,N/A,N/A,"Rs. 2,000",https://icml.cc,https://icml.cc,2026-08-28,ACTIVE
635,DRDO Young Scientist Lab Project - Season 32,Smart India Hackathon,Research,"Detailed description for DRDO Young Scientist Lab Project - Season 32. Participate in defense robotics and computer vision project implementation. This provides a perfect match for students looking to excel in their career paths, build hands-on skills, and gain industry recognition.",Graduate,1,5,All Branches,C++,Kolkata,OFFLINE,2026-09-25,"Monthly stipend Rs. 31,000","Monthly stipend Rs. 31,000",0,https://drdo.gov.in,https://drdo.gov.in,2026-08-29,ACTIVE
636,GitHub Campus Expert Program - Season 32,Kaggle,Ambassador Programs,"Detailed description for GitHub Campus Expert Program - Season 32. Learn public speaking and tech organization skills supported by GitHub. This provides a perfect match for students looking to excel in their career paths, build hands-on skills, and gain industry recognition.",Undergraduate,2,3,All Branches,"Communication,Leadership,Git",Chennai,OFFLINE,2026-11-14,N/A,N/A,0,https://education.github.com,https://education.github.com,2026-08-27,ACTIVE
637,G20 Youth Summit Innovation Challenge 2026,IEEE,Innovation Challenges,"Detailed description for G20 Youth Summit Innovation Challenge 2026. Propose tech blueprints addressing renewable energy distribution. This provides a perfect match for students looking to excel in their career paths, build hands-on skills, and gain industry recognition.",Class 12,1,4,All Branches,Leadership,Remote,HYBRID,2026-11-11,"Certificate + Cash prize Rs. 50,000","Certificate + Cash prize Rs. 50,000",0,https://g20.org,https://g20.org,2026-08-28,ACTIVE
638,Stanford University Knight-Hennessy Scholars - Season 32,DRDO,Study Abroad,"Detailed description for Stanford University Knight-Hennessy Scholars - Season 32. Full funding for graduate degrees at Stanford University in any field. This provides a perfect match for students looking to excel in their career paths, build hands-on skills, and gain industry recognition.",Graduate,2,5,Electrical Engineering,Leadership,Remote,ONLINE,2026-08-20,N/A,N/A,0,https://knight-hennessy.stanford.edu,https://knight-hennessy.stanford.edu,2026-08-28,EXPIRED
639,L&T Build India Scholarship - Season 32,ACM,Scholarships,"Detailed description for L&T Build India Scholarship - Season 32. Sponsorship for M.Tech in Construction Technology at IIT Madras/Delhi. This provides a perfect match for students looking to excel in their career paths, build hands-on skills, and gain industry recognition.",Graduate,1,4,Biotechnology,"Physics,Civil Engineering",Bangalore,OFFLINE,2026-07-20,"Tuition sponsored + Stipend Rs. 15,000","Tuition sponsored + Stipend Rs. 15,000",0,https://lntecc.com,https://lntecc.com,2026-08-26,EXPIRED
640,National Talent Search Examination (NTSE) 2026,AICTE,Exams,"Detailed description for National Talent Search Examination (NTSE) 2026. National scholarship exam identifying academic talent in high school. This provides a perfect match for students looking to excel in their career paths, build hands-on skills, and gain industry recognition.",Postgraduate,1,4,Computer Science,"Problem Solving,Mathematics",Delhi,ONLINE,2026-08-29,N/A,N/A,0,https://ncert.nic.in,https://ncert.nic.in,2026-08-27,EXPIRED
641,Smart India Hackathon - Season 33,CERN,Hackathons,"Detailed description for Smart India Hackathon - Season 33. National level digital product building competition solving government problems. This provides a perfect match for students looking to excel in their career paths, build hands-on skills, and gain industry recognition.",Graduate,1,3,Commerce/B.Com,"React,Python",Pune,ONLINE,2026-10-09,"Rs. 1,00,000","Rs. 1,00,000",0,https://sih.gov.in,https://sih.gov.in,2026-08-28,ACTIVE
642,Google Summer of Code (GSoC) - Season 33,IIT Bombay,Internships,"Detailed description for Google Summer of Code (GSoC) - Season 33. Global program matching students with open source organizations. This provides a perfect match for students looking to excel in their career paths, build hands-on skills, and gain industry recognition.",Undergraduate,1,4,Science/B.Sc,JavaScript,Bangalore,ONLINE,2026-08-25,N/A,Stipend ($1500 - $3000),0,https://summerofcode.withgoogle.com,https://summerofcode.withgoogle.com,2026-08-26,EXPIRED
643,ISRO Fellowship Program 2026,Ministry of Education,Fellowships,"Detailed description for ISRO Fellowship Program 2026. Research fellowship for postgraduate students in aerospace, remote sensing, and computing. This provides a perfect match for students looking to excel in their career paths, build hands-on skills, and gain industry recognition.",Postgraduate,2,5,Civil Engineering,Python,Hyderabad,OFFLINE,2026-09-30,"Rs. 35,000 / month","Rs. 35,000 / month",0,https://isro.gov.in,https://isro.gov.in,2026-08-26,ACTIVE
644,Kaggle ML Competition: Indian Housing - Season 33,IIT Madras,Competitions,"Detailed description for Kaggle ML Competition: Indian Housing - Season 33. Solve machine learning regression challenges on public Indian dataset. This provides a perfect match for students looking to excel in their career paths, build hands-on skills, and gain industry recognition.",Graduate,1,5,Science/B.Sc,"Machine Learning,Python",Delhi,HYBRID,2026-10-09,"Prizes up to $10,000",N/A,0,https://kaggle.com,https://kaggle.com,2026-08-25,ACTIVE
645,Microsoft Learn Student Ambassador - Season 33,Amazon,Ambassador Programs,"Detailed description for Microsoft Learn Student Ambassador - Season 33. Host workshops and build technical communities in your local college. This provides a perfect match for students looking to excel in their career paths, build hands-on skills, and gain industry recognition.",Graduate,2,3,Computer Science,Communication,Kolkata,OFFLINE,2026-10-01,N/A,N/A,0,https://mvp.microsoft.com,https://mvp.microsoft.com,2026-08-25,ACTIVE
646,AWS Cloud Practitioner Certification Scholarship 2026,IIT Madras,Certifications,"Detailed description for AWS Cloud Practitioner Certification Scholarship 2026. Voucher scholarship providing 100% exam fee discount for students. This provides a perfect match for students looking to excel in their career paths, build hands-on skills, and gain industry recognition.",Diploma,1,5,Law/LLB,Kubernetes,Delhi,OFFLINE,2026-10-14,N/A,N/A,0,https://aws.amazon.com,https://aws.amazon.com,2026-08-26,ACTIVE
647,NITI Aayog Internship Scheme - Season 33,TCS,Internships,"Detailed description for NITI Aayog Internship Scheme - Season 33. Work on public policy research and analysis under central government experts. This provides a perfect match for students looking to excel in their career paths, build hands-on skills, and gain industry recognition.",Diploma,2,5,Arts/Humanities,"Research Methodology,Data Analytics",Delhi,OFFLINE,2026-09-17,N/A,N/A,0,https://niti.gov.in,https://niti.gov.in,2026-08-29,ACTIVE
648,UNESCO Youth Volunteering Fellowship - Season 33,Ministry of Education,Volunteering,"Detailed description for UNESCO Youth Volunteering Fellowship - Season 33. Volunteer for community educational and digital literacy workshops. This provides a perfect match for students looking to excel in their career paths, build hands-on skills, and gain industry recognition.",Class 10,1,5,Medicine/MBBS,Social Work,Chennai,HYBRID,2026-09-19,N/A,N/A,0,https://unesco.org,https://unesco.org,2026-08-28,ACTIVE
649,Study Abroad in Germany: DAAD Scholarship 2026,British Council,Study Abroad,"Detailed description for Study Abroad in Germany: DAAD Scholarship 2026. Postgraduate full-degree funding for engineering and science graduates. This provides a perfect match for students looking to excel in their career paths, build hands-on skills, and gain industry recognition.",Undergraduate,2,5,Computer Science,"German Language,Research Methodology",Remote,HYBRID,2026-11-01,N/A,N/A,0,https://daad.de,https://daad.de,2026-08-29,ACTIVE
650,Startup India Seed Fund Challenge - Season 33,Infosys,Entrepreneurship,"Detailed description for Startup India Seed Fund Challenge - Season 33. Submit startup pitch to receive incubator grants and mentorship. This provides a perfect match for students looking to excel in their career paths, build hands-on skills, and gain industry recognition.",Undergraduate,2,5,Civil Engineering,"Business Strategy,Public Speaking,Financial Accounting",Delhi,HYBRID,2026-12-01,Up to Rs. 20 Lakhs funding,Up to Rs. 20 Lakhs funding,0,https://startupindia.gov.in,https://startupindia.gov.in,2026-08-28,ACTIVE
651,Adobe India Women in Tech Internship - Season 33,Kaggle,Internships,"Detailed description for Adobe India Women in Tech Internship - Season 33. Summer internship for female engineering students in product development. This provides a perfect match for students looking to excel in their career paths, build hands-on skills, and gain industry recognition.",Diploma,2,4,Mechanical Engineering,"C++,Data Structures,Java",Mumbai,OFFLINE,2026-08-06,"Stipend Rs. 1,00,000 / month","Stipend Rs. 1,00,000 / month",0,https://adobe.com,https://adobe.com,2026-08-28,EXPIRED
652,TCS CodeVita Coding Competition 2026,Udemy,Competitions,"Detailed description for TCS CodeVita Coding Competition 2026. Global coding contest testing algorithmic problem-solving speed. This provides a perfect match for students looking to excel in their career paths, build hands-on skills, and gain industry recognition.",Class 10,1,5,Mechanical Engineering,"C++,Algorithms",Bangalore,ONLINE,2026-10-10,"Prizes up to $20,000 + Job interview",N/A,0,https://tcscodevita.com,https://tcscodevita.com,2026-08-27,ACTIVE
653,UN Sustainable Development Goals Workshop - Season 33,Google,Workshops,"Detailed description for UN Sustainable Development Goals Workshop - Season 33. Five-day interactive virtual seminar on local social impact strategies. This provides a perfect match for students looking to excel in their career paths, build hands-on skills, and gain industry recognition.",Class 12,2,5,Computer Science,"Teamwork,Communication",Bangalore,OFFLINE,2026-12-01,N/A,N/A,0,https://sdg.un.org,https://sdg.un.org,2026-08-25,ACTIVE
654,International Conference on AI & ML (ICML India) - Season 33,Startup India,Conferences,"Detailed description for International Conference on AI & ML (ICML India) - Season 33. Global research conference featuring top papers in AI/ML advancements. This provides a perfect match for students looking to excel in their career paths, build hands-on skills, and gain industry recognition.",Class 10,2,4,Computer Science,"Machine Learning,Deep Learning,Research Methodology",Delhi,ONLINE,2026-12-23,N/A,N/A,"Rs. 2,000",https://icml.cc,https://icml.cc,2026-08-26,UPCOMING
655,DRDO Young Scientist Lab Project 2026,HDFC Bank,Research,"Detailed description for DRDO Young Scientist Lab Project 2026. Participate in defense robotics and computer vision project implementation. This provides a perfect match for students looking to excel in their career paths, build hands-on skills, and gain industry recognition.",Class 12,1,5,Medicine/MBBS,Python,Pune,HYBRID,2026-10-29,"Monthly stipend Rs. 31,000","Monthly stipend Rs. 31,000",0,https://drdo.gov.in,https://drdo.gov.in,2026-08-26,ACTIVE
656,GitHub Campus Expert Program - Season 33,USIEF,Ambassador Programs,"Detailed description for GitHub Campus Expert Program - Season 33. Learn public speaking and tech organization skills supported by GitHub. This provides a perfect match for students looking to excel in their career paths, build hands-on skills, and gain industry recognition.",Graduate,2,4,All Branches,Git,Hyderabad,OFFLINE,2026-10-07,N/A,N/A,0,https://education.github.com,https://education.github.com,2026-08-25,ACTIVE
657,G20 Youth Summit Innovation Challenge - Season 33,Smart India Hackathon,Innovation Challenges,"Detailed description for G20 Youth Summit Innovation Challenge - Season 33. Propose tech blueprints addressing renewable energy distribution. This provides a perfect match for students looking to excel in their career paths, build hands-on skills, and gain industry recognition.",Graduate,1,4,Biotechnology,"Leadership,Problem Solving",Chennai,ONLINE,2026-07-30,"Certificate + Cash prize Rs. 50,000","Certificate + Cash prize Rs. 50,000",0,https://g20.org,https://g20.org,2026-08-28,EXPIRED
658,Stanford University Knight-Hennessy Scholars 2026,Tata Trusts,Study Abroad,"Detailed description for Stanford University Knight-Hennessy Scholars 2026. Full funding for graduate degrees at Stanford University in any field. This provides a perfect match for students looking to excel in their career paths, build hands-on skills, and gain industry recognition.",Postgraduate,1,5,Electrical Engineering,Leadership,Mumbai,HYBRID,2026-09-27,N/A,N/A,0,https://knight-hennessy.stanford.edu,https://knight-hennessy.stanford.edu,2026-08-28,ACTIVE
659,L&T Build India Scholarship - Season 33,GitHub,Scholarships,"Detailed description for L&T Build India Scholarship - Season 33. Sponsorship for M.Tech in Construction Technology at IIT Madras/Delhi. This provides a perfect match for students looking to excel in their career paths, build hands-on skills, and gain industry recognition.",Undergraduate,2,4,All Branches,"CAD,Physics",Kolkata,OFFLINE,2026-12-01,"Tuition sponsored + Stipend Rs. 15,000","Tuition sponsored + Stipend Rs. 15,000",0,https://lntecc.com,https://lntecc.com,2026-08-26,ACTIVE
660,National Talent Search Examination (NTSE) - Season 33,Infosys,Exams,"Detailed description for National Talent Search Examination (NTSE) - Season 33. National scholarship exam identifying academic talent in high school. This provides a perfect match for students looking to excel in their career paths, build hands-on skills, and gain industry recognition.",Diploma,2,4,Business/BBA,"Problem Solving,Mathematics",Pune,ONLINE,2026-12-23,N/A,N/A,0,https://ncert.nic.in,https://ncert.nic.in,2026-08-27,ACTIVE
661,Smart India Hackathon 2026,Major League Hacking,Hackathons,"Detailed description for Smart India Hackathon 2026. National level digital product building competition solving government problems. This provides a perfect match for students looking to excel in their career paths, build hands-on skills, and gain industry recognition.",Class 12,1,3,Electrical Engineering,SQL,Chennai,OFFLINE,2026-09-18,"Rs. 1,00,000","Rs. 1,00,000",0,https://sih.gov.in,https://sih.gov.in,2026-08-28,ACTIVE
662,Google Summer of Code (GSoC) - Season 34,DRDO,Internships,"Detailed description for Google Summer of Code (GSoC) - Season 34. Global program matching students with open source organizations. This provides a perfect match for students looking to excel in their career paths, build hands-on skills, and gain industry recognition.",Undergraduate,1,5,Commerce/B.Com,C++,Kolkata,HYBRID,2026-12-01,N/A,Stipend ($1500 - $3000),0,https://summerofcode.withgoogle.com,https://summerofcode.withgoogle.com,2026-08-26,ACTIVE
663,ISRO Fellowship Program - Season 34,Google,Fellowships,"Detailed description for ISRO Fellowship Program - Season 34. Research fellowship for postgraduate students in aerospace, remote sensing, and computing. This provides a perfect match for students looking to excel in their career paths, build hands-on skills, and gain industry recognition.",Postgraduate,2,3,Biotechnology,"Research Methodology,Python",Pune,HYBRID,2026-09-02,"Rs. 35,000 / month","Rs. 35,000 / month",0,https://isro.gov.in,https://isro.gov.in,2026-08-26,CLOSING_SOON
664,Kaggle ML Competition: Indian Housing 2026,Kaggle,Competitions,"Detailed description for Kaggle ML Competition: Indian Housing 2026. Solve machine learning regression challenges on public Indian dataset. This provides a perfect match for students looking to excel in their career paths, build hands-on skills, and gain industry recognition.",Class 12,2,3,All Branches,Machine Learning,Chennai,ONLINE,2026-10-26,"Prizes up to $10,000",N/A,0,https://kaggle.com,https://kaggle.com,2026-08-26,ACTIVE
665,Microsoft Learn Student Ambassador - Season 34,IIT Madras,Ambassador Programs,"Detailed description for Microsoft Learn Student Ambassador - Season 34. Host workshops and build technical communities in your local college. This provides a perfect match for students looking to excel in their career paths, build hands-on skills, and gain industry recognition.",Undergraduate,2,4,Electronics & Communication,Public Speaking,Bangalore,OFFLINE,2026-08-30,N/A,N/A,0,https://mvp.microsoft.com,https://mvp.microsoft.com,2026-08-27,EXPIRED
666,AWS Cloud Practitioner Certification Scholarship - Season 34,IIT Bombay,Certifications,"Detailed description for AWS Cloud Practitioner Certification Scholarship - Season 34. Voucher scholarship providing 100% exam fee discount for students. This provides a perfect match for students looking to excel in their career paths, build hands-on skills, and gain industry recognition.",Graduate,1,4,Law/LLB,AWS,Mumbai,ONLINE,2026-09-22,N/A,N/A,0,https://aws.amazon.com,https://aws.amazon.com,2026-08-28,ACTIVE
667,NITI Aayog Internship Scheme 2026,ACM,Internships,"Detailed description for NITI Aayog Internship Scheme 2026. Work on public policy research and analysis under central government experts. This provides a perfect match for students looking to excel in their career paths, build hands-on skills, and gain industry recognition.",Postgraduate,1,4,Electrical Engineering,Data Analytics,Pune,OFFLINE,2026-12-18,N/A,N/A,0,https://niti.gov.in,https://niti.gov.in,2026-08-27,ACTIVE
668,UNESCO Youth Volunteering Fellowship - Season 34,Microsoft,Volunteering,"Detailed description for UNESCO Youth Volunteering Fellowship - Season 34. Volunteer for community educational and digital literacy workshops. This provides a perfect match for students looking to excel in their career paths, build hands-on skills, and gain industry recognition.",Undergraduate,2,5,Computer Science,"Social Work,Leadership,Communication",Mumbai,OFFLINE,2026-10-27,N/A,N/A,0,https://unesco.org,https://unesco.org,2026-08-29,ACTIVE
669,Study Abroad in Germany: DAAD Scholarship - Season 34,Tata Trusts,Study Abroad,"Detailed description for Study Abroad in Germany: DAAD Scholarship - Season 34. Postgraduate full-degree funding for engineering and science graduates. This provides a perfect match for students looking to excel in their career paths, build hands-on skills, and gain industry recognition.",Diploma,1,4,Mechanical Engineering,"German Language,Research Methodology",Mumbai,HYBRID,2026-09-08,N/A,N/A,0,https://daad.de,https://daad.de,2026-08-26,ACTIVE
670,Startup India Seed Fund Challenge 2026,ACM,Entrepreneurship,"Detailed description for Startup India Seed Fund Challenge 2026. Submit startup pitch to receive incubator grants and mentorship. This provides a perfect match for students looking to excel in their career paths, build hands-on skills, and gain industry recognition.",Diploma,1,5,Commerce/B.Com,"Financial Accounting,Public Speaking",Remote,OFFLINE,2026-07-26,Up to Rs. 20 Lakhs funding,Up to Rs. 20 Lakhs funding,0,https://startupindia.gov.in,https://startupindia.gov.in,2026-08-28,EXPIRED
671,Adobe India Women in Tech Internship - Season 34,Reliance Foundation,Internships,"Detailed description for Adobe India Women in Tech Internship - Season 34. Summer internship for female engineering students in product development. This provides a perfect match for students looking to excel in their career paths, build hands-on skills, and gain industry recognition.",Diploma,2,5,Arts/Humanities,"Algorithms,Data Structures,C++",Bangalore,HYBRID,2026-09-08,"Stipend Rs. 1,00,000 / month","Stipend Rs. 1,00,000 / month",0,https://adobe.com,https://adobe.com,2026-08-27,ACTIVE
672,TCS CodeVita Coding Competition - Season 34,IIT Bombay,Competitions,"Detailed description for TCS CodeVita Coding Competition - Season 34. Global coding contest testing algorithmic problem-solving speed. This provides a perfect match for students looking to excel in their career paths, build hands-on skills, and gain industry recognition.",Class 10,1,4,Medicine/MBBS,Algorithms,Hyderabad,ONLINE,2026-12-23,"Prizes up to $20,000 + Job interview",N/A,0,https://tcscodevita.com,https://tcscodevita.com,2026-08-26,ACTIVE
673,UN Sustainable Development Goals Workshop 2026,TCS,Workshops,"Detailed description for UN Sustainable Development Goals Workshop 2026. Five-day interactive virtual seminar on local social impact strategies. This provides a perfect match for students looking to excel in their career paths, build hands-on skills, and gain industry recognition.",Diploma,1,3,Electronics & Communication,Teamwork,Bangalore,HYBRID,2026-08-20,N/A,N/A,0,https://sdg.un.org,https://sdg.un.org,2026-08-29,EXPIRED
674,International Conference on AI & ML (ICML India) - Season 34,IIT Madras,Conferences,"Detailed description for International Conference on AI & ML (ICML India) - Season 34. Global research conference featuring top papers in AI/ML advancements. This provides a perfect match for students looking to excel in their career paths, build hands-on skills, and gain industry recognition.",Class 10,2,5,Electrical Engineering,Deep Learning,Delhi,HYBRID,2026-07-28,N/A,N/A,"Rs. 2,000",https://icml.cc,https://icml.cc,2026-08-26,EXPIRED
675,DRDO Young Scientist Lab Project - Season 34,UNESCO,Research,"Detailed description for DRDO Young Scientist Lab Project - Season 34. Participate in defense robotics and computer vision project implementation. This provides a perfect match for students looking to excel in their career paths, build hands-on skills, and gain industry recognition.",Class 10,2,4,Biotechnology,Machine Learning,Remote,ONLINE,2026-12-19,"Monthly stipend Rs. 31,000","Monthly stipend Rs. 31,000",0,https://drdo.gov.in,https://drdo.gov.in,2026-08-29,ACTIVE
676,GitHub Campus Expert Program 2026,Buddy4Study,Ambassador Programs,"Detailed description for GitHub Campus Expert Program 2026. Learn public speaking and tech organization skills supported by GitHub. This provides a perfect match for students looking to excel in their career paths, build hands-on skills, and gain industry recognition.",Graduate,2,3,Mechanical Engineering,"Git,Leadership",Delhi,HYBRID,2026-08-04,N/A,N/A,0,https://education.github.com,https://education.github.com,2026-08-28,EXPIRED
677,G20 Youth Summit Innovation Challenge - Season 34,Amazon,Innovation Challenges,"Detailed description for G20 Youth Summit Innovation Challenge - Season 34. Propose tech blueprints addressing renewable energy distribution. This provides a perfect match for students looking to excel in their career paths, build hands-on skills, and gain industry recognition.",Class 10,1,4,Biotechnology,"Problem Solving,Business Strategy",Remote,HYBRID,2026-10-11,"Certificate + Cash prize Rs. 50,000","Certificate + Cash prize Rs. 50,000",0,https://g20.org,https://g20.org,2026-08-27,ACTIVE
678,Stanford University Knight-Hennessy Scholars - Season 34,HDFC Bank,Study Abroad,"Detailed description for Stanford University Knight-Hennessy Scholars - Season 34. Full funding for graduate degrees at Stanford University in any field. This provides a perfect match for students looking to excel in their career paths, build hands-on skills, and gain industry recognition.",Class 10,2,5,Biotechnology,Academic Writing,Mumbai,ONLINE,2026-08-23,N/A,N/A,0,https://knight-hennessy.stanford.edu,https://knight-hennessy.stanford.edu,2026-08-25,EXPIRED
679,L&T Build India Scholarship 2026,Google,Scholarships,"Detailed description for L&T Build India Scholarship 2026. Sponsorship for M.Tech in Construction Technology at IIT Madras/Delhi. This provides a perfect match for students looking to excel in their career paths, build hands-on skills, and gain industry recognition.",Graduate,2,4,Computer Science,Physics,Pune,ONLINE,2026-12-02,"Tuition sponsored + Stipend Rs. 15,000","Tuition sponsored + Stipend Rs. 15,000",0,https://lntecc.com,https://lntecc.com,2026-08-29,ACTIVE
680,National Talent Search Examination (NTSE) - Season 34,Google,Exams,"Detailed description for National Talent Search Examination (NTSE) - Season 34. National scholarship exam identifying academic talent in high school. This provides a perfect match for students looking to excel in their career paths, build hands-on skills, and gain industry recognition.",Class 12,1,3,Business/BBA,"Problem Solving,Mathematics",Pune,HYBRID,2026-11-07,N/A,N/A,0,https://ncert.nic.in,https://ncert.nic.in,2026-08-28,ACTIVE
681,Smart India Hackathon - Season 35,Amazon,Hackathons,"Detailed description for Smart India Hackathon - Season 35. National level digital product building competition solving government problems. This provides a perfect match for students looking to excel in their career paths, build hands-on skills, and gain industry recognition.",Diploma,1,5,Commerce/B.Com,SQL,Bangalore,ONLINE,2026-07-16,"Rs. 1,00,000","Rs. 1,00,000",0,https://sih.gov.in,https://sih.gov.in,2026-08-26,EXPIRED
682,Google Summer of Code (GSoC) 2026,TCS,Internships,"Detailed description for Google Summer of Code (GSoC) 2026. Global program matching students with open source organizations. This provides a perfect match for students looking to excel in their career paths, build hands-on skills, and gain industry recognition.",Postgraduate,1,5,All Branches,"Git,Python",Delhi,OFFLINE,2026-11-16,N/A,Stipend ($1500 - $3000),0,https://summerofcode.withgoogle.com,https://summerofcode.withgoogle.com,2026-08-29,ACTIVE
683,ISRO Fellowship Program - Season 35,TCS,Fellowships,"Detailed description for ISRO Fellowship Program - Season 35. Research fellowship for postgraduate students in aerospace, remote sensing, and computing. This provides a perfect match for students looking to excel in their career paths, build hands-on skills, and gain industry recognition.",Graduate,1,5,All Branches,Research Methodology,Pune,OFFLINE,2026-09-02,"Rs. 35,000 / month","Rs. 35,000 / month",0,https://isro.gov.in,https://isro.gov.in,2026-08-29,CLOSING_SOON
684,Kaggle ML Competition: Indian Housing - Season 35,Major League Hacking,Competitions,"Detailed description for Kaggle ML Competition: Indian Housing - Season 35. Solve machine learning regression challenges on public Indian dataset. This provides a perfect match for students looking to excel in their career paths, build hands-on skills, and gain industry recognition.",Graduate,1,4,Computer Science,"Python,Machine Learning,Statistics",Bangalore,ONLINE,2026-09-30,"Prizes up to $10,000",N/A,0,https://kaggle.com,https://kaggle.com,2026-08-26,ACTIVE
685,Microsoft Learn Student Ambassador 2026,IIT Bombay,Ambassador Programs,"Detailed description for Microsoft Learn Student Ambassador 2026. Host workshops and build technical communities in your local college. This provides a perfect match for students looking to excel in their career paths, build hands-on skills, and gain industry recognition.",Graduate,1,4,Arts/Humanities,"Leadership,Communication,Public Speaking",Hyderabad,OFFLINE,2026-11-17,N/A,N/A,0,https://mvp.microsoft.com,https://mvp.microsoft.com,2026-08-29,ACTIVE
686,AWS Cloud Practitioner Certification Scholarship - Season 35,Ministry of Education,Certifications,"Detailed description for AWS Cloud Practitioner Certification Scholarship - Season 35. Voucher scholarship providing 100% exam fee discount for students. This provides a perfect match for students looking to excel in their career paths, build hands-on skills, and gain industry recognition.",Class 10,2,5,Electronics & Communication,Docker,Delhi,ONLINE,2026-12-05,N/A,N/A,0,https://aws.amazon.com,https://aws.amazon.com,2026-08-26,ACTIVE
687,NITI Aayog Internship Scheme - Season 35,HDFC Bank,Internships,"Detailed description for NITI Aayog Internship Scheme - Season 35. Work on public policy research and analysis under central government experts. This provides a perfect match for students looking to excel in their career paths, build hands-on skills, and gain industry recognition.",Postgraduate,1,3,Computer Science,Data Analytics,Hyderabad,HYBRID,2026-09-16,N/A,N/A,0,https://niti.gov.in,https://niti.gov.in,2026-08-29,ACTIVE
688,UNESCO Youth Volunteering Fellowship 2026,Major League Hacking,Volunteering,"Detailed description for UNESCO Youth Volunteering Fellowship 2026. Volunteer for community educational and digital literacy workshops. This provides a perfect match for students looking to excel in their career paths, build hands-on skills, and gain industry recognition.",Diploma,1,3,Science/B.Sc,"Communication,Social Work",Bangalore,ONLINE,2026-09-27,N/A,N/A,0,https://unesco.org,https://unesco.org,2026-08-27,ACTIVE
689,Study Abroad in Germany: DAAD Scholarship - Season 35,TCS,Study Abroad,"Detailed description for Study Abroad in Germany: DAAD Scholarship - Season 35. Postgraduate full-degree funding for engineering and science graduates. This provides a perfect match for students looking to excel in their career paths, build hands-on skills, and gain industry recognition.",Postgraduate,2,4,Medicine/MBBS,"Research Methodology,German Language",Bangalore,ONLINE,2026-08-07,N/A,N/A,0,https://daad.de,https://daad.de,2026-08-27,EXPIRED
690,Startup India Seed Fund Challenge - Season 35,DRDO,Entrepreneurship,"Detailed description for Startup India Seed Fund Challenge - Season 35. Submit startup pitch to receive incubator grants and mentorship. This provides a perfect match for students looking to excel in their career paths, build hands-on skills, and gain industry recognition.",Undergraduate,2,3,All Branches,"Public Speaking,Financial Accounting,Business Strategy",Delhi,ONLINE,2026-12-05,Up to Rs. 20 Lakhs funding,Up to Rs. 20 Lakhs funding,0,https://startupindia.gov.in,https://startupindia.gov.in,2026-08-27,ACTIVE
691,Adobe India Women in Tech Internship 2026,Ministry of Education,Internships,"Detailed description for Adobe India Women in Tech Internship 2026. Summer internship for female engineering students in product development. This provides a perfect match for students looking to excel in their career paths, build hands-on skills, and gain industry recognition.",Postgraduate,1,4,Commerce/B.Com,"Java,Algorithms",Bangalore,HYBRID,2026-08-27,"Stipend Rs. 1,00,000 / month","Stipend Rs. 1,00,000 / month",0,https://adobe.com,https://adobe.com,2026-08-28,EXPIRED
692,TCS CodeVita Coding Competition - Season 35,Tata Trusts,Competitions,"Detailed description for TCS CodeVita Coding Competition - Season 35. Global coding contest testing algorithmic problem-solving speed. This provides a perfect match for students looking to excel in their career paths, build hands-on skills, and gain industry recognition.",Postgraduate,2,3,Science/B.Sc,"Algorithms,Python",Delhi,HYBRID,2026-07-17,"Prizes up to $20,000 + Job interview",N/A,0,https://tcscodevita.com,https://tcscodevita.com,2026-08-29,EXPIRED
693,UN Sustainable Development Goals Workshop - Season 35,NITI Aayog,Workshops,"Detailed description for UN Sustainable Development Goals Workshop - Season 35. Five-day interactive virtual seminar on local social impact strategies. This provides a perfect match for students looking to excel in their career paths, build hands-on skills, and gain industry recognition.",Graduate,1,3,Computer Science,"Teamwork,Leadership",Chennai,OFFLINE,2026-09-12,N/A,N/A,0,https://sdg.un.org,https://sdg.un.org,2026-08-28,ACTIVE
694,International Conference on AI & ML (ICML India) 2026,Kaggle,Conferences,"Detailed description for International Conference on AI & ML (ICML India) 2026. Global research conference featuring top papers in AI/ML advancements. This provides a perfect match for students looking to excel in their career paths, build hands-on skills, and gain industry recognition.",Graduate,1,3,Biotechnology,Deep Learning,Hyderabad,OFFLINE,2026-08-27,N/A,N/A,"Rs. 2,000",https://icml.cc,https://icml.cc,2026-08-29,EXPIRED
695,DRDO Young Scientist Lab Project - Season 35,British Council,Research,"Detailed description for DRDO Young Scientist Lab Project - Season 35. Participate in defense robotics and computer vision project implementation. This provides a perfect match for students looking to excel in their career paths, build hands-on skills, and gain industry recognition.",Graduate,1,3,Mechanical Engineering,"Machine Learning,Python,C++",Hyderabad,HYBRID,2026-09-01,"Monthly stipend Rs. 31,000","Monthly stipend Rs. 31,000",0,https://drdo.gov.in,https://drdo.gov.in,2026-08-26,CLOSING_SOON
696,GitHub Campus Expert Program - Season 35,Kaggle,Ambassador Programs,"Detailed description for GitHub Campus Expert Program - Season 35. Learn public speaking and tech organization skills supported by GitHub. This provides a perfect match for students looking to excel in their career paths, build hands-on skills, and gain industry recognition.",Undergraduate,1,5,Civil Engineering,"Communication,Git,Leadership",Chennai,ONLINE,2026-08-04,N/A,N/A,0,https://education.github.com,https://education.github.com,2026-08-25,EXPIRED
697,G20 Youth Summit Innovation Challenge 2026,Kaggle,Innovation Challenges,"Detailed description for G20 Youth Summit Innovation Challenge 2026. Propose tech blueprints addressing renewable energy distribution. This provides a perfect match for students looking to excel in their career paths, build hands-on skills, and gain industry recognition.",Class 10,2,5,Law/LLB,"Problem Solving,Leadership",Chennai,OFFLINE,2026-08-10,"Certificate + Cash prize Rs. 50,000","Certificate + Cash prize Rs. 50,000",0,https://g20.org,https://g20.org,2026-08-28,EXPIRED
698,Stanford University Knight-Hennessy Scholars - Season 35,IIT Bombay,Study Abroad,"Detailed description for Stanford University Knight-Hennessy Scholars - Season 35. Full funding for graduate degrees at Stanford University in any field. This provides a perfect match for students looking to excel in their career paths, build hands-on skills, and gain industry recognition.",Class 10,2,3,Civil Engineering,"Research Methodology,Leadership",Delhi,ONLINE,2026-11-22,N/A,N/A,0,https://knight-hennessy.stanford.edu,https://knight-hennessy.stanford.edu,2026-08-28,ACTIVE
699,L&T Build India Scholarship - Season 35,Google,Scholarships,"Detailed description for L&T Build India Scholarship - Season 35. Sponsorship for M.Tech in Construction Technology at IIT Madras/Delhi. This provides a perfect match for students looking to excel in their career paths, build hands-on skills, and gain industry recognition.",Graduate,1,5,All Branches,"Civil Engineering,CAD",Delhi,OFFLINE,2026-09-20,"Tuition sponsored + Stipend Rs. 15,000","Tuition sponsored + Stipend Rs. 15,000",0,https://lntecc.com,https://lntecc.com,2026-08-25,ACTIVE
700,National Talent Search Examination (NTSE) 2026,NITI Aayog,Exams,"Detailed description for National Talent Search Examination (NTSE) 2026. National scholarship exam identifying academic talent in high school. This provides a perfect match for students looking to excel in their career paths, build hands-on skills, and gain industry recognition.",Diploma,1,3,Electronics & Communication,"Problem Solving,Mathematics",Remote,HYBRID,2026-07-23,N/A,N/A,0,https://ncert.nic.in,https://ncert.nic.in,2026-08-25,EXPIRED
701,Smart India Hackathon - Season 36,UNESCO,Hackathons,"Detailed description for Smart India Hackathon - Season 36. National level digital product building competition solving government problems. This provides a perfect match for students looking to excel in their career paths, build hands-on skills, and gain industry recognition.",Undergraduate,2,4,Computer Science,"SQL,Python",Kolkata,HYBRID,2026-11-02,"Rs. 1,00,000","Rs. 1,00,000",0,https://sih.gov.in,https://sih.gov.in,2026-08-25,ACTIVE
702,Google Summer of Code (GSoC) - Season 36,DRDO,Internships,"Detailed description for Google Summer of Code (GSoC) - Season 36. Global program matching students with open source organizations. This provides a perfect match for students looking to excel in their career paths, build hands-on skills, and gain industry recognition.",Class 12,1,4,Electrical Engineering,Python,Pune,OFFLINE,2026-08-31,N/A,Stipend ($1500 - $3000),0,https://summerofcode.withgoogle.com,https://summerofcode.withgoogle.com,2026-08-26,CLOSING_SOON
703,ISRO Fellowship Program 2026,British Council,Fellowships,"Detailed description for ISRO Fellowship Program 2026. Research fellowship for postgraduate students in aerospace, remote sensing, and computing. This provides a perfect match for students looking to excel in their career paths, build hands-on skills, and gain industry recognition.",Undergraduate,1,4,Biotechnology,"Python,Academic Writing,Research Methodology",Delhi,ONLINE,2026-08-16,"Rs. 35,000 / month","Rs. 35,000 / month",0,https://isro.gov.in,https://isro.gov.in,2026-08-28,EXPIRED
704,Kaggle ML Competition: Indian Housing - Season 36,Ministry of Education,Competitions,"Detailed description for Kaggle ML Competition: Indian Housing - Season 36. Solve machine learning regression challenges on public Indian dataset. This provides a perfect match for students looking to excel in their career paths, build hands-on skills, and gain industry recognition.",Postgraduate,1,4,Arts/Humanities,"Machine Learning,Python,Statistics",Pune,HYBRID,2026-12-06,"Prizes up to $10,000",N/A,0,https://kaggle.com,https://kaggle.com,2026-08-28,ACTIVE
705,Microsoft Learn Student Ambassador - Season 36,Google,Ambassador Programs,"Detailed description for Microsoft Learn Student Ambassador - Season 36. Host workshops and build technical communities in your local college. This provides a perfect match for students looking to excel in their career paths, build hands-on skills, and gain industry recognition.",Graduate,1,3,Mechanical Engineering,"Public Speaking,Leadership",Kolkata,ONLINE,2026-12-06,N/A,N/A,0,https://mvp.microsoft.com,https://mvp.microsoft.com,2026-08-25,ACTIVE
706,AWS Cloud Practitioner Certification Scholarship 2026,Coursera,Certifications,"Detailed description for AWS Cloud Practitioner Certification Scholarship 2026. Voucher scholarship providing 100% exam fee discount for students. This provides a perfect match for students looking to excel in their career paths, build hands-on skills, and gain industry recognition.",Diploma,1,5,All Branches,"Kubernetes,AWS,Docker",Pune,OFFLINE,2026-08-16,N/A,N/A,0,https://aws.amazon.com,https://aws.amazon.com,2026-08-27,EXPIRED
707,NITI Aayog Internship Scheme - Season 36,Coursera,Internships,"Detailed description for NITI Aayog Internship Scheme - Season 36. Work on public policy research and analysis under central government experts. This provides a perfect match for students looking to excel in their career paths, build hands-on skills, and gain industry recognition.",Undergraduate,1,3,Civil Engineering,"Research Methodology,Communication,Data Analytics",Remote,OFFLINE,2026-09-16,N/A,N/A,0,https://niti.gov.in,https://niti.gov.in,2026-08-29,ACTIVE
708,UNESCO Youth Volunteering Fellowship - Season 36,AICTE,Volunteering,"Detailed description for UNESCO Youth Volunteering Fellowship - Season 36. Volunteer for community educational and digital literacy workshops. This provides a perfect match for students looking to excel in their career paths, build hands-on skills, and gain industry recognition.",Postgraduate,1,5,Arts/Humanities,"Leadership,Communication",Kolkata,OFFLINE,2026-07-18,N/A,N/A,0,https://unesco.org,https://unesco.org,2026-08-28,EXPIRED
709,Study Abroad in Germany: DAAD Scholarship 2026,Infosys,Study Abroad,"Detailed description for Study Abroad in Germany: DAAD Scholarship 2026. Postgraduate full-degree funding for engineering and science graduates. This provides a perfect match for students looking to excel in their career paths, build hands-on skills, and gain industry recognition.",Graduate,1,5,All Branches,"German Language,Research Methodology",Mumbai,ONLINE,2026-10-22,N/A,N/A,0,https://daad.de,https://daad.de,2026-08-29,ACTIVE
710,Startup India Seed Fund Challenge - Season 36,ISRO,Entrepreneurship,"Detailed description for Startup India Seed Fund Challenge - Season 36. Submit startup pitch to receive incubator grants and mentorship. This provides a perfect match for students looking to excel in their career paths, build hands-on skills, and gain industry recognition.",Undergraduate,1,4,Electrical Engineering,Business Strategy,Pune,HYBRID,2026-08-21,Up to Rs. 20 Lakhs funding,Up to Rs. 20 Lakhs funding,0,https://startupindia.gov.in,https://startupindia.gov.in,2026-08-27,EXPIRED
711,Adobe India Women in Tech Internship - Season 36,AICTE,Internships,"Detailed description for Adobe India Women in Tech Internship - Season 36. Summer internship for female engineering students in product development. This provides a perfect match for students looking to excel in their career paths, build hands-on skills, and gain industry recognition.",Diploma,1,4,Commerce/B.Com,"Data Structures,C++,Java",Kolkata,HYBRID,2026-08-06,"Stipend Rs. 1,00,000 / month","Stipend Rs. 1,00,000 / month",0,https://adobe.com,https://adobe.com,2026-08-29,EXPIRED
712,TCS CodeVita Coding Competition 2026,IIT Madras,Competitions,"Detailed description for TCS CodeVita Coding Competition 2026. Global coding contest testing algorithmic problem-solving speed. This provides a perfect match for students looking to excel in their career paths, build hands-on skills, and gain industry recognition.",Class 10,2,4,Computer Science,Java,Pune,HYBRID,2026-12-12,"Prizes up to $20,000 + Job interview",N/A,0,https://tcscodevita.com,https://tcscodevita.com,2026-08-28,UPCOMING
713,UN Sustainable Development Goals Workshop - Season 36,DAAD,Workshops,"Detailed description for UN Sustainable Development Goals Workshop - Season 36. Five-day interactive virtual seminar on local social impact strategies. This provides a perfect match for students looking to excel in their career paths, build hands-on skills, and gain industry recognition.",Graduate,2,4,Mechanical Engineering,"Leadership,Communication,Teamwork",Kolkata,ONLINE,2026-10-31,N/A,N/A,0,https://sdg.un.org,https://sdg.un.org,2026-08-29,ACTIVE
714,International Conference on AI & ML (ICML India) - Season 36,British Council,Conferences,"Detailed description for International Conference on AI & ML (ICML India) - Season 36. Global research conference featuring top papers in AI/ML advancements. This provides a perfect match for students looking to excel in their career paths, build hands-on skills, and gain industry recognition.",Graduate,2,4,Business/BBA,"Machine Learning,Research Methodology,Deep Learning",Mumbai,HYBRID,2026-09-25,N/A,N/A,"Rs. 2,000",https://icml.cc,https://icml.cc,2026-08-26,ACTIVE
715,DRDO Young Scientist Lab Project 2026,Coursera,Research,"Detailed description for DRDO Young Scientist Lab Project 2026. Participate in defense robotics and computer vision project implementation. This provides a perfect match for students looking to excel in their career paths, build hands-on skills, and gain industry recognition.",Class 12,2,4,Medicine/MBBS,Python,Remote,OFFLINE,2026-09-12,"Monthly stipend Rs. 31,000","Monthly stipend Rs. 31,000",0,https://drdo.gov.in,https://drdo.gov.in,2026-08-27,ACTIVE
716,GitHub Campus Expert Program - Season 36,DAAD,Ambassador Programs,"Detailed description for GitHub Campus Expert Program - Season 36. Learn public speaking and tech organization skills supported by GitHub. This provides a perfect match for students looking to excel in their career paths, build hands-on skills, and gain industry recognition.",Class 12,2,4,Electrical Engineering,"Communication,Leadership",Pune,HYBRID,2026-11-04,N/A,N/A,0,https://education.github.com,https://education.github.com,2026-08-27,ACTIVE
717,G20 Youth Summit Innovation Challenge - Season 36,Microsoft,Innovation Challenges,"Detailed description for G20 Youth Summit Innovation Challenge - Season 36. Propose tech blueprints addressing renewable energy distribution. This provides a perfect match for students looking to excel in their career paths, build hands-on skills, and gain industry recognition.",Class 12,2,4,Civil Engineering,"Business Strategy,Problem Solving",Kolkata,ONLINE,2026-09-24,"Certificate + Cash prize Rs. 50,000","Certificate + Cash prize Rs. 50,000",0,https://g20.org,https://g20.org,2026-08-26,ACTIVE
718,Stanford University Knight-Hennessy Scholars 2026,Startup India,Study Abroad,"Detailed description for Stanford University Knight-Hennessy Scholars 2026. Full funding for graduate degrees at Stanford University in any field. This provides a perfect match for students looking to excel in their career paths, build hands-on skills, and gain industry recognition.",Postgraduate,1,5,Mechanical Engineering,"Research Methodology,Leadership",Pune,HYBRID,2026-12-21,N/A,N/A,0,https://knight-hennessy.stanford.edu,https://knight-hennessy.stanford.edu,2026-08-29,ACTIVE
719,L&T Build India Scholarship - Season 36,IIT Bombay,Scholarships,"Detailed description for L&T Build India Scholarship - Season 36. Sponsorship for M.Tech in Construction Technology at IIT Madras/Delhi. This provides a perfect match for students looking to excel in their career paths, build hands-on skills, and gain industry recognition.",Postgraduate,2,4,Arts/Humanities,"Physics,CAD,Civil Engineering",Remote,HYBRID,2026-11-08,"Tuition sponsored + Stipend Rs. 15,000","Tuition sponsored + Stipend Rs. 15,000",0,https://lntecc.com,https://lntecc.com,2026-08-27,ACTIVE
720,National Talent Search Examination (NTSE) - Season 36,CERN,Exams,"Detailed description for National Talent Search Examination (NTSE) - Season 36. National scholarship exam identifying academic talent in high school. This provides a perfect match for students looking to excel in their career paths, build hands-on skills, and gain industry recognition.",Postgraduate,1,3,Civil Engineering,"Mathematics,Problem Solving",Remote,HYBRID,2026-08-03,N/A,N/A,0,https://ncert.nic.in,https://ncert.nic.in,2026-08-27,EXPIRED
721,Smart India Hackathon 2026,IIT Bombay,Hackathons,"Detailed description for Smart India Hackathon 2026. National level digital product building competition solving government problems. This provides a perfect match for students looking to excel in their career paths, build hands-on skills, and gain industry recognition.",Undergraduate,2,5,Civil Engineering,"React,SQL,Python",Remote,OFFLINE,2026-10-08,"Rs. 1,00,000","Rs. 1,00,000",0,https://sih.gov.in,https://sih.gov.in,2026-08-27,ACTIVE
722,Google Summer of Code (GSoC) - Season 37,Reliance Foundation,Internships,"Detailed description for Google Summer of Code (GSoC) - Season 37. Global program matching students with open source organizations. This provides a perfect match for students looking to excel in their career paths, build hands-on skills, and gain industry recognition.",Graduate,2,5,Arts/Humanities,Java,Mumbai,OFFLINE,2026-08-16,N/A,Stipend ($1500 - $3000),0,https://summerofcode.withgoogle.com,https://summerofcode.withgoogle.com,2026-08-28,EXPIRED
723,ISRO Fellowship Program - Season 37,DRDO,Fellowships,"Detailed description for ISRO Fellowship Program - Season 37. Research fellowship for postgraduate students in aerospace, remote sensing, and computing. This provides a perfect match for students looking to excel in their career paths, build hands-on skills, and gain industry recognition.",Graduate,2,5,Civil Engineering,Academic Writing,Pune,HYBRID,2026-12-09,"Rs. 35,000 / month","Rs. 35,000 / month",0,https://isro.gov.in,https://isro.gov.in,2026-08-27,UPCOMING
724,Kaggle ML Competition: Indian Housing 2026,Google,Competitions,"Detailed description for Kaggle ML Competition: Indian Housing 2026. Solve machine learning regression challenges on public Indian dataset. This provides a perfect match for students looking to excel in their career paths, build hands-on skills, and gain industry recognition.",Class 10,2,4,Law/LLB,Statistics,Delhi,OFFLINE,2026-10-17,"Prizes up to $10,000",N/A,0,https://kaggle.com,https://kaggle.com,2026-08-28,ACTIVE
725,Microsoft Learn Student Ambassador - Season 37,Ministry of Education,Ambassador Programs,"Detailed description for Microsoft Learn Student Ambassador - Season 37. Host workshops and build technical communities in your local college. This provides a perfect match for students looking to excel in their career paths, build hands-on skills, and gain industry recognition.",Undergraduate,1,4,Electrical Engineering,Communication,Chennai,OFFLINE,2026-09-03,N/A,N/A,0,https://mvp.microsoft.com,https://mvp.microsoft.com,2026-08-29,CLOSING_SOON
726,AWS Cloud Practitioner Certification Scholarship - Season 37,TCS,Certifications,"Detailed description for AWS Cloud Practitioner Certification Scholarship - Season 37. Voucher scholarship providing 100% exam fee discount for students. This provides a perfect match for students looking to excel in their career paths, build hands-on skills, and gain industry recognition.",Diploma,1,4,Arts/Humanities,"Docker,AWS,Kubernetes",Pune,HYBRID,2026-11-24,N/A,N/A,0,https://aws.amazon.com,https://aws.amazon.com,2026-08-26,ACTIVE
727,NITI Aayog Internship Scheme 2026,TCS,Internships,"Detailed description for NITI Aayog Internship Scheme 2026. Work on public policy research and analysis under central government experts. This provides a perfect match for students looking to excel in their career paths, build hands-on skills, and gain industry recognition.",Diploma,2,5,Commerce/B.Com,"Communication,Data Analytics",Mumbai,OFFLINE,2026-10-25,N/A,N/A,0,https://niti.gov.in,https://niti.gov.in,2026-08-27,ACTIVE
728,UNESCO Youth Volunteering Fellowship - Season 37,GitHub,Volunteering,"Detailed description for UNESCO Youth Volunteering Fellowship - Season 37. Volunteer for community educational and digital literacy workshops. This provides a perfect match for students looking to excel in their career paths, build hands-on skills, and gain industry recognition.",Class 12,1,3,Business/BBA,"Leadership,Social Work",Remote,HYBRID,2026-11-10,N/A,N/A,0,https://unesco.org,https://unesco.org,2026-08-26,ACTIVE
729,Study Abroad in Germany: DAAD Scholarship - Season 37,Ministry of Education,Study Abroad,"Detailed description for Study Abroad in Germany: DAAD Scholarship - Season 37. Postgraduate full-degree funding for engineering and science graduates. This provides a perfect match for students looking to excel in their career paths, build hands-on skills, and gain industry recognition.",Class 10,1,3,Law/LLB,"German Language,Research Methodology",Bangalore,ONLINE,2026-12-08,N/A,N/A,0,https://daad.de,https://daad.de,2026-08-28,ACTIVE
730,Startup India Seed Fund Challenge 2026,DRDO,Entrepreneurship,"Detailed description for Startup India Seed Fund Challenge 2026. Submit startup pitch to receive incubator grants and mentorship. This provides a perfect match for students looking to excel in their career paths, build hands-on skills, and gain industry recognition.",Postgraduate,1,3,Commerce/B.Com,Public Speaking,Bangalore,OFFLINE,2026-09-01,Up to Rs. 20 Lakhs funding,Up to Rs. 20 Lakhs funding,0,https://startupindia.gov.in,https://startupindia.gov.in,2026-08-26,CLOSING_SOON
731,Adobe India Women in Tech Internship - Season 37,Infosys,Internships,"Detailed description for Adobe India Women in Tech Internship - Season 37. Summer internship for female engineering students in product development. This provides a perfect match for students looking to excel in their career paths, build hands-on skills, and gain industry recognition.",Undergraduate,1,5,Arts/Humanities,"C++,Data Structures",Kolkata,HYBRID,2026-07-11,"Stipend Rs. 1,00,000 / month","Stipend Rs. 1,00,000 / month",0,https://adobe.com,https://adobe.com,2026-08-26,EXPIRED
732,TCS CodeVita Coding Competition - Season 37,CERN,Competitions,"Detailed description for TCS CodeVita Coding Competition - Season 37. Global coding contest testing algorithmic problem-solving speed. This provides a perfect match for students looking to excel in their career paths, build hands-on skills, and gain industry recognition.",Postgraduate,2,3,Civil Engineering,"Java,Algorithms,Python",Delhi,OFFLINE,2026-11-12,"Prizes up to $20,000 + Job interview",N/A,0,https://tcscodevita.com,https://tcscodevita.com,2026-08-25,ACTIVE
733,UN Sustainable Development Goals Workshop 2026,GitHub,Workshops,"Detailed description for UN Sustainable Development Goals Workshop 2026. Five-day interactive virtual seminar on local social impact strategies. This provides a perfect match for students looking to excel in their career paths, build hands-on skills, and gain industry recognition.",Graduate,1,4,All Branches,"Teamwork,Leadership,Communication",Pune,HYBRID,2026-08-16,N/A,N/A,0,https://sdg.un.org,https://sdg.un.org,2026-08-27,EXPIRED
734,International Conference on AI & ML (ICML India) - Season 37,AICTE,Conferences,"Detailed description for International Conference on AI & ML (ICML India) - Season 37. Global research conference featuring top papers in AI/ML advancements. This provides a perfect match for students looking to excel in their career paths, build hands-on skills, and gain industry recognition.",Postgraduate,2,4,Commerce/B.Com,Research Methodology,Bangalore,ONLINE,2026-09-05,N/A,N/A,"Rs. 2,000",https://icml.cc,https://icml.cc,2026-08-26,CLOSING_SOON
735,DRDO Young Scientist Lab Project - Season 37,ACM,Research,"Detailed description for DRDO Young Scientist Lab Project - Season 37. Participate in defense robotics and computer vision project implementation. This provides a perfect match for students looking to excel in their career paths, build hands-on skills, and gain industry recognition.",Postgraduate,1,3,Medicine/MBBS,"Computer Vision,C++,Python",Bangalore,HYBRID,2026-11-01,"Monthly stipend Rs. 31,000","Monthly stipend Rs. 31,000",0,https://drdo.gov.in,https://drdo.gov.in,2026-08-26,ACTIVE
736,GitHub Campus Expert Program 2026,Coursera,Ambassador Programs,"Detailed description for GitHub Campus Expert Program 2026. Learn public speaking and tech organization skills supported by GitHub. This provides a perfect match for students looking to excel in their career paths, build hands-on skills, and gain industry recognition.",Graduate,2,5,Electronics & Communication,"Leadership,Communication",Pune,OFFLINE,2026-12-04,N/A,N/A,0,https://education.github.com,https://education.github.com,2026-08-26,ACTIVE
737,G20 Youth Summit Innovation Challenge - Season 37,UNESCO,Innovation Challenges,"Detailed description for G20 Youth Summit Innovation Challenge - Season 37. Propose tech blueprints addressing renewable energy distribution. This provides a perfect match for students looking to excel in their career paths, build hands-on skills, and gain industry recognition.",Undergraduate,1,5,Business/BBA,"Business Strategy,Problem Solving,Leadership",Delhi,HYBRID,2026-09-25,"Certificate + Cash prize Rs. 50,000","Certificate + Cash prize Rs. 50,000",0,https://g20.org,https://g20.org,2026-08-29,ACTIVE
738,Stanford University Knight-Hennessy Scholars - Season 37,TCS,Study Abroad,"Detailed description for Stanford University Knight-Hennessy Scholars - Season 37. Full funding for graduate degrees at Stanford University in any field. This provides a perfect match for students looking to excel in their career paths, build hands-on skills, and gain industry recognition.",Graduate,1,4,Science/B.Sc,Academic Writing,Pune,ONLINE,2026-12-05,N/A,N/A,0,https://knight-hennessy.stanford.edu,https://knight-hennessy.stanford.edu,2026-08-28,ACTIVE
739,L&T Build India Scholarship 2026,AICTE,Scholarships,"Detailed description for L&T Build India Scholarship 2026. Sponsorship for M.Tech in Construction Technology at IIT Madras/Delhi. This provides a perfect match for students looking to excel in their career paths, build hands-on skills, and gain industry recognition.",Class 10,2,3,Commerce/B.Com,"Civil Engineering,Physics",Delhi,ONLINE,2026-10-12,"Tuition sponsored + Stipend Rs. 15,000","Tuition sponsored + Stipend Rs. 15,000",0,https://lntecc.com,https://lntecc.com,2026-08-27,ACTIVE
740,National Talent Search Examination (NTSE) - Season 37,AICTE,Exams,"Detailed description for National Talent Search Examination (NTSE) - Season 37. National scholarship exam identifying academic talent in high school. This provides a perfect match for students looking to excel in their career paths, build hands-on skills, and gain industry recognition.",Graduate,2,3,Biotechnology,"Mathematics,Problem Solving",Pune,ONLINE,2026-08-23,N/A,N/A,0,https://ncert.nic.in,https://ncert.nic.in,2026-08-29,EXPIRED
741,Smart India Hackathon - Season 38,TCS,Hackathons,"Detailed description for Smart India Hackathon - Season 38. National level digital product building competition solving government problems. This provides a perfect match for students looking to excel in their career paths, build hands-on skills, and gain industry recognition.",Diploma,1,3,All Branches,SQL,Chennai,OFFLINE,2026-12-11,"Rs. 1,00,000","Rs. 1,00,000",0,https://sih.gov.in,https://sih.gov.in,2026-08-27,ACTIVE
742,Google Summer of Code (GSoC) 2026,IEEE,Internships,"Detailed description for Google Summer of Code (GSoC) 2026. Global program matching students with open source organizations. This provides a perfect match for students looking to excel in their career paths, build hands-on skills, and gain industry recognition.",Postgraduate,1,3,All Branches,JavaScript,Kolkata,ONLINE,2026-12-27,N/A,Stipend ($1500 - $3000),0,https://summerofcode.withgoogle.com,https://summerofcode.withgoogle.com,2026-08-28,ACTIVE
743,ISRO Fellowship Program - Season 38,Smart India Hackathon,Fellowships,"Detailed description for ISRO Fellowship Program - Season 38. Research fellowship for postgraduate students in aerospace, remote sensing, and computing. This provides a perfect match for students looking to excel in their career paths, build hands-on skills, and gain industry recognition.",Graduate,2,5,Electrical Engineering,"Python,Research Methodology",Bangalore,ONLINE,2026-10-02,"Rs. 35,000 / month","Rs. 35,000 / month",0,https://isro.gov.in,https://isro.gov.in,2026-08-28,ACTIVE
744,Kaggle ML Competition: Indian Housing - Season 38,DAAD,Competitions,"Detailed description for Kaggle ML Competition: Indian Housing - Season 38. Solve machine learning regression challenges on public Indian dataset. This provides a perfect match for students looking to excel in their career paths, build hands-on skills, and gain industry recognition.",Diploma,2,5,Biotechnology,"Machine Learning,Statistics,Python",Mumbai,ONLINE,2026-10-29,"Prizes up to $10,000",N/A,0,https://kaggle.com,https://kaggle.com,2026-08-29,ACTIVE
745,Microsoft Learn Student Ambassador 2026,NITI Aayog,Ambassador Programs,"Detailed description for Microsoft Learn Student Ambassador 2026. Host workshops and build technical communities in your local college. This provides a perfect match for students looking to excel in their career paths, build hands-on skills, and gain industry recognition.",Class 12,2,3,Computer Science,"Public Speaking,Leadership",Chennai,OFFLINE,2026-09-27,N/A,N/A,0,https://mvp.microsoft.com,https://mvp.microsoft.com,2026-08-26,ACTIVE
746,AWS Cloud Practitioner Certification Scholarship - Season 38,NITI Aayog,Certifications,"Detailed description for AWS Cloud Practitioner Certification Scholarship - Season 38. Voucher scholarship providing 100% exam fee discount for students. This provides a perfect match for students looking to excel in their career paths, build hands-on skills, and gain industry recognition.",Class 12,2,3,Law/LLB,"AWS,Docker,Kubernetes",Bangalore,OFFLINE,2026-11-12,N/A,N/A,0,https://aws.amazon.com,https://aws.amazon.com,2026-08-27,ACTIVE
747,NITI Aayog Internship Scheme - Season 38,HDFC Bank,Internships,"Detailed description for NITI Aayog Internship Scheme - Season 38. Work on public policy research and analysis under central government experts. This provides a perfect match for students looking to excel in their career paths, build hands-on skills, and gain industry recognition.",Undergraduate,1,3,Commerce/B.Com,"Research Methodology,Communication",Chennai,ONLINE,2026-11-20,N/A,N/A,0,https://niti.gov.in,https://niti.gov.in,2026-08-28,ACTIVE
748,UNESCO Youth Volunteering Fellowship 2026,Amazon,Volunteering,"Detailed description for UNESCO Youth Volunteering Fellowship 2026. Volunteer for community educational and digital literacy workshops. This provides a perfect match for students looking to excel in their career paths, build hands-on skills, and gain industry recognition.",Diploma,1,3,All Branches,Leadership,Remote,OFFLINE,2026-09-02,N/A,N/A,0,https://unesco.org,https://unesco.org,2026-08-25,CLOSING_SOON
749,Study Abroad in Germany: DAAD Scholarship - Season 38,Buddy4Study,Study Abroad,"Detailed description for Study Abroad in Germany: DAAD Scholarship - Season 38. Postgraduate full-degree funding for engineering and science graduates. This provides a perfect match for students looking to excel in their career paths, build hands-on skills, and gain industry recognition.",Graduate,2,3,Computer Science,Research Methodology,Hyderabad,OFFLINE,2026-10-11,N/A,N/A,0,https://daad.de,https://daad.de,2026-08-27,ACTIVE
750,Startup India Seed Fund Challenge - Season 38,Infosys,Entrepreneurship,"Detailed description for Startup India Seed Fund Challenge - Season 38. Submit startup pitch to receive incubator grants and mentorship. This provides a perfect match for students looking to excel in their career paths, build hands-on skills, and gain industry recognition.",Undergraduate,2,3,Law/LLB,Public Speaking,Delhi,ONLINE,2026-12-11,Up to Rs. 20 Lakhs funding,Up to Rs. 20 Lakhs funding,0,https://startupindia.gov.in,https://startupindia.gov.in,2026-08-25,ACTIVE
751,Adobe India Women in Tech Internship 2026,TCS,Internships,"Detailed description for Adobe India Women in Tech Internship 2026. Summer internship for female engineering students in product development. This provides a perfect match for students looking to excel in their career paths, build hands-on skills, and gain industry recognition.",Class 12,1,5,Medicine/MBBS,Java,Kolkata,ONLINE,2026-08-08,"Stipend Rs. 1,00,000 / month","Stipend Rs. 1,00,000 / month",0,https://adobe.com,https://adobe.com,2026-08-27,EXPIRED
752,TCS CodeVita Coding Competition - Season 38,Udemy,Competitions,"Detailed description for TCS CodeVita Coding Competition - Season 38. Global coding contest testing algorithmic problem-solving speed. This provides a perfect match for students looking to excel in their career paths, build hands-on skills, and gain industry recognition.",Class 12,2,5,Business/BBA,"Data Structures,C++,Python",Chennai,HYBRID,2026-10-10,"Prizes up to $20,000 + Job interview",N/A,0,https://tcscodevita.com,https://tcscodevita.com,2026-08-29,ACTIVE
753,UN Sustainable Development Goals Workshop - Season 38,ACM,Workshops,"Detailed description for UN Sustainable Development Goals Workshop - Season 38. Five-day interactive virtual seminar on local social impact strategies. This provides a perfect match for students looking to excel in their career paths, build hands-on skills, and gain industry recognition.",Graduate,2,4,Mechanical Engineering,Leadership,Bangalore,HYBRID,2026-12-05,N/A,N/A,0,https://sdg.un.org,https://sdg.un.org,2026-08-27,UPCOMING
754,International Conference on AI & ML (ICML India) 2026,Smart India Hackathon,Conferences,"Detailed description for International Conference on AI & ML (ICML India) 2026. Global research conference featuring top papers in AI/ML advancements. This provides a perfect match for students looking to excel in their career paths, build hands-on skills, and gain industry recognition.",Class 10,1,4,Mechanical Engineering,Machine Learning,Hyderabad,HYBRID,2026-08-13,N/A,N/A,"Rs. 2,000",https://icml.cc,https://icml.cc,2026-08-28,EXPIRED
755,DRDO Young Scientist Lab Project - Season 38,Microsoft,Research,"Detailed description for DRDO Young Scientist Lab Project - Season 38. Participate in defense robotics and computer vision project implementation. This provides a perfect match for students looking to excel in their career paths, build hands-on skills, and gain industry recognition.",Class 12,1,3,Mechanical Engineering,Machine Learning,Mumbai,HYBRID,2026-12-19,"Monthly stipend Rs. 31,000","Monthly stipend Rs. 31,000",0,https://drdo.gov.in,https://drdo.gov.in,2026-08-26,ACTIVE
756,GitHub Campus Expert Program - Season 38,TCS,Ambassador Programs,"Detailed description for GitHub Campus Expert Program - Season 38. Learn public speaking and tech organization skills supported by GitHub. This provides a perfect match for students looking to excel in their career paths, build hands-on skills, and gain industry recognition.",Class 12,2,3,Law/LLB,"Leadership,Communication,Git",Kolkata,HYBRID,2026-08-07,N/A,N/A,0,https://education.github.com,https://education.github.com,2026-08-25,EXPIRED
757,G20 Youth Summit Innovation Challenge 2026,TCS,Innovation Challenges,"Detailed description for G20 Youth Summit Innovation Challenge 2026. Propose tech blueprints addressing renewable energy distribution. This provides a perfect match for students looking to excel in their career paths, build hands-on skills, and gain industry recognition.",Class 10,1,5,Medicine/MBBS,Problem Solving,Remote,OFFLINE,2026-08-06,"Certificate + Cash prize Rs. 50,000","Certificate + Cash prize Rs. 50,000",0,https://g20.org,https://g20.org,2026-08-27,EXPIRED
758,Stanford University Knight-Hennessy Scholars - Season 38,HDFC Bank,Study Abroad,"Detailed description for Stanford University Knight-Hennessy Scholars - Season 38. Full funding for graduate degrees at Stanford University in any field. This provides a perfect match for students looking to excel in their career paths, build hands-on skills, and gain industry recognition.",Postgraduate,2,3,Biotechnology,"Research Methodology,Academic Writing,Leadership",Hyderabad,ONLINE,2026-10-04,N/A,N/A,0,https://knight-hennessy.stanford.edu,https://knight-hennessy.stanford.edu,2026-08-25,ACTIVE
759,L&T Build India Scholarship - Season 38,Startup India,Scholarships,"Detailed description for L&T Build India Scholarship - Season 38. Sponsorship for M.Tech in Construction Technology at IIT Madras/Delhi. This provides a perfect match for students looking to excel in their career paths, build hands-on skills, and gain industry recognition.",Undergraduate,1,5,All Branches,"Physics,Civil Engineering,CAD",Mumbai,OFFLINE,2026-11-13,"Tuition sponsored + Stipend Rs. 15,000","Tuition sponsored + Stipend Rs. 15,000",0,https://lntecc.com,https://lntecc.com,2026-08-25,ACTIVE
760,National Talent Search Examination (NTSE) 2026,Udemy,Exams,"Detailed description for National Talent Search Examination (NTSE) 2026. National scholarship exam identifying academic talent in high school. This provides a perfect match for students looking to excel in their career paths, build hands-on skills, and gain industry recognition.",Postgraduate,1,5,Law/LLB,"Problem Solving,Mathematics",Chennai,OFFLINE,2026-07-24,N/A,N/A,0,https://ncert.nic.in,https://ncert.nic.in,2026-08-28,EXPIRED
761,Smart India Hackathon - Season 39,CERN,Hackathons,"Detailed description for Smart India Hackathon - Season 39. National level digital product building competition solving government problems. This provides a perfect match for students looking to excel in their career paths, build hands-on skills, and gain industry recognition.",Postgraduate,1,3,Commerce/B.Com,Python,Remote,HYBRID,2026-10-03,"Rs. 1,00,000","Rs. 1,00,000",0,https://sih.gov.in,https://sih.gov.in,2026-08-26,ACTIVE
762,Google Summer of Code (GSoC) - Season 39,Google,Internships,"Detailed description for Google Summer of Code (GSoC) - Season 39. Global program matching students with open source organizations. This provides a perfect match for students looking to excel in their career paths, build hands-on skills, and gain industry recognition.",Class 12,1,5,Law/LLB,"C++,Java,Git",Delhi,HYBRID,2026-11-04,N/A,Stipend ($1500 - $3000),0,https://summerofcode.withgoogle.com,https://summerofcode.withgoogle.com,2026-08-29,ACTIVE
763,ISRO Fellowship Program 2026,TCS,Fellowships,"Detailed description for ISRO Fellowship Program 2026. Research fellowship for postgraduate students in aerospace, remote sensing, and computing. This provides a perfect match for students looking to excel in their career paths, build hands-on skills, and gain industry recognition.",Graduate,2,5,All Branches,"Research Methodology,Python,Academic Writing",Kolkata,HYBRID,2026-08-07,"Rs. 35,000 / month","Rs. 35,000 / month",0,https://isro.gov.in,https://isro.gov.in,2026-08-29,EXPIRED
764,Kaggle ML Competition: Indian Housing - Season 39,Tata Trusts,Competitions,"Detailed description for Kaggle ML Competition: Indian Housing - Season 39. Solve machine learning regression challenges on public Indian dataset. This provides a perfect match for students looking to excel in their career paths, build hands-on skills, and gain industry recognition.",Class 12,2,3,Arts/Humanities,Machine Learning,Delhi,HYBRID,2026-07-17,"Prizes up to $10,000",N/A,0,https://kaggle.com,https://kaggle.com,2026-08-29,EXPIRED
765,Microsoft Learn Student Ambassador - Season 39,Major League Hacking,Ambassador Programs,"Detailed description for Microsoft Learn Student Ambassador - Season 39. Host workshops and build technical communities in your local college. This provides a perfect match for students looking to excel in their career paths, build hands-on skills, and gain industry recognition.",Undergraduate,1,5,All Branches,Public Speaking,Mumbai,HYBRID,2026-09-29,N/A,N/A,0,https://mvp.microsoft.com,https://mvp.microsoft.com,2026-08-29,ACTIVE
766,AWS Cloud Practitioner Certification Scholarship 2026,Reliance Foundation,Certifications,"Detailed description for AWS Cloud Practitioner Certification Scholarship 2026. Voucher scholarship providing 100% exam fee discount for students. This provides a perfect match for students looking to excel in their career paths, build hands-on skills, and gain industry recognition.",Class 10,1,5,Law/LLB,Kubernetes,Pune,ONLINE,2026-12-13,N/A,N/A,0,https://aws.amazon.com,https://aws.amazon.com,2026-08-27,UPCOMING
767,NITI Aayog Internship Scheme - Season 39,Major League Hacking,Internships,"Detailed description for NITI Aayog Internship Scheme - Season 39. Work on public policy research and analysis under central government experts. This provides a perfect match for students looking to excel in their career paths, build hands-on skills, and gain industry recognition.",Undergraduate,1,4,All Branches,Communication,Delhi,HYBRID,2026-12-14,N/A,N/A,0,https://niti.gov.in,https://niti.gov.in,2026-08-28,ACTIVE
768,UNESCO Youth Volunteering Fellowship - Season 39,Microsoft,Volunteering,"Detailed description for UNESCO Youth Volunteering Fellowship - Season 39. Volunteer for community educational and digital literacy workshops. This provides a perfect match for students looking to excel in their career paths, build hands-on skills, and gain industry recognition.",Graduate,1,4,Business/BBA,"Communication,Social Work,Leadership",Hyderabad,OFFLINE,2026-11-21,N/A,N/A,0,https://unesco.org,https://unesco.org,2026-08-27,ACTIVE
769,Study Abroad in Germany: DAAD Scholarship 2026,TCS,Study Abroad,"Detailed description for Study Abroad in Germany: DAAD Scholarship 2026. Postgraduate full-degree funding for engineering and science graduates. This provides a perfect match for students looking to excel in their career paths, build hands-on skills, and gain industry recognition.",Diploma,1,5,Medicine/MBBS,German Language,Hyderabad,OFFLINE,2026-07-29,N/A,N/A,0,https://daad.de,https://daad.de,2026-08-28,EXPIRED
770,Startup India Seed Fund Challenge - Season 39,ISRO,Entrepreneurship,"Detailed description for Startup India Seed Fund Challenge - Season 39. Submit startup pitch to receive incubator grants and mentorship. This provides a perfect match for students looking to excel in their career paths, build hands-on skills, and gain industry recognition.",Class 10,1,4,Medicine/MBBS,"Financial Accounting,Business Strategy",Bangalore,OFFLINE,2026-10-09,Up to Rs. 20 Lakhs funding,Up to Rs. 20 Lakhs funding,0,https://startupindia.gov.in,https://startupindia.gov.in,2026-08-28,ACTIVE
771,Adobe India Women in Tech Internship - Season 39,Smart India Hackathon,Internships,"Detailed description for Adobe India Women in Tech Internship - Season 39. Summer internship for female engineering students in product development. This provides a perfect match for students looking to excel in their career paths, build hands-on skills, and gain industry recognition.",Postgraduate,2,3,Law/LLB,Data Structures,Hyderabad,ONLINE,2026-11-20,"Stipend Rs. 1,00,000 / month","Stipend Rs. 1,00,000 / month",0,https://adobe.com,https://adobe.com,2026-08-27,ACTIVE
772,TCS CodeVita Coding Competition 2026,Google,Competitions,"Detailed description for TCS CodeVita Coding Competition 2026. Global coding contest testing algorithmic problem-solving speed. This provides a perfect match for students looking to excel in their career paths, build hands-on skills, and gain industry recognition.",Postgraduate,2,3,Medicine/MBBS,"Algorithms,C++,Data Structures",Kolkata,HYBRID,2026-10-30,"Prizes up to $20,000 + Job interview",N/A,0,https://tcscodevita.com,https://tcscodevita.com,2026-08-26,ACTIVE
773,UN Sustainable Development Goals Workshop - Season 39,IIT Bombay,Workshops,"Detailed description for UN Sustainable Development Goals Workshop - Season 39. Five-day interactive virtual seminar on local social impact strategies. This provides a perfect match for students looking to excel in their career paths, build hands-on skills, and gain industry recognition.",Diploma,1,5,All Branches,Leadership,Chennai,ONLINE,2026-09-21,N/A,N/A,0,https://sdg.un.org,https://sdg.un.org,2026-08-28,ACTIVE
774,International Conference on AI & ML (ICML India) - Season 39,Microsoft,Conferences,"Detailed description for International Conference on AI & ML (ICML India) - Season 39. Global research conference featuring top papers in AI/ML advancements. This provides a perfect match for students looking to excel in their career paths, build hands-on skills, and gain industry recognition.",Graduate,2,5,Computer Science,"Research Methodology,Machine Learning,Deep Learning",Hyderabad,OFFLINE,2026-10-15,N/A,N/A,"Rs. 2,000",https://icml.cc,https://icml.cc,2026-08-28,ACTIVE
775,DRDO Young Scientist Lab Project 2026,Amazon,Research,"Detailed description for DRDO Young Scientist Lab Project 2026. Participate in defense robotics and computer vision project implementation. This provides a perfect match for students looking to excel in their career paths, build hands-on skills, and gain industry recognition.",Diploma,2,4,Science/B.Sc,"Python,Machine Learning,Computer Vision",Hyderabad,HYBRID,2026-12-13,"Monthly stipend Rs. 31,000","Monthly stipend Rs. 31,000",0,https://drdo.gov.in,https://drdo.gov.in,2026-08-26,ACTIVE
776,GitHub Campus Expert Program - Season 39,Infosys,Ambassador Programs,"Detailed description for GitHub Campus Expert Program - Season 39. Learn public speaking and tech organization skills supported by GitHub. This provides a perfect match for students looking to excel in their career paths, build hands-on skills, and gain industry recognition.",Graduate,1,4,Biotechnology,"Git,Communication",Bangalore,OFFLINE,2026-07-14,N/A,N/A,0,https://education.github.com,https://education.github.com,2026-08-26,EXPIRED
777,G20 Youth Summit Innovation Challenge - Season 39,Coursera,Innovation Challenges,"Detailed description for G20 Youth Summit Innovation Challenge - Season 39. Propose tech blueprints addressing renewable energy distribution. This provides a perfect match for students looking to excel in their career paths, build hands-on skills, and gain industry recognition.",Undergraduate,2,4,All Branches,"Problem Solving,Leadership",Remote,HYBRID,2026-10-17,"Certificate + Cash prize Rs. 50,000","Certificate + Cash prize Rs. 50,000",0,https://g20.org,https://g20.org,2026-08-25,ACTIVE
778,Stanford University Knight-Hennessy Scholars 2026,Ministry of Education,Study Abroad,"Detailed description for Stanford University Knight-Hennessy Scholars 2026. Full funding for graduate degrees at Stanford University in any field. This provides a perfect match for students looking to excel in their career paths, build hands-on skills, and gain industry recognition.",Undergraduate,1,5,Mechanical Engineering,"Academic Writing,Leadership",Chennai,HYBRID,2026-10-15,N/A,N/A,0,https://knight-hennessy.stanford.edu,https://knight-hennessy.stanford.edu,2026-08-25,ACTIVE
779,L&T Build India Scholarship - Season 39,NITI Aayog,Scholarships,"Detailed description for L&T Build India Scholarship - Season 39. Sponsorship for M.Tech in Construction Technology at IIT Madras/Delhi. This provides a perfect match for students looking to excel in their career paths, build hands-on skills, and gain industry recognition.",Diploma,2,4,Computer Science,"CAD,Physics",Remote,OFFLINE,2026-08-18,"Tuition sponsored + Stipend Rs. 15,000","Tuition sponsored + Stipend Rs. 15,000",0,https://lntecc.com,https://lntecc.com,2026-08-27,EXPIRED
780,National Talent Search Examination (NTSE) - Season 39,Kaggle,Exams,"Detailed description for National Talent Search Examination (NTSE) - Season 39. National scholarship exam identifying academic talent in high school. This provides a perfect match for students looking to excel in their career paths, build hands-on skills, and gain industry recognition.",Diploma,1,5,Computer Science,Mathematics,Hyderabad,HYBRID,2026-10-09,N/A,N/A,0,https://ncert.nic.in,https://ncert.nic.in,2026-08-28,ACTIVE
781,Smart India Hackathon 2026,Infosys,Hackathons,"Detailed description for Smart India Hackathon 2026. National level digital product building competition solving government problems. This provides a perfect match for students looking to excel in their career paths, build hands-on skills, and gain industry recognition.",Class 12,2,5,Electronics & Communication,"Python,React,SQL",Delhi,ONLINE,2026-09-28,"Rs. 1,00,000","Rs. 1,00,000",0,https://sih.gov.in,https://sih.gov.in,2026-08-25,ACTIVE
782,Google Summer of Code (GSoC) - Season 40,ACM,Internships,"Detailed description for Google Summer of Code (GSoC) - Season 40. Global program matching students with open source organizations. This provides a perfect match for students looking to excel in their career paths, build hands-on skills, and gain industry recognition.",Graduate,2,5,Law/LLB,"Git,C++,JavaScript",Bangalore,OFFLINE,2026-12-20,N/A,Stipend ($1500 - $3000),0,https://summerofcode.withgoogle.com,https://summerofcode.withgoogle.com,2026-08-29,ACTIVE
783,ISRO Fellowship Program - Season 40,ACM,Fellowships,"Detailed description for ISRO Fellowship Program - Season 40. Research fellowship for postgraduate students in aerospace, remote sensing, and computing. This provides a perfect match for students looking to excel in their career paths, build hands-on skills, and gain industry recognition.",Class 10,1,3,All Branches,"Research Methodology,Academic Writing,Python",Kolkata,ONLINE,2026-07-24,"Rs. 35,000 / month","Rs. 35,000 / month",0,https://isro.gov.in,https://isro.gov.in,2026-08-26,EXPIRED
784,Kaggle ML Competition: Indian Housing 2026,TCS,Competitions,"Detailed description for Kaggle ML Competition: Indian Housing 2026. Solve machine learning regression challenges on public Indian dataset. This provides a perfect match for students looking to excel in their career paths, build hands-on skills, and gain industry recognition.",Graduate,1,5,Law/LLB,Python,Bangalore,ONLINE,2026-08-08,"Prizes up to $10,000",N/A,0,https://kaggle.com,https://kaggle.com,2026-08-26,EXPIRED
785,Microsoft Learn Student Ambassador - Season 40,USIEF,Ambassador Programs,"Detailed description for Microsoft Learn Student Ambassador - Season 40. Host workshops and build technical communities in your local college. This provides a perfect match for students looking to excel in their career paths, build hands-on skills, and gain industry recognition.",Class 10,1,3,Biotechnology,"Leadership,Public Speaking,Communication",Pune,HYBRID,2026-11-28,N/A,N/A,0,https://mvp.microsoft.com,https://mvp.microsoft.com,2026-08-29,ACTIVE
786,AWS Cloud Practitioner Certification Scholarship - Season 40,Major League Hacking,Certifications,"Detailed description for AWS Cloud Practitioner Certification Scholarship - Season 40. Voucher scholarship providing 100% exam fee discount for students. This provides a perfect match for students looking to excel in their career paths, build hands-on skills, and gain industry recognition.",Graduate,2,5,Mechanical Engineering,"Kubernetes,Docker,AWS",Remote,OFFLINE,2026-11-03,N/A,N/A,0,https://aws.amazon.com,https://aws.amazon.com,2026-08-26,ACTIVE
787,NITI Aayog Internship Scheme 2026,UNESCO,Internships,"Detailed description for NITI Aayog Internship Scheme 2026. Work on public policy research and analysis under central government experts. This provides a perfect match for students looking to excel in their career paths, build hands-on skills, and gain industry recognition.",Graduate,1,4,Civil Engineering,"Data Analytics,Research Methodology",Mumbai,ONLINE,2026-09-01,N/A,N/A,0,https://niti.gov.in,https://niti.gov.in,2026-08-29,CLOSING_SOON
788,UNESCO Youth Volunteering Fellowship - Season 40,Ministry of Education,Volunteering,"Detailed description for UNESCO Youth Volunteering Fellowship - Season 40. Volunteer for community educational and digital literacy workshops. This provides a perfect match for students looking to excel in their career paths, build hands-on skills, and gain industry recognition.",Class 10,1,5,Electrical Engineering,"Leadership,Social Work",Remote,OFFLINE,2026-10-21,N/A,N/A,0,https://unesco.org,https://unesco.org,2026-08-27,ACTIVE
789,Study Abroad in Germany: DAAD Scholarship - Season 40,British Council,Study Abroad,"Detailed description for Study Abroad in Germany: DAAD Scholarship - Season 40. Postgraduate full-degree funding for engineering and science graduates. This provides a perfect match for students looking to excel in their career paths, build hands-on skills, and gain industry recognition.",Undergraduate,2,3,Mechanical Engineering,"Research Methodology,German Language",Remote,HYBRID,2026-12-12,N/A,N/A,0,https://daad.de,https://daad.de,2026-08-29,ACTIVE
790,Startup India Seed Fund Challenge 2026,Smart India Hackathon,Entrepreneurship,"Detailed description for Startup India Seed Fund Challenge 2026. Submit startup pitch to receive incubator grants and mentorship. This provides a perfect match for students looking to excel in their career paths, build hands-on skills, and gain industry recognition.",Undergraduate,1,4,Medicine/MBBS,Financial Accounting,Hyderabad,OFFLINE,2026-08-24,Up to Rs. 20 Lakhs funding,Up to Rs. 20 Lakhs funding,0,https://startupindia.gov.in,https://startupindia.gov.in,2026-08-28,EXPIRED
791,Adobe India Women in Tech Internship - Season 40,Coursera,Internships,"Detailed description for Adobe India Women in Tech Internship - Season 40. Summer internship for female engineering students in product development. This provides a perfect match for students looking to excel in their career paths, build hands-on skills, and gain industry recognition.",Undergraduate,2,4,Electrical Engineering,"Data Structures,C++",Kolkata,OFFLINE,2026-07-16,"Stipend Rs. 1,00,000 / month","Stipend Rs. 1,00,000 / month",0,https://adobe.com,https://adobe.com,2026-08-25,EXPIRED
792,TCS CodeVita Coding Competition - Season 40,CERN,Competitions,"Detailed description for TCS CodeVita Coding Competition - Season 40. Global coding contest testing algorithmic problem-solving speed. This provides a perfect match for students looking to excel in their career paths, build hands-on skills, and gain industry recognition.",Graduate,1,3,Arts/Humanities,"Python,Algorithms,Data Structures",Mumbai,ONLINE,2026-09-12,"Prizes up to $20,000 + Job interview",N/A,0,https://tcscodevita.com,https://tcscodevita.com,2026-08-26,ACTIVE
793,UN Sustainable Development Goals Workshop 2026,HDFC Bank,Workshops,"Detailed description for UN Sustainable Development Goals Workshop 2026. Five-day interactive virtual seminar on local social impact strategies. This provides a perfect match for students looking to excel in their career paths, build hands-on skills, and gain industry recognition.",Undergraduate,1,5,Mechanical Engineering,"Teamwork,Communication",Bangalore,ONLINE,2026-08-11,N/A,N/A,0,https://sdg.un.org,https://sdg.un.org,2026-08-25,EXPIRED
794,International Conference on AI & ML (ICML India) - Season 40,British Council,Conferences,"Detailed description for International Conference on AI & ML (ICML India) - Season 40. Global research conference featuring top papers in AI/ML advancements. This provides a perfect match for students looking to excel in their career paths, build hands-on skills, and gain industry recognition.",Class 10,2,4,Biotechnology,"Machine Learning,Research Methodology,Deep Learning",Pune,OFFLINE,2026-10-15,N/A,N/A,"Rs. 2,000",https://icml.cc,https://icml.cc,2026-08-29,ACTIVE
795,DRDO Young Scientist Lab Project - Season 40,Google,Research,"Detailed description for DRDO Young Scientist Lab Project - Season 40. Participate in defense robotics and computer vision project implementation. This provides a perfect match for students looking to excel in their career paths, build hands-on skills, and gain industry recognition.",Class 12,2,5,Mechanical Engineering,Computer Vision,Mumbai,ONLINE,2026-11-14,"Monthly stipend Rs. 31,000","Monthly stipend Rs. 31,000",0,https://drdo.gov.in,https://drdo.gov.in,2026-08-25,ACTIVE
796,GitHub Campus Expert Program 2026,Kaggle,Ambassador Programs,"Detailed description for GitHub Campus Expert Program 2026. Learn public speaking and tech organization skills supported by GitHub. This provides a perfect match for students looking to excel in their career paths, build hands-on skills, and gain industry recognition.",Graduate,2,4,Law/LLB,"Leadership,Git,Communication",Remote,HYBRID,2026-11-19,N/A,N/A,0,https://education.github.com,https://education.github.com,2026-08-25,ACTIVE
797,G20 Youth Summit Innovation Challenge - Season 40,Kaggle,Innovation Challenges,"Detailed description for G20 Youth Summit Innovation Challenge - Season 40. Propose tech blueprints addressing renewable energy distribution. This provides a perfect match for students looking to excel in their career paths, build hands-on skills, and gain industry recognition.",Class 12,1,5,Civil Engineering,Business Strategy,Mumbai,OFFLINE,2026-10-17,"Certificate + Cash prize Rs. 50,000","Certificate + Cash prize Rs. 50,000",0,https://g20.org,https://g20.org,2026-08-28,ACTIVE
798,Stanford University Knight-Hennessy Scholars - Season 40,NITI Aayog,Study Abroad,"Detailed description for Stanford University Knight-Hennessy Scholars - Season 40. Full funding for graduate degrees at Stanford University in any field. This provides a perfect match for students looking to excel in their career paths, build hands-on skills, and gain industry recognition.",Class 12,1,3,Civil Engineering,Research Methodology,Pune,OFFLINE,2026-11-03,N/A,N/A,0,https://knight-hennessy.stanford.edu,https://knight-hennessy.stanford.edu,2026-08-27,ACTIVE
799,L&T Build India Scholarship 2026,HDFC Bank,Scholarships,"Detailed description for L&T Build India Scholarship 2026. Sponsorship for M.Tech in Construction Technology at IIT Madras/Delhi. This provides a perfect match for students looking to excel in their career paths, build hands-on skills, and gain industry recognition.",Diploma,2,5,Biotechnology,"Physics,Civil Engineering",Delhi,OFFLINE,2026-09-23,"Tuition sponsored + Stipend Rs. 15,000","Tuition sponsored + Stipend Rs. 15,000",0,https://lntecc.com,https://lntecc.com,2026-08-25,ACTIVE
800,National Talent Search Examination (NTSE) - Season 40,Buddy4Study,Exams,"Detailed description for National Talent Search Examination (NTSE) - Season 40. National scholarship exam identifying academic talent in high school. This provides a perfect match for students looking to excel in their career paths, build hands-on skills, and gain industry recognition.",Class 10,2,3,Law/LLB,"Mathematics,Problem Solving",Remote,HYBRID,2026-09-19,N/A,N/A,0,https://ncert.nic.in,https://ncert.nic.in,2026-08-26,ACTIVE
801,Smart India Hackathon - Season 41,UNESCO,Hackathons,"Detailed description for Smart India Hackathon - Season 41. National level digital product building competition solving government problems. This provides a perfect match for students looking to excel in their career paths, build hands-on skills, and gain industry recognition.",Postgraduate,1,5,Mechanical Engineering,"React,SQL,Python",Mumbai,OFFLINE,2026-10-18,"Rs. 1,00,000","Rs. 1,00,000",0,https://sih.gov.in,https://sih.gov.in,2026-08-27,ACTIVE
802,Google Summer of Code (GSoC) 2026,IIT Madras,Internships,"Detailed description for Google Summer of Code (GSoC) 2026. Global program matching students with open source organizations. This provides a perfect match for students looking to excel in their career paths, build hands-on skills, and gain industry recognition.",Class 12,1,5,All Branches,"Git,C++,Python",Kolkata,HYBRID,2026-08-27,N/A,Stipend ($1500 - $3000),0,https://summerofcode.withgoogle.com,https://summerofcode.withgoogle.com,2026-08-25,EXPIRED
803,ISRO Fellowship Program - Season 41,GitHub,Fellowships,"Detailed description for ISRO Fellowship Program - Season 41. Research fellowship for postgraduate students in aerospace, remote sensing, and computing. This provides a perfect match for students looking to excel in their career paths, build hands-on skills, and gain industry recognition.",Diploma,2,5,Computer Science,Python,Delhi,HYBRID,2026-07-27,"Rs. 35,000 / month","Rs. 35,000 / month",0,https://isro.gov.in,https://isro.gov.in,2026-08-29,EXPIRED
804,Kaggle ML Competition: Indian Housing - Season 41,DRDO,Competitions,"Detailed description for Kaggle ML Competition: Indian Housing - Season 41. Solve machine learning regression challenges on public Indian dataset. This provides a perfect match for students looking to excel in their career paths, build hands-on skills, and gain industry recognition.",Class 10,2,3,All Branches,"Python,Machine Learning",Bangalore,ONLINE,2026-10-27,"Prizes up to $10,000",N/A,0,https://kaggle.com,https://kaggle.com,2026-08-26,ACTIVE
805,Microsoft Learn Student Ambassador 2026,Smart India Hackathon,Ambassador Programs,"Detailed description for Microsoft Learn Student Ambassador 2026. Host workshops and build technical communities in your local college. This provides a perfect match for students looking to excel in their career paths, build hands-on skills, and gain industry recognition.",Graduate,1,3,Biotechnology,"Communication,Public Speaking,Leadership",Delhi,OFFLINE,2026-07-19,N/A,N/A,0,https://mvp.microsoft.com,https://mvp.microsoft.com,2026-08-28,EXPIRED
806,AWS Cloud Practitioner Certification Scholarship - Season 41,Coursera,Certifications,"Detailed description for AWS Cloud Practitioner Certification Scholarship - Season 41. Voucher scholarship providing 100% exam fee discount for students. This provides a perfect match for students looking to excel in their career paths, build hands-on skills, and gain industry recognition.",Class 12,2,4,Commerce/B.Com,"Kubernetes,Docker,AWS",Pune,ONLINE,2026-08-16,N/A,N/A,0,https://aws.amazon.com,https://aws.amazon.com,2026-08-26,EXPIRED
807,NITI Aayog Internship Scheme - Season 41,Tata Trusts,Internships,"Detailed description for NITI Aayog Internship Scheme - Season 41. Work on public policy research and analysis under central government experts. This provides a perfect match for students looking to excel in their career paths, build hands-on skills, and gain industry recognition.",Class 12,2,3,Civil Engineering,Data Analytics,Delhi,ONLINE,2026-11-01,N/A,N/A,0,https://niti.gov.in,https://niti.gov.in,2026-08-28,ACTIVE
808,UNESCO Youth Volunteering Fellowship 2026,USIEF,Volunteering,"Detailed description for UNESCO Youth Volunteering Fellowship 2026. Volunteer for community educational and digital literacy workshops. This provides a perfect match for students looking to excel in their career paths, build hands-on skills, and gain industry recognition.",Class 12,1,3,Science/B.Sc,Social Work,Remote,HYBRID,2026-11-10,N/A,N/A,0,https://unesco.org,https://unesco.org,2026-08-27,ACTIVE
809,Study Abroad in Germany: DAAD Scholarship - Season 41,Tata Trusts,Study Abroad,"Detailed description for Study Abroad in Germany: DAAD Scholarship - Season 41. Postgraduate full-degree funding for engineering and science graduates. This provides a perfect match for students looking to excel in their career paths, build hands-on skills, and gain industry recognition.",Class 10,2,5,Electronics & Communication,Research Methodology,Delhi,OFFLINE,2026-11-14,N/A,N/A,0,https://daad.de,https://daad.de,2026-08-29,ACTIVE
810,Startup India Seed Fund Challenge - Season 41,USIEF,Entrepreneurship,"Detailed description for Startup India Seed Fund Challenge - Season 41. Submit startup pitch to receive incubator grants and mentorship. This provides a perfect match for students looking to excel in their career paths, build hands-on skills, and gain industry recognition.",Class 12,1,4,Arts/Humanities,Financial Accounting,Pune,ONLINE,2026-09-22,Up to Rs. 20 Lakhs funding,Up to Rs. 20 Lakhs funding,0,https://startupindia.gov.in,https://startupindia.gov.in,2026-08-28,ACTIVE
811,Adobe India Women in Tech Internship 2026,AICTE,Internships,"Detailed description for Adobe India Women in Tech Internship 2026. Summer internship for female engineering students in product development. This provides a perfect match for students looking to excel in their career paths, build hands-on skills, and gain industry recognition.",Class 12,1,5,Electronics & Communication,"Data Structures,C++,Java",Chennai,ONLINE,2026-12-01,"Stipend Rs. 1,00,000 / month","Stipend Rs. 1,00,000 / month",0,https://adobe.com,https://adobe.com,2026-08-27,ACTIVE
812,TCS CodeVita Coding Competition - Season 41,NITI Aayog,Competitions,"Detailed description for TCS CodeVita Coding Competition - Season 41. Global coding contest testing algorithmic problem-solving speed. This provides a perfect match for students looking to excel in their career paths, build hands-on skills, and gain industry recognition.",Postgraduate,2,5,Civil Engineering,"Data Structures,Algorithms,C++",Chennai,HYBRID,2026-12-03,"Prizes up to $20,000 + Job interview",N/A,0,https://tcscodevita.com,https://tcscodevita.com,2026-08-25,UPCOMING
813,UN Sustainable Development Goals Workshop - Season 41,DRDO,Workshops,"Detailed description for UN Sustainable Development Goals Workshop - Season 41. Five-day interactive virtual seminar on local social impact strategies. This provides a perfect match for students looking to excel in their career paths, build hands-on skills, and gain industry recognition.",Undergraduate,1,4,Computer Science,"Leadership,Teamwork,Communication",Bangalore,OFFLINE,2026-10-09,N/A,N/A,0,https://sdg.un.org,https://sdg.un.org,2026-08-25,ACTIVE
814,International Conference on AI & ML (ICML India) 2026,NITI Aayog,Conferences,"Detailed description for International Conference on AI & ML (ICML India) 2026. Global research conference featuring top papers in AI/ML advancements. This provides a perfect match for students looking to excel in their career paths, build hands-on skills, and gain industry recognition.",Undergraduate,2,4,Law/LLB,"Deep Learning,Machine Learning,Research Methodology",Pune,ONLINE,2026-08-28,N/A,N/A,"Rs. 2,000",https://icml.cc,https://icml.cc,2026-08-28,EXPIRED
815,DRDO Young Scientist Lab Project - Season 41,Infosys,Research,"Detailed description for DRDO Young Scientist Lab Project - Season 41. Participate in defense robotics and computer vision project implementation. This provides a perfect match for students looking to excel in their career paths, build hands-on skills, and gain industry recognition.",Graduate,2,5,Biotechnology,"Python,Machine Learning,C++",Mumbai,HYBRID,2026-08-22,"Monthly stipend Rs. 31,000","Monthly stipend Rs. 31,000",0,https://drdo.gov.in,https://drdo.gov.in,2026-08-28,EXPIRED
816,GitHub Campus Expert Program - Season 41,GitHub,Ambassador Programs,"Detailed description for GitHub Campus Expert Program - Season 41. Learn public speaking and tech organization skills supported by GitHub. This provides a perfect match for students looking to excel in their career paths, build hands-on skills, and gain industry recognition.",Class 10,2,4,Science/B.Sc,Git,Bangalore,ONLINE,2026-07-22,N/A,N/A,0,https://education.github.com,https://education.github.com,2026-08-29,EXPIRED
817,G20 Youth Summit Innovation Challenge 2026,AICTE,Innovation Challenges,"Detailed description for G20 Youth Summit Innovation Challenge 2026. Propose tech blueprints addressing renewable energy distribution. This provides a perfect match for students looking to excel in their career paths, build hands-on skills, and gain industry recognition.",Class 12,2,3,Commerce/B.Com,"Problem Solving,Business Strategy",Pune,OFFLINE,2026-10-13,"Certificate + Cash prize Rs. 50,000","Certificate + Cash prize Rs. 50,000",0,https://g20.org,https://g20.org,2026-08-28,ACTIVE
818,Stanford University Knight-Hennessy Scholars - Season 41,Udemy,Study Abroad,"Detailed description for Stanford University Knight-Hennessy Scholars - Season 41. Full funding for graduate degrees at Stanford University in any field. This provides a perfect match for students looking to excel in their career paths, build hands-on skills, and gain industry recognition.",Undergraduate,1,3,Computer Science,"Academic Writing,Research Methodology,Leadership",Chennai,ONLINE,2026-09-24,N/A,N/A,0,https://knight-hennessy.stanford.edu,https://knight-hennessy.stanford.edu,2026-08-26,ACTIVE
819,L&T Build India Scholarship - Season 41,Reliance Foundation,Scholarships,"Detailed description for L&T Build India Scholarship - Season 41. Sponsorship for M.Tech in Construction Technology at IIT Madras/Delhi. This provides a perfect match for students looking to excel in their career paths, build hands-on skills, and gain industry recognition.",Class 12,1,4,Mechanical Engineering,CAD,Chennai,OFFLINE,2026-10-31,"Tuition sponsored + Stipend Rs. 15,000","Tuition sponsored + Stipend Rs. 15,000",0,https://lntecc.com,https://lntecc.com,2026-08-26,ACTIVE
820,National Talent Search Examination (NTSE) 2026,Major League Hacking,Exams,"Detailed description for National Talent Search Examination (NTSE) 2026. National scholarship exam identifying academic talent in high school. This provides a perfect match for students looking to excel in their career paths, build hands-on skills, and gain industry recognition.",Class 12,2,4,Medicine/MBBS,"Problem Solving,Mathematics",Chennai,ONLINE,2026-11-27,N/A,N/A,0,https://ncert.nic.in,https://ncert.nic.in,2026-08-27,ACTIVE
821,Smart India Hackathon - Season 42,Infosys,Hackathons,"Detailed description for Smart India Hackathon - Season 42. National level digital product building competition solving government problems. This provides a perfect match for students looking to excel in their career paths, build hands-on skills, and gain industry recognition.",Undergraduate,1,4,Biotechnology,Python,Hyderabad,OFFLINE,2026-09-21,"Rs. 1,00,000","Rs. 1,00,000",0,https://sih.gov.in,https://sih.gov.in,2026-08-28,ACTIVE
822,Google Summer of Code (GSoC) - Season 42,USIEF,Internships,"Detailed description for Google Summer of Code (GSoC) - Season 42. Global program matching students with open source organizations. This provides a perfect match for students looking to excel in their career paths, build hands-on skills, and gain industry recognition.",Postgraduate,2,4,Business/BBA,Git,Hyderabad,ONLINE,2026-08-05,N/A,Stipend ($1500 - $3000),0,https://summerofcode.withgoogle.com,https://summerofcode.withgoogle.com,2026-08-29,EXPIRED
823,ISRO Fellowship Program 2026,NITI Aayog,Fellowships,"Detailed description for ISRO Fellowship Program 2026. Research fellowship for postgraduate students in aerospace, remote sensing, and computing. This provides a perfect match for students looking to excel in their career paths, build hands-on skills, and gain industry recognition.",Class 12,2,3,Electronics & Communication,"Academic Writing,Python",Pune,OFFLINE,2026-12-11,"Rs. 35,000 / month","Rs. 35,000 / month",0,https://isro.gov.in,https://isro.gov.in,2026-08-28,UPCOMING
824,Kaggle ML Competition: Indian Housing - Season 42,NITI Aayog,Competitions,"Detailed description for Kaggle ML Competition: Indian Housing - Season 42. Solve machine learning regression challenges on public Indian dataset. This provides a perfect match for students looking to excel in their career paths, build hands-on skills, and gain industry recognition.",Diploma,1,3,Law/LLB,"Machine Learning,Python",Mumbai,OFFLINE,2026-12-04,"Prizes up to $10,000",N/A,0,https://kaggle.com,https://kaggle.com,2026-08-27,ACTIVE
825,Microsoft Learn Student Ambassador - Season 42,British Council,Ambassador Programs,"Detailed description for Microsoft Learn Student Ambassador - Season 42. Host workshops and build technical communities in your local college. This provides a perfect match for students looking to excel in their career paths, build hands-on skills, and gain industry recognition.",Postgraduate,1,4,Electrical Engineering,"Leadership,Communication",Mumbai,ONLINE,2026-11-19,N/A,N/A,0,https://mvp.microsoft.com,https://mvp.microsoft.com,2026-08-28,ACTIVE
826,AWS Cloud Practitioner Certification Scholarship 2026,Coursera,Certifications,"Detailed description for AWS Cloud Practitioner Certification Scholarship 2026. Voucher scholarship providing 100% exam fee discount for students. This provides a perfect match for students looking to excel in their career paths, build hands-on skills, and gain industry recognition.",Graduate,1,3,Electronics & Communication,"Docker,Kubernetes,AWS",Pune,OFFLINE,2026-10-03,N/A,N/A,0,https://aws.amazon.com,https://aws.amazon.com,2026-08-26,ACTIVE
827,NITI Aayog Internship Scheme - Season 42,NITI Aayog,Internships,"Detailed description for NITI Aayog Internship Scheme - Season 42. Work on public policy research and analysis under central government experts. This provides a perfect match for students looking to excel in their career paths, build hands-on skills, and gain industry recognition.",Class 12,1,5,Science/B.Sc,"Research Methodology,Data Analytics,Communication",Bangalore,OFFLINE,2026-10-01,N/A,N/A,0,https://niti.gov.in,https://niti.gov.in,2026-08-27,ACTIVE
828,UNESCO Youth Volunteering Fellowship - Season 42,Infosys,Volunteering,"Detailed description for UNESCO Youth Volunteering Fellowship - Season 42. Volunteer for community educational and digital literacy workshops. This provides a perfect match for students looking to excel in their career paths, build hands-on skills, and gain industry recognition.",Graduate,1,5,Electronics & Communication,"Leadership,Social Work",Mumbai,HYBRID,2026-10-26,N/A,N/A,0,https://unesco.org,https://unesco.org,2026-08-27,ACTIVE
829,Study Abroad in Germany: DAAD Scholarship 2026,GitHub,Study Abroad,"Detailed description for Study Abroad in Germany: DAAD Scholarship 2026. Postgraduate full-degree funding for engineering and science graduates. This provides a perfect match for students looking to excel in their career paths, build hands-on skills, and gain industry recognition.",Class 10,2,5,Law/LLB,German Language,Delhi,HYBRID,2026-07-24,N/A,N/A,0,https://daad.de,https://daad.de,2026-08-27,EXPIRED
830,Startup India Seed Fund Challenge - Season 42,Infosys,Entrepreneurship,"Detailed description for Startup India Seed Fund Challenge - Season 42. Submit startup pitch to receive incubator grants and mentorship. This provides a perfect match for students looking to excel in their career paths, build hands-on skills, and gain industry recognition.",Undergraduate,1,4,Science/B.Sc,"Financial Accounting,Business Strategy,Public Speaking",Kolkata,ONLINE,2026-11-14,Up to Rs. 20 Lakhs funding,Up to Rs. 20 Lakhs funding,0,https://startupindia.gov.in,https://startupindia.gov.in,2026-08-28,ACTIVE
831,Adobe India Women in Tech Internship - Season 42,GitHub,Internships,"Detailed description for Adobe India Women in Tech Internship - Season 42. Summer internship for female engineering students in product development. This provides a perfect match for students looking to excel in their career paths, build hands-on skills, and gain industry recognition.",Diploma,2,3,Civil Engineering,Algorithms,Delhi,ONLINE,2026-11-14,"Stipend Rs. 1,00,000 / month","Stipend Rs. 1,00,000 / month",0,https://adobe.com,https://adobe.com,2026-08-29,ACTIVE
832,TCS CodeVita Coding Competition 2026,DAAD,Competitions,"Detailed description for TCS CodeVita Coding Competition 2026. Global coding contest testing algorithmic problem-solving speed. This provides a perfect match for students looking to excel in their career paths, build hands-on skills, and gain industry recognition.",Diploma,1,4,Civil Engineering,"C++,Data Structures,Algorithms",Mumbai,HYBRID,2026-12-06,"Prizes up to $20,000 + Job interview",N/A,0,https://tcscodevita.com,https://tcscodevita.com,2026-08-29,ACTIVE
833,UN Sustainable Development Goals Workshop - Season 42,DAAD,Workshops,"Detailed description for UN Sustainable Development Goals Workshop - Season 42. Five-day interactive virtual seminar on local social impact strategies. This provides a perfect match for students looking to excel in their career paths, build hands-on skills, and gain industry recognition.",Class 10,1,4,Law/LLB,"Teamwork,Leadership,Communication",Remote,ONLINE,2026-12-01,N/A,N/A,0,https://sdg.un.org,https://sdg.un.org,2026-08-28,ACTIVE
834,International Conference on AI & ML (ICML India) - Season 42,Major League Hacking,Conferences,"Detailed description for International Conference on AI & ML (ICML India) - Season 42. Global research conference featuring top papers in AI/ML advancements. This provides a perfect match for students looking to excel in their career paths, build hands-on skills, and gain industry recognition.",Class 10,2,3,Biotechnology,"Research Methodology,Deep Learning,Machine Learning",Chennai,OFFLINE,2026-07-11,N/A,N/A,"Rs. 2,000",https://icml.cc,https://icml.cc,2026-08-26,EXPIRED
835,DRDO Young Scientist Lab Project 2026,Infosys,Research,"Detailed description for DRDO Young Scientist Lab Project 2026. Participate in defense robotics and computer vision project implementation. This provides a perfect match for students looking to excel in their career paths, build hands-on skills, and gain industry recognition.",Diploma,2,5,Electrical Engineering,Computer Vision,Chennai,ONLINE,2026-10-15,"Monthly stipend Rs. 31,000","Monthly stipend Rs. 31,000",0,https://drdo.gov.in,https://drdo.gov.in,2026-08-29,ACTIVE
836,GitHub Campus Expert Program - Season 42,Major League Hacking,Ambassador Programs,"Detailed description for GitHub Campus Expert Program - Season 42. Learn public speaking and tech organization skills supported by GitHub. This provides a perfect match for students looking to excel in their career paths, build hands-on skills, and gain industry recognition.",Undergraduate,1,3,Medicine/MBBS,"Leadership,Communication",Delhi,ONLINE,2026-10-25,N/A,N/A,0,https://education.github.com,https://education.github.com,2026-08-26,ACTIVE
837,G20 Youth Summit Innovation Challenge - Season 42,NITI Aayog,Innovation Challenges,"Detailed description for G20 Youth Summit Innovation Challenge - Season 42. Propose tech blueprints addressing renewable energy distribution. This provides a perfect match for students looking to excel in their career paths, build hands-on skills, and gain industry recognition.",Class 10,2,3,Commerce/B.Com,Business Strategy,Remote,HYBRID,2026-12-25,"Certificate + Cash prize Rs. 50,000","Certificate + Cash prize Rs. 50,000",0,https://g20.org,https://g20.org,2026-08-27,ACTIVE
838,Stanford University Knight-Hennessy Scholars 2026,ISRO,Study Abroad,"Detailed description for Stanford University Knight-Hennessy Scholars 2026. Full funding for graduate degrees at Stanford University in any field. This provides a perfect match for students looking to excel in their career paths, build hands-on skills, and gain industry recognition.",Class 12,2,4,Electronics & Communication,Academic Writing,Kolkata,ONLINE,2026-09-29,N/A,N/A,0,https://knight-hennessy.stanford.edu,https://knight-hennessy.stanford.edu,2026-08-28,ACTIVE
839,L&T Build India Scholarship - Season 42,ISRO,Scholarships,"Detailed description for L&T Build India Scholarship - Season 42. Sponsorship for M.Tech in Construction Technology at IIT Madras/Delhi. This provides a perfect match for students looking to excel in their career paths, build hands-on skills, and gain industry recognition.",Diploma,2,5,Computer Science,"Physics,Civil Engineering",Hyderabad,OFFLINE,2026-11-17,"Tuition sponsored + Stipend Rs. 15,000","Tuition sponsored + Stipend Rs. 15,000",0,https://lntecc.com,https://lntecc.com,2026-08-25,ACTIVE
840,National Talent Search Examination (NTSE) - Season 42,ISRO,Exams,"Detailed description for National Talent Search Examination (NTSE) - Season 42. National scholarship exam identifying academic talent in high school. This provides a perfect match for students looking to excel in their career paths, build hands-on skills, and gain industry recognition.",Graduate,2,4,Electrical Engineering,"Problem Solving,Mathematics",Chennai,ONLINE,2026-08-27,N/A,N/A,0,https://ncert.nic.in,https://ncert.nic.in,2026-08-29,EXPIRED
841,Smart India Hackathon 2026,Infosys,Hackathons,"Detailed description for Smart India Hackathon 2026. National level digital product building competition solving government problems. This provides a perfect match for students looking to excel in their career paths, build hands-on skills, and gain industry recognition.",Undergraduate,1,5,Commerce/B.Com,React,Chennai,OFFLINE,2026-12-22,"Rs. 1,00,000","Rs. 1,00,000",0,https://sih.gov.in,https://sih.gov.in,2026-08-27,ACTIVE
842,Google Summer of Code (GSoC) - Season 43,ACM,Internships,"Detailed description for Google Summer of Code (GSoC) - Season 43. Global program matching students with open source organizations. This provides a perfect match for students looking to excel in their career paths, build hands-on skills, and gain industry recognition.",Class 10,1,5,Science/B.Sc,Java,Remote,ONLINE,2026-07-21,N/A,Stipend ($1500 - $3000),0,https://summerofcode.withgoogle.com,https://summerofcode.withgoogle.com,2026-08-26,EXPIRED
843,ISRO Fellowship Program - Season 43,USIEF,Fellowships,"Detailed description for ISRO Fellowship Program - Season 43. Research fellowship for postgraduate students in aerospace, remote sensing, and computing. This provides a perfect match for students looking to excel in their career paths, build hands-on skills, and gain industry recognition.",Postgraduate,2,4,Science/B.Sc,Research Methodology,Chennai,HYBRID,2026-09-07,"Rs. 35,000 / month","Rs. 35,000 / month",0,https://isro.gov.in,https://isro.gov.in,2026-08-29,CLOSING_SOON
844,Kaggle ML Competition: Indian Housing 2026,CERN,Competitions,"Detailed description for Kaggle ML Competition: Indian Housing 2026. Solve machine learning regression challenges on public Indian dataset. This provides a perfect match for students looking to excel in their career paths, build hands-on skills, and gain industry recognition.",Graduate,2,4,Law/LLB,"Python,Machine Learning,Statistics",Chennai,ONLINE,2026-12-26,"Prizes up to $10,000",N/A,0,https://kaggle.com,https://kaggle.com,2026-08-27,ACTIVE
845,Microsoft Learn Student Ambassador - Season 43,TCS,Ambassador Programs,"Detailed description for Microsoft Learn Student Ambassador - Season 43. Host workshops and build technical communities in your local college. This provides a perfect match for students looking to excel in their career paths, build hands-on skills, and gain industry recognition.",Undergraduate,2,5,All Branches,"Communication,Public Speaking,Leadership",Mumbai,ONLINE,2026-09-05,N/A,N/A,0,https://mvp.microsoft.com,https://mvp.microsoft.com,2026-08-26,CLOSING_SOON
846,AWS Cloud Practitioner Certification Scholarship - Season 43,Google,Certifications,"Detailed description for AWS Cloud Practitioner Certification Scholarship - Season 43. Voucher scholarship providing 100% exam fee discount for students. This provides a perfect match for students looking to excel in their career paths, build hands-on skills, and gain industry recognition.",Class 12,1,4,Electrical Engineering,"Kubernetes,AWS",Remote,OFFLINE,2026-07-14,N/A,N/A,0,https://aws.amazon.com,https://aws.amazon.com,2026-08-27,EXPIRED
847,NITI Aayog Internship Scheme 2026,CERN,Internships,"Detailed description for NITI Aayog Internship Scheme 2026. Work on public policy research and analysis under central government experts. This provides a perfect match for students looking to excel in their career paths, build hands-on skills, and gain industry recognition.",Undergraduate,1,3,Computer Science,Communication,Bangalore,ONLINE,2026-10-30,N/A,N/A,0,https://niti.gov.in,https://niti.gov.in,2026-08-29,ACTIVE
848,UNESCO Youth Volunteering Fellowship - Season 43,DAAD,Volunteering,"Detailed description for UNESCO Youth Volunteering Fellowship - Season 43. Volunteer for community educational and digital literacy workshops. This provides a perfect match for students looking to excel in their career paths, build hands-on skills, and gain industry recognition.",Class 10,1,4,Electronics & Communication,"Social Work,Leadership,Communication",Mumbai,ONLINE,2026-10-27,N/A,N/A,0,https://unesco.org,https://unesco.org,2026-08-25,ACTIVE
849,Study Abroad in Germany: DAAD Scholarship - Season 43,ACM,Study Abroad,"Detailed description for Study Abroad in Germany: DAAD Scholarship - Season 43. Postgraduate full-degree funding for engineering and science graduates. This provides a perfect match for students looking to excel in their career paths, build hands-on skills, and gain industry recognition.",Graduate,1,4,Civil Engineering,"Research Methodology,German Language",Chennai,HYBRID,2026-09-19,N/A,N/A,0,https://daad.de,https://daad.de,2026-08-28,ACTIVE
850,Startup India Seed Fund Challenge 2026,Smart India Hackathon,Entrepreneurship,"Detailed description for Startup India Seed Fund Challenge 2026. Submit startup pitch to receive incubator grants and mentorship. This provides a perfect match for students looking to excel in their career paths, build hands-on skills, and gain industry recognition.",Class 10,1,5,Commerce/B.Com,"Public Speaking,Business Strategy",Chennai,OFFLINE,2026-07-22,Up to Rs. 20 Lakhs funding,Up to Rs. 20 Lakhs funding,0,https://startupindia.gov.in,https://startupindia.gov.in,2026-08-26,EXPIRED
851,Adobe India Women in Tech Internship - Season 43,Reliance Foundation,Internships,"Detailed description for Adobe India Women in Tech Internship - Season 43. Summer internship for female engineering students in product development. This provides a perfect match for students looking to excel in their career paths, build hands-on skills, and gain industry recognition.",Graduate,2,4,Biotechnology,"C++,Algorithms,Java",Delhi,ONLINE,2026-10-27,"Stipend Rs. 1,00,000 / month","Stipend Rs. 1,00,000 / month",0,https://adobe.com,https://adobe.com,2026-08-25,ACTIVE
852,TCS CodeVita Coding Competition - Season 43,Amazon,Competitions,"Detailed description for TCS CodeVita Coding Competition - Season 43. Global coding contest testing algorithmic problem-solving speed. This provides a perfect match for students looking to excel in their career paths, build hands-on skills, and gain industry recognition.",Diploma,2,3,Commerce/B.Com,"Python,Java,Data Structures",Chennai,OFFLINE,2026-09-30,"Prizes up to $20,000 + Job interview",N/A,0,https://tcscodevita.com,https://tcscodevita.com,2026-08-27,ACTIVE
853,UN Sustainable Development Goals Workshop 2026,British Council,Workshops,"Detailed description for UN Sustainable Development Goals Workshop 2026. Five-day interactive virtual seminar on local social impact strategies. This provides a perfect match for students looking to excel in their career paths, build hands-on skills, and gain industry recognition.",Diploma,2,3,Science/B.Sc,"Communication,Leadership",Kolkata,OFFLINE,2026-11-14,N/A,N/A,0,https://sdg.un.org,https://sdg.un.org,2026-08-27,ACTIVE
854,International Conference on AI & ML (ICML India) - Season 43,Buddy4Study,Conferences,"Detailed description for International Conference on AI & ML (ICML India) - Season 43. Global research conference featuring top papers in AI/ML advancements. This provides a perfect match for students looking to excel in their career paths, build hands-on skills, and gain industry recognition.",Graduate,1,5,Biotechnology,Machine Learning,Hyderabad,OFFLINE,2026-11-13,N/A,N/A,"Rs. 2,000",https://icml.cc,https://icml.cc,2026-08-29,ACTIVE
855,DRDO Young Scientist Lab Project - Season 43,Google,Research,"Detailed description for DRDO Young Scientist Lab Project - Season 43. Participate in defense robotics and computer vision project implementation. This provides a perfect match for students looking to excel in their career paths, build hands-on skills, and gain industry recognition.",Graduate,2,3,Science/B.Sc,"Python,Computer Vision,Machine Learning",Bangalore,HYBRID,2026-09-19,"Monthly stipend Rs. 31,000","Monthly stipend Rs. 31,000",0,https://drdo.gov.in,https://drdo.gov.in,2026-08-25,ACTIVE
856,GitHub Campus Expert Program 2026,ACM,Ambassador Programs,"Detailed description for GitHub Campus Expert Program 2026. Learn public speaking and tech organization skills supported by GitHub. This provides a perfect match for students looking to excel in their career paths, build hands-on skills, and gain industry recognition.",Diploma,1,5,Computer Science,"Git,Communication",Delhi,OFFLINE,2026-11-18,N/A,N/A,0,https://education.github.com,https://education.github.com,2026-08-26,ACTIVE
857,G20 Youth Summit Innovation Challenge - Season 43,British Council,Innovation Challenges,"Detailed description for G20 Youth Summit Innovation Challenge - Season 43. Propose tech blueprints addressing renewable energy distribution. This provides a perfect match for students looking to excel in their career paths, build hands-on skills, and gain industry recognition.",Undergraduate,1,4,All Branches,Problem Solving,Hyderabad,HYBRID,2026-10-28,"Certificate + Cash prize Rs. 50,000","Certificate + Cash prize Rs. 50,000",0,https://g20.org,https://g20.org,2026-08-25,ACTIVE
858,Stanford University Knight-Hennessy Scholars - Season 43,Ministry of Education,Study Abroad,"Detailed description for Stanford University Knight-Hennessy Scholars - Season 43. Full funding for graduate degrees at Stanford University in any field. This provides a perfect match for students looking to excel in their career paths, build hands-on skills, and gain industry recognition.",Postgraduate,1,3,Medicine/MBBS,Leadership,Pune,HYBRID,2026-09-24,N/A,N/A,0,https://knight-hennessy.stanford.edu,https://knight-hennessy.stanford.edu,2026-08-26,ACTIVE
859,L&T Build India Scholarship 2026,IEEE,Scholarships,"Detailed description for L&T Build India Scholarship 2026. Sponsorship for M.Tech in Construction Technology at IIT Madras/Delhi. This provides a perfect match for students looking to excel in their career paths, build hands-on skills, and gain industry recognition.",Graduate,1,3,Arts/Humanities,Physics,Delhi,OFFLINE,2026-08-17,"Tuition sponsored + Stipend Rs. 15,000","Tuition sponsored + Stipend Rs. 15,000",0,https://lntecc.com,https://lntecc.com,2026-08-27,EXPIRED
860,National Talent Search Examination (NTSE) - Season 43,HDFC Bank,Exams,"Detailed description for National Talent Search Examination (NTSE) - Season 43. National scholarship exam identifying academic talent in high school. This provides a perfect match for students looking to excel in their career paths, build hands-on skills, and gain industry recognition.",Undergraduate,1,3,Biotechnology,"Problem Solving,Mathematics",Kolkata,OFFLINE,2026-09-03,N/A,N/A,0,https://ncert.nic.in,https://ncert.nic.in,2026-08-26,CLOSING_SOON
861,Smart India Hackathon - Season 44,IIT Madras,Hackathons,"Detailed description for Smart India Hackathon - Season 44. National level digital product building competition solving government problems. This provides a perfect match for students looking to excel in their career paths, build hands-on skills, and gain industry recognition.",Class 12,2,5,Computer Science,"SQL,Python,React",Pune,OFFLINE,2026-08-26,"Rs. 1,00,000","Rs. 1,00,000",0,https://sih.gov.in,https://sih.gov.in,2026-08-27,EXPIRED
862,Google Summer of Code (GSoC) 2026,IIT Madras,Internships,"Detailed description for Google Summer of Code (GSoC) 2026. Global program matching students with open source organizations. This provides a perfect match for students looking to excel in their career paths, build hands-on skills, and gain industry recognition.",Postgraduate,1,3,Arts/Humanities,"Python,JavaScript",Remote,HYBRID,2026-10-25,N/A,Stipend ($1500 - $3000),0,https://summerofcode.withgoogle.com,https://summerofcode.withgoogle.com,2026-08-25,ACTIVE
863,ISRO Fellowship Program - Season 44,IIT Madras,Fellowships,"Detailed description for ISRO Fellowship Program - Season 44. Research fellowship for postgraduate students in aerospace, remote sensing, and computing. This provides a perfect match for students looking to excel in their career paths, build hands-on skills, and gain industry recognition.",Diploma,1,3,Civil Engineering,"Academic Writing,Python",Hyderabad,OFFLINE,2026-09-05,"Rs. 35,000 / month","Rs. 35,000 / month",0,https://isro.gov.in,https://isro.gov.in,2026-08-25,CLOSING_SOON
864,Kaggle ML Competition: Indian Housing - Season 44,Google,Competitions,"Detailed description for Kaggle ML Competition: Indian Housing - Season 44. Solve machine learning regression challenges on public Indian dataset. This provides a perfect match for students looking to excel in their career paths, build hands-on skills, and gain industry recognition.",Class 10,1,4,All Branches,"Statistics,Machine Learning,Python",Bangalore,HYBRID,2026-09-08,"Prizes up to $10,000",N/A,0,https://kaggle.com,https://kaggle.com,2026-08-29,ACTIVE
865,Microsoft Learn Student Ambassador 2026,Infosys,Ambassador Programs,"Detailed description for Microsoft Learn Student Ambassador 2026. Host workshops and build technical communities in your local college. This provides a perfect match for students looking to excel in their career paths, build hands-on skills, and gain industry recognition.",Class 12,2,3,Electrical Engineering,"Public Speaking,Leadership",Delhi,HYBRID,2026-10-16,N/A,N/A,0,https://mvp.microsoft.com,https://mvp.microsoft.com,2026-08-27,ACTIVE
866,AWS Cloud Practitioner Certification Scholarship - Season 44,Tata Trusts,Certifications,"Detailed description for AWS Cloud Practitioner Certification Scholarship - Season 44. Voucher scholarship providing 100% exam fee discount for students. This provides a perfect match for students looking to excel in their career paths, build hands-on skills, and gain industry recognition.",Undergraduate,2,5,Mechanical Engineering,"AWS,Kubernetes,Docker",Pune,HYBRID,2026-08-06,N/A,N/A,0,https://aws.amazon.com,https://aws.amazon.com,2026-08-27,EXPIRED
867,NITI Aayog Internship Scheme - Season 44,Udemy,Internships,"Detailed description for NITI Aayog Internship Scheme - Season 44. Work on public policy research and analysis under central government experts. This provides a perfect match for students looking to excel in their career paths, build hands-on skills, and gain industry recognition.",Class 10,1,4,Science/B.Sc,"Research Methodology,Communication",Delhi,OFFLINE,2026-11-28,N/A,N/A,0,https://niti.gov.in,https://niti.gov.in,2026-08-26,ACTIVE
868,UNESCO Youth Volunteering Fellowship 2026,Microsoft,Volunteering,"Detailed description for UNESCO Youth Volunteering Fellowship 2026. Volunteer for community educational and digital literacy workshops. This provides a perfect match for students looking to excel in their career paths, build hands-on skills, and gain industry recognition.",Graduate,1,5,Arts/Humanities,"Leadership,Social Work,Communication",Chennai,ONLINE,2026-08-25,N/A,N/A,0,https://unesco.org,https://unesco.org,2026-08-28,EXPIRED
869,Study Abroad in Germany: DAAD Scholarship - Season 44,Udemy,Study Abroad,"Detailed description for Study Abroad in Germany: DAAD Scholarship - Season 44. Postgraduate full-degree funding for engineering and science graduates. This provides a perfect match for students looking to excel in their career paths, build hands-on skills, and gain industry recognition.",Diploma,2,5,All Branches,Research Methodology,Mumbai,OFFLINE,2026-09-23,N/A,N/A,0,https://daad.de,https://daad.de,2026-08-29,ACTIVE
870,Startup India Seed Fund Challenge - Season 44,NITI Aayog,Entrepreneurship,"Detailed description for Startup India Seed Fund Challenge - Season 44. Submit startup pitch to receive incubator grants and mentorship. This provides a perfect match for students looking to excel in their career paths, build hands-on skills, and gain industry recognition.",Diploma,2,5,Business/BBA,Business Strategy,Hyderabad,OFFLINE,2026-07-20,Up to Rs. 20 Lakhs funding,Up to Rs. 20 Lakhs funding,0,https://startupindia.gov.in,https://startupindia.gov.in,2026-08-26,EXPIRED
871,Adobe India Women in Tech Internship 2026,UNESCO,Internships,"Detailed description for Adobe India Women in Tech Internship 2026. Summer internship for female engineering students in product development. This provides a perfect match for students looking to excel in their career paths, build hands-on skills, and gain industry recognition.",Postgraduate,1,5,Electronics & Communication,Algorithms,Pune,OFFLINE,2026-09-08,"Stipend Rs. 1,00,000 / month","Stipend Rs. 1,00,000 / month",0,https://adobe.com,https://adobe.com,2026-08-28,ACTIVE
872,TCS CodeVita Coding Competition - Season 44,ISRO,Competitions,"Detailed description for TCS CodeVita Coding Competition - Season 44. Global coding contest testing algorithmic problem-solving speed. This provides a perfect match for students looking to excel in their career paths, build hands-on skills, and gain industry recognition.",Diploma,2,5,Electronics & Communication,C++,Delhi,HYBRID,2026-08-07,"Prizes up to $20,000 + Job interview",N/A,0,https://tcscodevita.com,https://tcscodevita.com,2026-08-27,EXPIRED
873,UN Sustainable Development Goals Workshop - Season 44,Ministry of Education,Workshops,"Detailed description for UN Sustainable Development Goals Workshop - Season 44. Five-day interactive virtual seminar on local social impact strategies. This provides a perfect match for students looking to excel in their career paths, build hands-on skills, and gain industry recognition.",Graduate,2,4,Electronics & Communication,"Teamwork,Communication,Leadership",Bangalore,OFFLINE,2026-10-11,N/A,N/A,0,https://sdg.un.org,https://sdg.un.org,2026-08-28,ACTIVE
874,International Conference on AI & ML (ICML India) 2026,Buddy4Study,Conferences,"Detailed description for International Conference on AI & ML (ICML India) 2026. Global research conference featuring top papers in AI/ML advancements. This provides a perfect match for students looking to excel in their career paths, build hands-on skills, and gain industry recognition.",Class 10,1,4,All Branches,Deep Learning,Pune,HYBRID,2026-12-26,N/A,N/A,"Rs. 2,000",https://icml.cc,https://icml.cc,2026-08-27,ACTIVE
875,DRDO Young Scientist Lab Project - Season 44,Tata Trusts,Research,"Detailed description for DRDO Young Scientist Lab Project - Season 44. Participate in defense robotics and computer vision project implementation. This provides a perfect match for students looking to excel in their career paths, build hands-on skills, and gain industry recognition.",Class 12,2,5,All Branches,C++,Delhi,ONLINE,2026-08-18,"Monthly stipend Rs. 31,000","Monthly stipend Rs. 31,000",0,https://drdo.gov.in,https://drdo.gov.in,2026-08-27,EXPIRED
876,GitHub Campus Expert Program - Season 44,TCS,Ambassador Programs,"Detailed description for GitHub Campus Expert Program - Season 44. Learn public speaking and tech organization skills supported by GitHub. This provides a perfect match for students looking to excel in their career paths, build hands-on skills, and gain industry recognition.",Class 10,1,4,Civil Engineering,"Git,Leadership",Kolkata,ONLINE,2026-07-20,N/A,N/A,0,https://education.github.com,https://education.github.com,2026-08-28,EXPIRED
877,G20 Youth Summit Innovation Challenge 2026,Infosys,Innovation Challenges,"Detailed description for G20 Youth Summit Innovation Challenge 2026. Propose tech blueprints addressing renewable energy distribution. This provides a perfect match for students looking to excel in their career paths, build hands-on skills, and gain industry recognition.",Undergraduate,2,5,Electronics & Communication,Business Strategy,Hyderabad,HYBRID,2026-09-29,"Certificate + Cash prize Rs. 50,000","Certificate + Cash prize Rs. 50,000",0,https://g20.org,https://g20.org,2026-08-29,ACTIVE
878,Stanford University Knight-Hennessy Scholars - Season 44,Microsoft,Study Abroad,"Detailed description for Stanford University Knight-Hennessy Scholars - Season 44. Full funding for graduate degrees at Stanford University in any field. This provides a perfect match for students looking to excel in their career paths, build hands-on skills, and gain industry recognition.",Class 10,1,3,Electronics & Communication,Research Methodology,Kolkata,OFFLINE,2026-09-18,N/A,N/A,0,https://knight-hennessy.stanford.edu,https://knight-hennessy.stanford.edu,2026-08-27,ACTIVE
879,L&T Build India Scholarship - Season 44,ISRO,Scholarships,"Detailed description for L&T Build India Scholarship - Season 44. Sponsorship for M.Tech in Construction Technology at IIT Madras/Delhi. This provides a perfect match for students looking to excel in their career paths, build hands-on skills, and gain industry recognition.",Class 12,1,5,Electronics & Communication,Physics,Hyderabad,OFFLINE,2026-09-18,"Tuition sponsored + Stipend Rs. 15,000","Tuition sponsored + Stipend Rs. 15,000",0,https://lntecc.com,https://lntecc.com,2026-08-27,ACTIVE
880,National Talent Search Examination (NTSE) 2026,TCS,Exams,"Detailed description for National Talent Search Examination (NTSE) 2026. National scholarship exam identifying academic talent in high school. This provides a perfect match for students looking to excel in their career paths, build hands-on skills, and gain industry recognition.",Postgraduate,2,5,Computer Science,"Mathematics,Problem Solving",Chennai,OFFLINE,2026-10-26,N/A,N/A,0,https://ncert.nic.in,https://ncert.nic.in,2026-08-26,ACTIVE
881,Smart India Hackathon - Season 45,CERN,Hackathons,"Detailed description for Smart India Hackathon - Season 45. National level digital product building competition solving government problems. This provides a perfect match for students looking to excel in their career paths, build hands-on skills, and gain industry recognition.",Undergraduate,2,3,Civil Engineering,"React,Python",Chennai,ONLINE,2026-12-22,"Rs. 1,00,000","Rs. 1,00,000",0,https://sih.gov.in,https://sih.gov.in,2026-08-25,ACTIVE
882,Google Summer of Code (GSoC) - Season 45,Buddy4Study,Internships,"Detailed description for Google Summer of Code (GSoC) - Season 45. Global program matching students with open source organizations. This provides a perfect match for students looking to excel in their career paths, build hands-on skills, and gain industry recognition.",Graduate,1,5,Mechanical Engineering,"Git,JavaScript",Remote,HYBRID,2026-11-21,N/A,Stipend ($1500 - $3000),0,https://summerofcode.withgoogle.com,https://summerofcode.withgoogle.com,2026-08-28,ACTIVE
883,ISRO Fellowship Program 2026,IIT Madras,Fellowships,"Detailed description for ISRO Fellowship Program 2026. Research fellowship for postgraduate students in aerospace, remote sensing, and computing. This provides a perfect match for students looking to excel in their career paths, build hands-on skills, and gain industry recognition.",Diploma,2,3,Arts/Humanities,Research Methodology,Delhi,ONLINE,2026-08-25,"Rs. 35,000 / month","Rs. 35,000 / month",0,https://isro.gov.in,https://isro.gov.in,2026-08-28,EXPIRED
884,Kaggle ML Competition: Indian Housing - Season 45,British Council,Competitions,"Detailed description for Kaggle ML Competition: Indian Housing - Season 45. Solve machine learning regression challenges on public Indian dataset. This provides a perfect match for students looking to excel in their career paths, build hands-on skills, and gain industry recognition.",Graduate,1,4,Arts/Humanities,"Machine Learning,Python,Statistics",Remote,HYBRID,2026-08-11,"Prizes up to $10,000",N/A,0,https://kaggle.com,https://kaggle.com,2026-08-27,EXPIRED
885,Microsoft Learn Student Ambassador - Season 45,USIEF,Ambassador Programs,"Detailed description for Microsoft Learn Student Ambassador - Season 45. Host workshops and build technical communities in your local college. This provides a perfect match for students looking to excel in their career paths, build hands-on skills, and gain industry recognition.",Diploma,1,4,Commerce/B.Com,"Public Speaking,Leadership,Communication",Chennai,OFFLINE,2026-08-12,N/A,N/A,0,https://mvp.microsoft.com,https://mvp.microsoft.com,2026-08-26,EXPIRED
886,AWS Cloud Practitioner Certification Scholarship 2026,IEEE,Certifications,"Detailed description for AWS Cloud Practitioner Certification Scholarship 2026. Voucher scholarship providing 100% exam fee discount for students. This provides a perfect match for students looking to excel in their career paths, build hands-on skills, and gain industry recognition.",Graduate,1,4,Electronics & Communication,"Kubernetes,AWS",Delhi,OFFLINE,2026-09-08,N/A,N/A,0,https://aws.amazon.com,https://aws.amazon.com,2026-08-28,ACTIVE
887,NITI Aayog Internship Scheme - Season 45,IIT Madras,Internships,"Detailed description for NITI Aayog Internship Scheme - Season 45. Work on public policy research and analysis under central government experts. This provides a perfect match for students looking to excel in their career paths, build hands-on skills, and gain industry recognition.",Diploma,1,4,Arts/Humanities,"Data Analytics,Communication",Chennai,OFFLINE,2026-11-02,N/A,N/A,0,https://niti.gov.in,https://niti.gov.in,2026-08-25,ACTIVE
888,UNESCO Youth Volunteering Fellowship - Season 45,DRDO,Volunteering,"Detailed description for UNESCO Youth Volunteering Fellowship - Season 45. Volunteer for community educational and digital literacy workshops. This provides a perfect match for students looking to excel in their career paths, build hands-on skills, and gain industry recognition.",Graduate,2,3,Medicine/MBBS,"Social Work,Communication,Leadership",Bangalore,OFFLINE,2026-09-18,N/A,N/A,0,https://unesco.org,https://unesco.org,2026-08-25,ACTIVE
889,Study Abroad in Germany: DAAD Scholarship 2026,Buddy4Study,Study Abroad,"Detailed description for Study Abroad in Germany: DAAD Scholarship 2026. Postgraduate full-degree funding for engineering and science graduates. This provides a perfect match for students looking to excel in their career paths, build hands-on skills, and gain industry recognition.",Diploma,1,4,Computer Science,"Research Methodology,German Language",Chennai,OFFLINE,2026-12-20,N/A,N/A,0,https://daad.de,https://daad.de,2026-08-25,ACTIVE
890,Startup India Seed Fund Challenge - Season 45,GitHub,Entrepreneurship,"Detailed description for Startup India Seed Fund Challenge - Season 45. Submit startup pitch to receive incubator grants and mentorship. This provides a perfect match for students looking to excel in their career paths, build hands-on skills, and gain industry recognition.",Diploma,2,4,Electrical Engineering,"Financial Accounting,Public Speaking",Remote,ONLINE,2026-10-14,Up to Rs. 20 Lakhs funding,Up to Rs. 20 Lakhs funding,0,https://startupindia.gov.in,https://startupindia.gov.in,2026-08-26,ACTIVE
891,Adobe India Women in Tech Internship - Season 45,TCS,Internships,"Detailed description for Adobe India Women in Tech Internship - Season 45. Summer internship for female engineering students in product development. This provides a perfect match for students looking to excel in their career paths, build hands-on skills, and gain industry recognition.",Class 12,1,3,Electrical Engineering,Data Structures,Kolkata,OFFLINE,2026-07-15,"Stipend Rs. 1,00,000 / month","Stipend Rs. 1,00,000 / month",0,https://adobe.com,https://adobe.com,2026-08-28,EXPIRED
892,TCS CodeVita Coding Competition 2026,Smart India Hackathon,Competitions,"Detailed description for TCS CodeVita Coding Competition 2026. Global coding contest testing algorithmic problem-solving speed. This provides a perfect match for students looking to excel in their career paths, build hands-on skills, and gain industry recognition.",Diploma,1,4,Biotechnology,"Java,Data Structures,Python",Bangalore,OFFLINE,2026-09-01,"Prizes up to $20,000 + Job interview",N/A,0,https://tcscodevita.com,https://tcscodevita.com,2026-08-27,CLOSING_SOON
893,UN Sustainable Development Goals Workshop - Season 45,Infosys,Workshops,"Detailed description for UN Sustainable Development Goals Workshop - Season 45. Five-day interactive virtual seminar on local social impact strategies. This provides a perfect match for students looking to excel in their career paths, build hands-on skills, and gain industry recognition.",Class 12,1,3,Electronics & Communication,Leadership,Hyderabad,HYBRID,2026-12-26,N/A,N/A,0,https://sdg.un.org,https://sdg.un.org,2026-08-27,ACTIVE
894,International Conference on AI & ML (ICML India) - Season 45,CERN,Conferences,"Detailed description for International Conference on AI & ML (ICML India) - Season 45. Global research conference featuring top papers in AI/ML advancements. This provides a perfect match for students looking to excel in their career paths, build hands-on skills, and gain industry recognition.",Postgraduate,2,5,Science/B.Sc,Machine Learning,Chennai,ONLINE,2026-09-17,N/A,N/A,"Rs. 2,000",https://icml.cc,https://icml.cc,2026-08-27,ACTIVE
895,DRDO Young Scientist Lab Project 2026,UNESCO,Research,"Detailed description for DRDO Young Scientist Lab Project 2026. Participate in defense robotics and computer vision project implementation. This provides a perfect match for students looking to excel in their career paths, build hands-on skills, and gain industry recognition.",Undergraduate,1,4,Business/BBA,Computer Vision,Chennai,OFFLINE,2026-09-22,"Monthly stipend Rs. 31,000","Monthly stipend Rs. 31,000",0,https://drdo.gov.in,https://drdo.gov.in,2026-08-26,ACTIVE
896,GitHub Campus Expert Program - Season 45,ISRO,Ambassador Programs,"Detailed description for GitHub Campus Expert Program - Season 45. Learn public speaking and tech organization skills supported by GitHub. This provides a perfect match for students looking to excel in their career paths, build hands-on skills, and gain industry recognition.",Graduate,1,5,Commerce/B.Com,"Git,Communication,Leadership",Chennai,ONLINE,2026-11-30,N/A,N/A,0,https://education.github.com,https://education.github.com,2026-08-27,UPCOMING
897,G20 Youth Summit Innovation Challenge - Season 45,ACM,Innovation Challenges,"Detailed description for G20 Youth Summit Innovation Challenge - Season 45. Propose tech blueprints addressing renewable energy distribution. This provides a perfect match for students looking to excel in their career paths, build hands-on skills, and gain industry recognition.",Graduate,1,4,All Branches,Problem Solving,Mumbai,HYBRID,2026-07-18,"Certificate + Cash prize Rs. 50,000","Certificate + Cash prize Rs. 50,000",0,https://g20.org,https://g20.org,2026-08-27,EXPIRED
898,Stanford University Knight-Hennessy Scholars 2026,Tata Trusts,Study Abroad,"Detailed description for Stanford University Knight-Hennessy Scholars 2026. Full funding for graduate degrees at Stanford University in any field. This provides a perfect match for students looking to excel in their career paths, build hands-on skills, and gain industry recognition.",Undergraduate,1,3,Civil Engineering,Leadership,Kolkata,ONLINE,2026-11-24,N/A,N/A,0,https://knight-hennessy.stanford.edu,https://knight-hennessy.stanford.edu,2026-08-29,ACTIVE
899,L&T Build India Scholarship - Season 45,HDFC Bank,Scholarships,"Detailed description for L&T Build India Scholarship - Season 45. Sponsorship for M.Tech in Construction Technology at IIT Madras/Delhi. This provides a perfect match for students looking to excel in their career paths, build hands-on skills, and gain industry recognition.",Class 10,2,5,Business/BBA,Civil Engineering,Remote,OFFLINE,2026-10-17,"Tuition sponsored + Stipend Rs. 15,000","Tuition sponsored + Stipend Rs. 15,000",0,https://lntecc.com,https://lntecc.com,2026-08-29,ACTIVE
900,National Talent Search Examination (NTSE) - Season 45,Ministry of Education,Exams,"Detailed description for National Talent Search Examination (NTSE) - Season 45. National scholarship exam identifying academic talent in high school. This provides a perfect match for students looking to excel in their career paths, build hands-on skills, and gain industry recognition.",Class 12,1,5,Business/BBA,"Problem Solving,Mathematics",Kolkata,ONLINE,2026-07-27,N/A,N/A,0,https://ncert.nic.in,https://ncert.nic.in,2026-08-26,EXPIRED
901,Smart India Hackathon 2026,DRDO,Hackathons,"Detailed description for Smart India Hackathon 2026. National level digital product building competition solving government problems. This provides a perfect match for students looking to excel in their career paths, build hands-on skills, and gain industry recognition.",Class 10,1,5,Biotechnology,"React,SQL",Chennai,ONLINE,2026-12-27,"Rs. 1,00,000","Rs. 1,00,000",0,https://sih.gov.in,https://sih.gov.in,2026-08-28,ACTIVE
902,Google Summer of Code (GSoC) - Season 46,USIEF,Internships,"Detailed description for Google Summer of Code (GSoC) - Season 46. Global program matching students with open source organizations. This provides a perfect match for students looking to excel in their career paths, build hands-on skills, and gain industry recognition.",Diploma,2,4,Business/BBA,"Python,Java,JavaScript",Kolkata,ONLINE,2026-08-23,N/A,Stipend ($1500 - $3000),0,https://summerofcode.withgoogle.com,https://summerofcode.withgoogle.com,2026-08-29,EXPIRED
903,ISRO Fellowship Program - Season 46,UNESCO,Fellowships,"Detailed description for ISRO Fellowship Program - Season 46. Research fellowship for postgraduate students in aerospace, remote sensing, and computing. This provides a perfect match for students looking to excel in their career paths, build hands-on skills, and gain industry recognition.",Graduate,2,4,Biotechnology,Academic Writing,Pune,HYBRID,2026-10-28,"Rs. 35,000 / month","Rs. 35,000 / month",0,https://isro.gov.in,https://isro.gov.in,2026-08-27,ACTIVE
904,Kaggle ML Competition: Indian Housing 2026,IIT Madras,Competitions,"Detailed description for Kaggle ML Competition: Indian Housing 2026. Solve machine learning regression challenges on public Indian dataset. This provides a perfect match for students looking to excel in their career paths, build hands-on skills, and gain industry recognition.",Postgraduate,2,5,Business/BBA,Statistics,Pune,ONLINE,2026-07-13,"Prizes up to $10,000",N/A,0,https://kaggle.com,https://kaggle.com,2026-08-29,EXPIRED
905,Microsoft Learn Student Ambassador - Season 46,IIT Madras,Ambassador Programs,"Detailed description for Microsoft Learn Student Ambassador - Season 46. Host workshops and build technical communities in your local college. This provides a perfect match for students looking to excel in their career paths, build hands-on skills, and gain industry recognition.",Class 10,1,3,Biotechnology,Communication,Pune,HYBRID,2026-12-06,N/A,N/A,0,https://mvp.microsoft.com,https://mvp.microsoft.com,2026-08-27,UPCOMING
906,AWS Cloud Practitioner Certification Scholarship - Season 46,Udemy,Certifications,"Detailed description for AWS Cloud Practitioner Certification Scholarship - Season 46. Voucher scholarship providing 100% exam fee discount for students. This provides a perfect match for students looking to excel in their career paths, build hands-on skills, and gain industry recognition.",Graduate,1,5,Science/B.Sc,Docker,Bangalore,HYBRID,2026-12-17,N/A,N/A,0,https://aws.amazon.com,https://aws.amazon.com,2026-08-27,ACTIVE
907,NITI Aayog Internship Scheme 2026,Google,Internships,"Detailed description for NITI Aayog Internship Scheme 2026. Work on public policy research and analysis under central government experts. This provides a perfect match for students looking to excel in their career paths, build hands-on skills, and gain industry recognition.",Diploma,2,3,Law/LLB,Data Analytics,Mumbai,OFFLINE,2026-10-13,N/A,N/A,0,https://niti.gov.in,https://niti.gov.in,2026-08-25,ACTIVE
908,UNESCO Youth Volunteering Fellowship - Season 46,Infosys,Volunteering,"Detailed description for UNESCO Youth Volunteering Fellowship - Season 46. Volunteer for community educational and digital literacy workshops. This provides a perfect match for students looking to excel in their career paths, build hands-on skills, and gain industry recognition.",Graduate,2,3,Electronics & Communication,Leadership,Delhi,ONLINE,2026-10-24,N/A,N/A,0,https://unesco.org,https://unesco.org,2026-08-29,ACTIVE
909,Study Abroad in Germany: DAAD Scholarship - Season 46,UNESCO,Study Abroad,"Detailed description for Study Abroad in Germany: DAAD Scholarship - Season 46. Postgraduate full-degree funding for engineering and science graduates. This provides a perfect match for students looking to excel in their career paths, build hands-on skills, and gain industry recognition.",Postgraduate,2,5,Medicine/MBBS,"German Language,Research Methodology",Hyderabad,ONLINE,2026-10-02,N/A,N/A,0,https://daad.de,https://daad.de,2026-08-27,ACTIVE
910,Startup India Seed Fund Challenge 2026,UNESCO,Entrepreneurship,"Detailed description for Startup India Seed Fund Challenge 2026. Submit startup pitch to receive incubator grants and mentorship. This provides a perfect match for students looking to excel in their career paths, build hands-on skills, and gain industry recognition.",Diploma,2,3,Science/B.Sc,"Business Strategy,Public Speaking",Chennai,OFFLINE,2026-11-04,Up to Rs. 20 Lakhs funding,Up to Rs. 20 Lakhs funding,0,https://startupindia.gov.in,https://startupindia.gov.in,2026-08-25,ACTIVE
911,Adobe India Women in Tech Internship - Season 46,NITI Aayog,Internships,"Detailed description for Adobe India Women in Tech Internship - Season 46. Summer internship for female engineering students in product development. This provides a perfect match for students looking to excel in their career paths, build hands-on skills, and gain industry recognition.",Class 10,2,3,All Branches,"Data Structures,Algorithms",Mumbai,HYBRID,2026-07-21,"Stipend Rs. 1,00,000 / month","Stipend Rs. 1,00,000 / month",0,https://adobe.com,https://adobe.com,2026-08-29,EXPIRED
912,TCS CodeVita Coding Competition - Season 46,Buddy4Study,Competitions,"Detailed description for TCS CodeVita Coding Competition - Season 46. Global coding contest testing algorithmic problem-solving speed. This provides a perfect match for students looking to excel in their career paths, build hands-on skills, and gain industry recognition.",Undergraduate,2,5,Arts/Humanities,Python,Mumbai,ONLINE,2026-11-16,"Prizes up to $20,000 + Job interview",N/A,0,https://tcscodevita.com,https://tcscodevita.com,2026-08-25,ACTIVE
913,UN Sustainable Development Goals Workshop 2026,Ministry of Education,Workshops,"Detailed description for UN Sustainable Development Goals Workshop 2026. Five-day interactive virtual seminar on local social impact strategies. This provides a perfect match for students looking to excel in their career paths, build hands-on skills, and gain industry recognition.",Class 10,2,4,Commerce/B.Com,Leadership,Mumbai,HYBRID,2026-09-06,N/A,N/A,0,https://sdg.un.org,https://sdg.un.org,2026-08-29,CLOSING_SOON
914,International Conference on AI & ML (ICML India) - Season 46,IEEE,Conferences,"Detailed description for International Conference on AI & ML (ICML India) - Season 46. Global research conference featuring top papers in AI/ML advancements. This provides a perfect match for students looking to excel in their career paths, build hands-on skills, and gain industry recognition.",Undergraduate,1,3,Arts/Humanities,"Machine Learning,Research Methodology,Deep Learning",Chennai,OFFLINE,2026-11-04,N/A,N/A,"Rs. 2,000",https://icml.cc,https://icml.cc,2026-08-25,ACTIVE
915,DRDO Young Scientist Lab Project - Season 46,Major League Hacking,Research,"Detailed description for DRDO Young Scientist Lab Project - Season 46. Participate in defense robotics and computer vision project implementation. This provides a perfect match for students looking to excel in their career paths, build hands-on skills, and gain industry recognition.",Graduate,2,3,Science/B.Sc,"Python,Machine Learning,C++",Hyderabad,HYBRID,2026-10-02,"Monthly stipend Rs. 31,000","Monthly stipend Rs. 31,000",0,https://drdo.gov.in,https://drdo.gov.in,2026-08-26,ACTIVE
916,GitHub Campus Expert Program 2026,AICTE,Ambassador Programs,"Detailed description for GitHub Campus Expert Program 2026. Learn public speaking and tech organization skills supported by GitHub. This provides a perfect match for students looking to excel in their career paths, build hands-on skills, and gain industry recognition.",Class 12,1,4,Commerce/B.Com,"Communication,Leadership,Git",Delhi,OFFLINE,2026-12-14,N/A,N/A,0,https://education.github.com,https://education.github.com,2026-08-25,ACTIVE
917,G20 Youth Summit Innovation Challenge - Season 46,Udemy,Innovation Challenges,"Detailed description for G20 Youth Summit Innovation Challenge - Season 46. Propose tech blueprints addressing renewable energy distribution. This provides a perfect match for students looking to excel in their career paths, build hands-on skills, and gain industry recognition.",Class 12,1,5,Computer Science,Business Strategy,Bangalore,OFFLINE,2026-08-04,"Certificate + Cash prize Rs. 50,000","Certificate + Cash prize Rs. 50,000",0,https://g20.org,https://g20.org,2026-08-28,EXPIRED
918,Stanford University Knight-Hennessy Scholars - Season 46,Tata Trusts,Study Abroad,"Detailed description for Stanford University Knight-Hennessy Scholars - Season 46. Full funding for graduate degrees at Stanford University in any field. This provides a perfect match for students looking to excel in their career paths, build hands-on skills, and gain industry recognition.",Postgraduate,2,3,Law/LLB,"Research Methodology,Academic Writing,Leadership",Remote,ONLINE,2026-10-08,N/A,N/A,0,https://knight-hennessy.stanford.edu,https://knight-hennessy.stanford.edu,2026-08-26,ACTIVE
919,L&T Build India Scholarship 2026,Reliance Foundation,Scholarships,"Detailed description for L&T Build India Scholarship 2026. Sponsorship for M.Tech in Construction Technology at IIT Madras/Delhi. This provides a perfect match for students looking to excel in their career paths, build hands-on skills, and gain industry recognition.",Postgraduate,1,5,Science/B.Sc,"Civil Engineering,CAD",Chennai,ONLINE,2026-07-31,"Tuition sponsored + Stipend Rs. 15,000","Tuition sponsored + Stipend Rs. 15,000",0,https://lntecc.com,https://lntecc.com,2026-08-26,EXPIRED
920,National Talent Search Examination (NTSE) - Season 46,ACM,Exams,"Detailed description for National Talent Search Examination (NTSE) - Season 46. National scholarship exam identifying academic talent in high school. This provides a perfect match for students looking to excel in their career paths, build hands-on skills, and gain industry recognition.",Class 12,2,5,Business/BBA,"Problem Solving,Mathematics",Pune,OFFLINE,2026-10-31,N/A,N/A,0,https://ncert.nic.in,https://ncert.nic.in,2026-08-25,ACTIVE
921,Smart India Hackathon - Season 47,Ministry of Education,Hackathons,"Detailed description for Smart India Hackathon - Season 47. National level digital product building competition solving government problems. This provides a perfect match for students looking to excel in their career paths, build hands-on skills, and gain industry recognition.",Undergraduate,1,5,Biotechnology,"Python,SQL,React",Bangalore,ONLINE,2026-09-18,"Rs. 1,00,000","Rs. 1,00,000",0,https://sih.gov.in,https://sih.gov.in,2026-08-25,ACTIVE
922,Google Summer of Code (GSoC) 2026,Udemy,Internships,"Detailed description for Google Summer of Code (GSoC) 2026. Global program matching students with open source organizations. This provides a perfect match for students looking to excel in their career paths, build hands-on skills, and gain industry recognition.",Undergraduate,2,3,Science/B.Sc,"JavaScript,Java",Remote,OFFLINE,2026-10-25,N/A,Stipend ($1500 - $3000),0,https://summerofcode.withgoogle.com,https://summerofcode.withgoogle.com,2026-08-28,ACTIVE
923,ISRO Fellowship Program - Season 47,AICTE,Fellowships,"Detailed description for ISRO Fellowship Program - Season 47. Research fellowship for postgraduate students in aerospace, remote sensing, and computing. This provides a perfect match for students looking to excel in their career paths, build hands-on skills, and gain industry recognition.",Graduate,1,3,Civil Engineering,"Academic Writing,Research Methodology",Remote,OFFLINE,2026-09-21,"Rs. 35,000 / month","Rs. 35,000 / month",0,https://isro.gov.in,https://isro.gov.in,2026-08-25,ACTIVE
924,Kaggle ML Competition: Indian Housing - Season 47,IIT Madras,Competitions,"Detailed description for Kaggle ML Competition: Indian Housing - Season 47. Solve machine learning regression challenges on public Indian dataset. This provides a perfect match for students looking to excel in their career paths, build hands-on skills, and gain industry recognition.",Class 10,2,3,Civil Engineering,"Python,Machine Learning,Statistics",Hyderabad,OFFLINE,2026-09-17,"Prizes up to $10,000",N/A,0,https://kaggle.com,https://kaggle.com,2026-08-26,ACTIVE
925,Microsoft Learn Student Ambassador 2026,Tata Trusts,Ambassador Programs,"Detailed description for Microsoft Learn Student Ambassador 2026. Host workshops and build technical communities in your local college. This provides a perfect match for students looking to excel in their career paths, build hands-on skills, and gain industry recognition.",Graduate,1,4,Computer Science,"Leadership,Public Speaking",Delhi,OFFLINE,2026-11-11,N/A,N/A,0,https://mvp.microsoft.com,https://mvp.microsoft.com,2026-08-26,ACTIVE
926,AWS Cloud Practitioner Certification Scholarship - Season 47,Amazon,Certifications,"Detailed description for AWS Cloud Practitioner Certification Scholarship - Season 47. Voucher scholarship providing 100% exam fee discount for students. This provides a perfect match for students looking to excel in their career paths, build hands-on skills, and gain industry recognition.",Diploma,1,5,Electronics & Communication,"Docker,Kubernetes,AWS",Remote,OFFLINE,2026-10-15,N/A,N/A,0,https://aws.amazon.com,https://aws.amazon.com,2026-08-29,ACTIVE
927,NITI Aayog Internship Scheme - Season 47,UNESCO,Internships,"Detailed description for NITI Aayog Internship Scheme - Season 47. Work on public policy research and analysis under central government experts. This provides a perfect match for students looking to excel in their career paths, build hands-on skills, and gain industry recognition.",Graduate,1,4,Arts/Humanities,Data Analytics,Mumbai,HYBRID,2026-11-13,N/A,N/A,0,https://niti.gov.in,https://niti.gov.in,2026-08-25,ACTIVE
928,UNESCO Youth Volunteering Fellowship 2026,British Council,Volunteering,"Detailed description for UNESCO Youth Volunteering Fellowship 2026. Volunteer for community educational and digital literacy workshops. This provides a perfect match for students looking to excel in their career paths, build hands-on skills, and gain industry recognition.",Class 12,2,4,Law/LLB,"Social Work,Leadership,Communication",Mumbai,HYBRID,2026-11-01,N/A,N/A,0,https://unesco.org,https://unesco.org,2026-08-29,ACTIVE
929,Study Abroad in Germany: DAAD Scholarship - Season 47,IEEE,Study Abroad,"Detailed description for Study Abroad in Germany: DAAD Scholarship - Season 47. Postgraduate full-degree funding for engineering and science graduates. This provides a perfect match for students looking to excel in their career paths, build hands-on skills, and gain industry recognition.",Diploma,2,5,Biotechnology,"Research Methodology,German Language",Remote,ONLINE,2026-11-16,N/A,N/A,0,https://daad.de,https://daad.de,2026-08-25,ACTIVE
930,Startup India Seed Fund Challenge - Season 47,ISRO,Entrepreneurship,"Detailed description for Startup India Seed Fund Challenge - Season 47. Submit startup pitch to receive incubator grants and mentorship. This provides a perfect match for students looking to excel in their career paths, build hands-on skills, and gain industry recognition.",Postgraduate,2,4,Mechanical Engineering,"Business Strategy,Financial Accounting",Kolkata,HYBRID,2026-09-11,Up to Rs. 20 Lakhs funding,Up to Rs. 20 Lakhs funding,0,https://startupindia.gov.in,https://startupindia.gov.in,2026-08-28,ACTIVE
931,Adobe India Women in Tech Internship 2026,Reliance Foundation,Internships,"Detailed description for Adobe India Women in Tech Internship 2026. Summer internship for female engineering students in product development. This provides a perfect match for students looking to excel in their career paths, build hands-on skills, and gain industry recognition.",Undergraduate,2,4,Electrical Engineering,"C++,Java,Data Structures",Chennai,HYBRID,2026-11-12,"Stipend Rs. 1,00,000 / month","Stipend Rs. 1,00,000 / month",0,https://adobe.com,https://adobe.com,2026-08-26,ACTIVE
932,TCS CodeVita Coding Competition - Season 47,TCS,Competitions,"Detailed description for TCS CodeVita Coding Competition - Season 47. Global coding contest testing algorithmic problem-solving speed. This provides a perfect match for students looking to excel in their career paths, build hands-on skills, and gain industry recognition.",Graduate,2,3,Commerce/B.Com,Algorithms,Hyderabad,OFFLINE,2026-11-15,"Prizes up to $20,000 + Job interview",N/A,0,https://tcscodevita.com,https://tcscodevita.com,2026-08-28,ACTIVE
933,UN Sustainable Development Goals Workshop - Season 47,GitHub,Workshops,"Detailed description for UN Sustainable Development Goals Workshop - Season 47. Five-day interactive virtual seminar on local social impact strategies. This provides a perfect match for students looking to excel in their career paths, build hands-on skills, and gain industry recognition.",Class 12,2,3,Science/B.Sc,"Communication,Teamwork",Chennai,HYBRID,2026-09-26,N/A,N/A,0,https://sdg.un.org,https://sdg.un.org,2026-08-28,ACTIVE
934,International Conference on AI & ML (ICML India) 2026,TCS,Conferences,"Detailed description for International Conference on AI & ML (ICML India) 2026. Global research conference featuring top papers in AI/ML advancements. This provides a perfect match for students looking to excel in their career paths, build hands-on skills, and gain industry recognition.",Graduate,1,3,Biotechnology,"Machine Learning,Deep Learning",Delhi,ONLINE,2026-08-04,N/A,N/A,"Rs. 2,000",https://icml.cc,https://icml.cc,2026-08-27,EXPIRED
935,DRDO Young Scientist Lab Project - Season 47,Ministry of Education,Research,"Detailed description for DRDO Young Scientist Lab Project - Season 47. Participate in defense robotics and computer vision project implementation. This provides a perfect match for students looking to excel in their career paths, build hands-on skills, and gain industry recognition.",Class 12,1,4,Biotechnology,"Python,Computer Vision,C++",Hyderabad,OFFLINE,2026-08-04,"Monthly stipend Rs. 31,000","Monthly stipend Rs. 31,000",0,https://drdo.gov.in,https://drdo.gov.in,2026-08-28,EXPIRED
936,GitHub Campus Expert Program - Season 47,IIT Bombay,Ambassador Programs,"Detailed description for GitHub Campus Expert Program - Season 47. Learn public speaking and tech organization skills supported by GitHub. This provides a perfect match for students looking to excel in their career paths, build hands-on skills, and gain industry recognition.",Undergraduate,2,5,Commerce/B.Com,"Leadership,Communication,Git",Chennai,ONLINE,2026-09-15,N/A,N/A,0,https://education.github.com,https://education.github.com,2026-08-29,ACTIVE
937,G20 Youth Summit Innovation Challenge 2026,Microsoft,Innovation Challenges,"Detailed description for G20 Youth Summit Innovation Challenge 2026. Propose tech blueprints addressing renewable energy distribution. This provides a perfect match for students looking to excel in their career paths, build hands-on skills, and gain industry recognition.",Undergraduate,1,4,Biotechnology,"Problem Solving,Leadership",Pune,HYBRID,2026-08-19,"Certificate + Cash prize Rs. 50,000","Certificate + Cash prize Rs. 50,000",0,https://g20.org,https://g20.org,2026-08-26,EXPIRED
938,Stanford University Knight-Hennessy Scholars - Season 47,Startup India,Study Abroad,"Detailed description for Stanford University Knight-Hennessy Scholars - Season 47. Full funding for graduate degrees at Stanford University in any field. This provides a perfect match for students looking to excel in their career paths, build hands-on skills, and gain industry recognition.",Diploma,1,5,Civil Engineering,"Leadership,Academic Writing",Bangalore,OFFLINE,2026-11-15,N/A,N/A,0,https://knight-hennessy.stanford.edu,https://knight-hennessy.stanford.edu,2026-08-26,ACTIVE
939,L&T Build India Scholarship - Season 47,Startup India,Scholarships,"Detailed description for L&T Build India Scholarship - Season 47. Sponsorship for M.Tech in Construction Technology at IIT Madras/Delhi. This provides a perfect match for students looking to excel in their career paths, build hands-on skills, and gain industry recognition.",Postgraduate,1,4,Law/LLB,CAD,Chennai,HYBRID,2026-08-04,"Tuition sponsored + Stipend Rs. 15,000","Tuition sponsored + Stipend Rs. 15,000",0,https://lntecc.com,https://lntecc.com,2026-08-26,EXPIRED
940,National Talent Search Examination (NTSE) 2026,ISRO,Exams,"Detailed description for National Talent Search Examination (NTSE) 2026. National scholarship exam identifying academic talent in high school. This provides a perfect match for students looking to excel in their career paths, build hands-on skills, and gain industry recognition.",Undergraduate,1,3,Mechanical Engineering,Problem Solving,Bangalore,HYBRID,2026-11-04,N/A,N/A,0,https://ncert.nic.in,https://ncert.nic.in,2026-08-29,ACTIVE
941,Smart India Hackathon - Season 48,Google,Hackathons,"Detailed description for Smart India Hackathon - Season 48. National level digital product building competition solving government problems. This provides a perfect match for students looking to excel in their career paths, build hands-on skills, and gain industry recognition.",Postgraduate,1,3,Electronics & Communication,"Python,SQL,React",Remote,OFFLINE,2026-08-08,"Rs. 1,00,000","Rs. 1,00,000",0,https://sih.gov.in,https://sih.gov.in,2026-08-26,EXPIRED
942,Google Summer of Code (GSoC) - Season 48,UNESCO,Internships,"Detailed description for Google Summer of Code (GSoC) - Season 48. Global program matching students with open source organizations. This provides a perfect match for students looking to excel in their career paths, build hands-on skills, and gain industry recognition.",Class 12,2,3,Medicine/MBBS,Python,Mumbai,HYBRID,2026-07-22,N/A,Stipend ($1500 - $3000),0,https://summerofcode.withgoogle.com,https://summerofcode.withgoogle.com,2026-08-26,EXPIRED
943,ISRO Fellowship Program 2026,Microsoft,Fellowships,"Detailed description for ISRO Fellowship Program 2026. Research fellowship for postgraduate students in aerospace, remote sensing, and computing. This provides a perfect match for students looking to excel in their career paths, build hands-on skills, and gain industry recognition.",Diploma,1,3,Law/LLB,"Academic Writing,Research Methodology,Python",Remote,ONLINE,2026-08-30,"Rs. 35,000 / month","Rs. 35,000 / month",0,https://isro.gov.in,https://isro.gov.in,2026-08-29,EXPIRED
944,Kaggle ML Competition: Indian Housing - Season 48,Amazon,Competitions,"Detailed description for Kaggle ML Competition: Indian Housing - Season 48. Solve machine learning regression challenges on public Indian dataset. This provides a perfect match for students looking to excel in their career paths, build hands-on skills, and gain industry recognition.",Undergraduate,1,3,Biotechnology,"Machine Learning,Python,Statistics",Delhi,ONLINE,2026-09-02,"Prizes up to $10,000",N/A,0,https://kaggle.com,https://kaggle.com,2026-08-29,CLOSING_SOON
945,Microsoft Learn Student Ambassador - Season 48,NITI Aayog,Ambassador Programs,"Detailed description for Microsoft Learn Student Ambassador - Season 48. Host workshops and build technical communities in your local college. This provides a perfect match for students looking to excel in their career paths, build hands-on skills, and gain industry recognition.",Postgraduate,2,4,Science/B.Sc,"Leadership,Communication",Delhi,OFFLINE,2026-10-30,N/A,N/A,0,https://mvp.microsoft.com,https://mvp.microsoft.com,2026-08-28,ACTIVE
946,AWS Cloud Practitioner Certification Scholarship 2026,USIEF,Certifications,"Detailed description for AWS Cloud Practitioner Certification Scholarship 2026. Voucher scholarship providing 100% exam fee discount for students. This provides a perfect match for students looking to excel in their career paths, build hands-on skills, and gain industry recognition.",Graduate,2,4,Science/B.Sc,"Docker,Kubernetes,AWS",Mumbai,OFFLINE,2026-09-25,N/A,N/A,0,https://aws.amazon.com,https://aws.amazon.com,2026-08-25,ACTIVE
947,NITI Aayog Internship Scheme - Season 48,NITI Aayog,Internships,"Detailed description for NITI Aayog Internship Scheme - Season 48. Work on public policy research and analysis under central government experts. This provides a perfect match for students looking to excel in their career paths, build hands-on skills, and gain industry recognition.",Diploma,1,3,Civil Engineering,"Communication,Research Methodology,Data Analytics",Pune,HYBRID,2026-08-29,N/A,N/A,0,https://niti.gov.in,https://niti.gov.in,2026-08-26,EXPIRED
948,UNESCO Youth Volunteering Fellowship - Season 48,Buddy4Study,Volunteering,"Detailed description for UNESCO Youth Volunteering Fellowship - Season 48. Volunteer for community educational and digital literacy workshops. This provides a perfect match for students looking to excel in their career paths, build hands-on skills, and gain industry recognition.",Postgraduate,1,3,Electrical Engineering,Communication,Pune,ONLINE,2026-11-17,N/A,N/A,0,https://unesco.org,https://unesco.org,2026-08-26,ACTIVE
949,Study Abroad in Germany: DAAD Scholarship 2026,Google,Study Abroad,"Detailed description for Study Abroad in Germany: DAAD Scholarship 2026. Postgraduate full-degree funding for engineering and science graduates. This provides a perfect match for students looking to excel in their career paths, build hands-on skills, and gain industry recognition.",Class 10,1,5,Science/B.Sc,"Research Methodology,German Language",Remote,ONLINE,2026-07-26,N/A,N/A,0,https://daad.de,https://daad.de,2026-08-26,EXPIRED
950,Startup India Seed Fund Challenge - Season 48,Smart India Hackathon,Entrepreneurship,"Detailed description for Startup India Seed Fund Challenge - Season 48. Submit startup pitch to receive incubator grants and mentorship. This provides a perfect match for students looking to excel in their career paths, build hands-on skills, and gain industry recognition.",Undergraduate,2,5,Mechanical Engineering,"Business Strategy,Public Speaking",Mumbai,ONLINE,2026-07-18,Up to Rs. 20 Lakhs funding,Up to Rs. 20 Lakhs funding,0,https://startupindia.gov.in,https://startupindia.gov.in,2026-08-29,EXPIRED
951,Adobe India Women in Tech Internship - Season 48,IEEE,Internships,"Detailed description for Adobe India Women in Tech Internship - Season 48. Summer internship for female engineering students in product development. This provides a perfect match for students looking to excel in their career paths, build hands-on skills, and gain industry recognition.",Undergraduate,1,3,Electrical Engineering,"Algorithms,Data Structures,Java",Pune,HYBRID,2026-08-12,"Stipend Rs. 1,00,000 / month","Stipend Rs. 1,00,000 / month",0,https://adobe.com,https://adobe.com,2026-08-29,EXPIRED
952,TCS CodeVita Coding Competition 2026,Ministry of Education,Competitions,"Detailed description for TCS CodeVita Coding Competition 2026. Global coding contest testing algorithmic problem-solving speed. This provides a perfect match for students looking to excel in their career paths, build hands-on skills, and gain industry recognition.",Diploma,1,5,Mechanical Engineering,Data Structures,Kolkata,HYBRID,2026-09-28,"Prizes up to $20,000 + Job interview",N/A,0,https://tcscodevita.com,https://tcscodevita.com,2026-08-26,ACTIVE
953,UN Sustainable Development Goals Workshop - Season 48,Microsoft,Workshops,"Detailed description for UN Sustainable Development Goals Workshop - Season 48. Five-day interactive virtual seminar on local social impact strategies. This provides a perfect match for students looking to excel in their career paths, build hands-on skills, and gain industry recognition.",Graduate,2,4,Computer Science,"Teamwork,Leadership",Kolkata,ONLINE,2026-09-16,N/A,N/A,0,https://sdg.un.org,https://sdg.un.org,2026-08-27,ACTIVE
954,International Conference on AI & ML (ICML India) - Season 48,Tata Trusts,Conferences,"Detailed description for International Conference on AI & ML (ICML India) - Season 48. Global research conference featuring top papers in AI/ML advancements. This provides a perfect match for students looking to excel in their career paths, build hands-on skills, and gain industry recognition.",Undergraduate,2,5,Civil Engineering,"Machine Learning,Deep Learning",Bangalore,OFFLINE,2026-11-21,N/A,N/A,"Rs. 2,000",https://icml.cc,https://icml.cc,2026-08-27,ACTIVE
955,DRDO Young Scientist Lab Project 2026,Buddy4Study,Research,"Detailed description for DRDO Young Scientist Lab Project 2026. Participate in defense robotics and computer vision project implementation. This provides a perfect match for students looking to excel in their career paths, build hands-on skills, and gain industry recognition.",Class 12,2,3,Law/LLB,"Computer Vision,C++,Machine Learning",Kolkata,ONLINE,2026-08-09,"Monthly stipend Rs. 31,000","Monthly stipend Rs. 31,000",0,https://drdo.gov.in,https://drdo.gov.in,2026-08-28,EXPIRED
956,GitHub Campus Expert Program - Season 48,AICTE,Ambassador Programs,"Detailed description for GitHub Campus Expert Program - Season 48. Learn public speaking and tech organization skills supported by GitHub. This provides a perfect match for students looking to excel in their career paths, build hands-on skills, and gain industry recognition.",Undergraduate,2,3,Electronics & Communication,"Communication,Leadership",Delhi,HYBRID,2026-09-01,N/A,N/A,0,https://education.github.com,https://education.github.com,2026-08-25,CLOSING_SOON
957,G20 Youth Summit Innovation Challenge - Season 48,AICTE,Innovation Challenges,"Detailed description for G20 Youth Summit Innovation Challenge - Season 48. Propose tech blueprints addressing renewable energy distribution. This provides a perfect match for students looking to excel in their career paths, build hands-on skills, and gain industry recognition.",Class 10,2,4,Electrical Engineering,"Problem Solving,Leadership,Business Strategy",Remote,OFFLINE,2026-08-01,"Certificate + Cash prize Rs. 50,000","Certificate + Cash prize Rs. 50,000",0,https://g20.org,https://g20.org,2026-08-29,EXPIRED
958,Stanford University Knight-Hennessy Scholars 2026,CERN,Study Abroad,"Detailed description for Stanford University Knight-Hennessy Scholars 2026. Full funding for graduate degrees at Stanford University in any field. This provides a perfect match for students looking to excel in their career paths, build hands-on skills, and gain industry recognition.",Graduate,2,5,Electrical Engineering,"Academic Writing,Leadership,Research Methodology",Remote,OFFLINE,2026-10-28,N/A,N/A,0,https://knight-hennessy.stanford.edu,https://knight-hennessy.stanford.edu,2026-08-26,ACTIVE
959,L&T Build India Scholarship - Season 48,Major League Hacking,Scholarships,"Detailed description for L&T Build India Scholarship - Season 48. Sponsorship for M.Tech in Construction Technology at IIT Madras/Delhi. This provides a perfect match for students looking to excel in their career paths, build hands-on skills, and gain industry recognition.",Class 10,1,4,Business/BBA,"CAD,Civil Engineering,Physics",Bangalore,HYBRID,2026-08-23,"Tuition sponsored + Stipend Rs. 15,000","Tuition sponsored + Stipend Rs. 15,000",0,https://lntecc.com,https://lntecc.com,2026-08-27,EXPIRED
960,National Talent Search Examination (NTSE) - Season 48,Amazon,Exams,"Detailed description for National Talent Search Examination (NTSE) - Season 48. National scholarship exam identifying academic talent in high school. This provides a perfect match for students looking to excel in their career paths, build hands-on skills, and gain industry recognition.",Diploma,2,5,Commerce/B.Com,"Mathematics,Problem Solving",Kolkata,OFFLINE,2026-09-17,N/A,N/A,0,https://ncert.nic.in,https://ncert.nic.in,2026-08-26,ACTIVE
961,Smart India Hackathon 2026,Coursera,Hackathons,"Detailed description for Smart India Hackathon 2026. National level digital product building competition solving government problems. This provides a perfect match for students looking to excel in their career paths, build hands-on skills, and gain industry recognition.",Class 10,1,3,Electrical Engineering,Python,Pune,ONLINE,2026-08-10,"Rs. 1,00,000","Rs. 1,00,000",0,https://sih.gov.in,https://sih.gov.in,2026-08-26,EXPIRED
962,Google Summer of Code (GSoC) - Season 49,Tata Trusts,Internships,"Detailed description for Google Summer of Code (GSoC) - Season 49. Global program matching students with open source organizations. This provides a perfect match for students looking to excel in their career paths, build hands-on skills, and gain industry recognition.",Class 10,2,5,Civil Engineering,"Java,JavaScript",Bangalore,ONLINE,2026-12-09,N/A,Stipend ($1500 - $3000),0,https://summerofcode.withgoogle.com,https://summerofcode.withgoogle.com,2026-08-25,UPCOMING
963,ISRO Fellowship Program - Season 49,ISRO,Fellowships,"Detailed description for ISRO Fellowship Program - Season 49. Research fellowship for postgraduate students in aerospace, remote sensing, and computing. This provides a perfect match for students looking to excel in their career paths, build hands-on skills, and gain industry recognition.",Postgraduate,1,4,Computer Science,Research Methodology,Chennai,OFFLINE,2026-09-22,"Rs. 35,000 / month","Rs. 35,000 / month",0,https://isro.gov.in,https://isro.gov.in,2026-08-28,ACTIVE
964,Kaggle ML Competition: Indian Housing 2026,CERN,Competitions,"Detailed description for Kaggle ML Competition: Indian Housing 2026. Solve machine learning regression challenges on public Indian dataset. This provides a perfect match for students looking to excel in their career paths, build hands-on skills, and gain industry recognition.",Class 12,2,4,Science/B.Sc,Python,Remote,HYBRID,2026-07-28,"Prizes up to $10,000",N/A,0,https://kaggle.com,https://kaggle.com,2026-08-27,EXPIRED
965,Microsoft Learn Student Ambassador - Season 49,British Council,Ambassador Programs,"Detailed description for Microsoft Learn Student Ambassador - Season 49. Host workshops and build technical communities in your local college. This provides a perfect match for students looking to excel in their career paths, build hands-on skills, and gain industry recognition.",Postgraduate,1,5,Commerce/B.Com,Leadership,Chennai,HYBRID,2026-10-08,N/A,N/A,0,https://mvp.microsoft.com,https://mvp.microsoft.com,2026-08-28,ACTIVE
966,AWS Cloud Practitioner Certification Scholarship - Season 49,Startup India,Certifications,"Detailed description for AWS Cloud Practitioner Certification Scholarship - Season 49. Voucher scholarship providing 100% exam fee discount for students. This provides a perfect match for students looking to excel in their career paths, build hands-on skills, and gain industry recognition.",Diploma,2,3,Science/B.Sc,"AWS,Kubernetes",Kolkata,HYBRID,2026-12-19,N/A,N/A,0,https://aws.amazon.com,https://aws.amazon.com,2026-08-28,ACTIVE
967,NITI Aayog Internship Scheme 2026,Google,Internships,"Detailed description for NITI Aayog Internship Scheme 2026. Work on public policy research and analysis under central government experts. This provides a perfect match for students looking to excel in their career paths, build hands-on skills, and gain industry recognition.",Diploma,2,3,Law/LLB,"Communication,Research Methodology,Data Analytics",Pune,HYBRID,2026-12-15,N/A,N/A,0,https://niti.gov.in,https://niti.gov.in,2026-08-28,ACTIVE
968,UNESCO Youth Volunteering Fellowship - Season 49,Reliance Foundation,Volunteering,"Detailed description for UNESCO Youth Volunteering Fellowship - Season 49. Volunteer for community educational and digital literacy workshops. This provides a perfect match for students looking to excel in their career paths, build hands-on skills, and gain industry recognition.",Diploma,2,4,Biotechnology,"Social Work,Communication,Leadership",Delhi,OFFLINE,2026-07-19,N/A,N/A,0,https://unesco.org,https://unesco.org,2026-08-29,EXPIRED
969,Study Abroad in Germany: DAAD Scholarship - Season 49,Amazon,Study Abroad,"Detailed description for Study Abroad in Germany: DAAD Scholarship - Season 49. Postgraduate full-degree funding for engineering and science graduates. This provides a perfect match for students looking to excel in their career paths, build hands-on skills, and gain industry recognition.",Class 12,2,4,Business/BBA,German Language,Delhi,ONLINE,2026-07-27,N/A,N/A,0,https://daad.de,https://daad.de,2026-08-27,EXPIRED
970,Startup India Seed Fund Challenge 2026,Google,Entrepreneurship,"Detailed description for Startup India Seed Fund Challenge 2026. Submit startup pitch to receive incubator grants and mentorship. This provides a perfect match for students looking to excel in their career paths, build hands-on skills, and gain industry recognition.",Undergraduate,1,3,Biotechnology,Public Speaking,Delhi,HYBRID,2026-10-18,Up to Rs. 20 Lakhs funding,Up to Rs. 20 Lakhs funding,0,https://startupindia.gov.in,https://startupindia.gov.in,2026-08-28,ACTIVE
971,Adobe India Women in Tech Internship - Season 49,IIT Madras,Internships,"Detailed description for Adobe India Women in Tech Internship - Season 49. Summer internship for female engineering students in product development. This provides a perfect match for students looking to excel in their career paths, build hands-on skills, and gain industry recognition.",Class 12,1,4,Biotechnology,Algorithms,Kolkata,ONLINE,2026-07-21,"Stipend Rs. 1,00,000 / month","Stipend Rs. 1,00,000 / month",0,https://adobe.com,https://adobe.com,2026-08-26,EXPIRED
972,TCS CodeVita Coding Competition - Season 49,DRDO,Competitions,"Detailed description for TCS CodeVita Coding Competition - Season 49. Global coding contest testing algorithmic problem-solving speed. This provides a perfect match for students looking to excel in their career paths, build hands-on skills, and gain industry recognition.",Class 12,1,4,Medicine/MBBS,"Data Structures,Python",Bangalore,OFFLINE,2026-09-24,"Prizes up to $20,000 + Job interview",N/A,0,https://tcscodevita.com,https://tcscodevita.com,2026-08-29,ACTIVE
973,UN Sustainable Development Goals Workshop 2026,Buddy4Study,Workshops,"Detailed description for UN Sustainable Development Goals Workshop 2026. Five-day interactive virtual seminar on local social impact strategies. This provides a perfect match for students looking to excel in their career paths, build hands-on skills, and gain industry recognition.",Graduate,2,4,Biotechnology,Leadership,Remote,ONLINE,2026-08-30,N/A,N/A,0,https://sdg.un.org,https://sdg.un.org,2026-08-25,EXPIRED
974,International Conference on AI & ML (ICML India) - Season 49,TCS,Conferences,"Detailed description for International Conference on AI & ML (ICML India) - Season 49. Global research conference featuring top papers in AI/ML advancements. This provides a perfect match for students looking to excel in their career paths, build hands-on skills, and gain industry recognition.",Graduate,2,4,Business/BBA,"Research Methodology,Machine Learning,Deep Learning",Chennai,OFFLINE,2026-12-25,N/A,N/A,"Rs. 2,000",https://icml.cc,https://icml.cc,2026-08-26,ACTIVE
975,DRDO Young Scientist Lab Project - Season 49,NITI Aayog,Research,"Detailed description for DRDO Young Scientist Lab Project - Season 49. Participate in defense robotics and computer vision project implementation. This provides a perfect match for students looking to excel in their career paths, build hands-on skills, and gain industry recognition.",Undergraduate,2,3,Business/BBA,"Python,Computer Vision",Chennai,HYBRID,2026-07-30,"Monthly stipend Rs. 31,000","Monthly stipend Rs. 31,000",0,https://drdo.gov.in,https://drdo.gov.in,2026-08-26,EXPIRED
976,GitHub Campus Expert Program 2026,Microsoft,Ambassador Programs,"Detailed description for GitHub Campus Expert Program 2026. Learn public speaking and tech organization skills supported by GitHub. This provides a perfect match for students looking to excel in their career paths, build hands-on skills, and gain industry recognition.",Diploma,2,5,Arts/Humanities,"Git,Communication",Mumbai,ONLINE,2026-08-27,N/A,N/A,0,https://education.github.com,https://education.github.com,2026-08-29,EXPIRED
977,G20 Youth Summit Innovation Challenge - Season 49,DAAD,Innovation Challenges,"Detailed description for G20 Youth Summit Innovation Challenge - Season 49. Propose tech blueprints addressing renewable energy distribution. This provides a perfect match for students looking to excel in their career paths, build hands-on skills, and gain industry recognition.",Class 10,1,5,Commerce/B.Com,"Problem Solving,Leadership",Delhi,ONLINE,2026-09-14,"Certificate + Cash prize Rs. 50,000","Certificate + Cash prize Rs. 50,000",0,https://g20.org,https://g20.org,2026-08-29,ACTIVE
978,Stanford University Knight-Hennessy Scholars - Season 49,DAAD,Study Abroad,"Detailed description for Stanford University Knight-Hennessy Scholars - Season 49. Full funding for graduate degrees at Stanford University in any field. This provides a perfect match for students looking to excel in their career paths, build hands-on skills, and gain industry recognition.",Class 12,1,3,Arts/Humanities,"Leadership,Research Methodology,Academic Writing",Delhi,ONLINE,2026-07-17,N/A,N/A,0,https://knight-hennessy.stanford.edu,https://knight-hennessy.stanford.edu,2026-08-26,EXPIRED
979,L&T Build India Scholarship 2026,NITI Aayog,Scholarships,"Detailed description for L&T Build India Scholarship 2026. Sponsorship for M.Tech in Construction Technology at IIT Madras/Delhi. This provides a perfect match for students looking to excel in their career paths, build hands-on skills, and gain industry recognition.",Undergraduate,2,4,Science/B.Sc,Civil Engineering,Chennai,OFFLINE,2026-10-24,"Tuition sponsored + Stipend Rs. 15,000","Tuition sponsored + Stipend Rs. 15,000",0,https://lntecc.com,https://lntecc.com,2026-08-28,ACTIVE
980,National Talent Search Examination (NTSE) - Season 49,Microsoft,Exams,"Detailed description for National Talent Search Examination (NTSE) - Season 49. National scholarship exam identifying academic talent in high school. This provides a perfect match for students looking to excel in their career paths, build hands-on skills, and gain industry recognition.",Postgraduate,2,5,Computer Science,"Problem Solving,Mathematics",Kolkata,ONLINE,2026-09-02,N/A,N/A,0,https://ncert.nic.in,https://ncert.nic.in,2026-08-28,CLOSING_SOON
981,Smart India Hackathon - Season 50,Google,Hackathons,"Detailed description for Smart India Hackathon - Season 50. National level digital product building competition solving government problems. This provides a perfect match for students looking to excel in their career paths, build hands-on skills, and gain industry recognition.",Class 10,1,5,Computer Science,React,Pune,ONLINE,2026-10-10,"Rs. 1,00,000","Rs. 1,00,000",0,https://sih.gov.in,https://sih.gov.in,2026-08-28,ACTIVE
982,Google Summer of Code (GSoC) 2026,Udemy,Internships,"Detailed description for Google Summer of Code (GSoC) 2026. Global program matching students with open source organizations. This provides a perfect match for students looking to excel in their career paths, build hands-on skills, and gain industry recognition.",Class 12,2,3,Electronics & Communication,Git,Delhi,ONLINE,2026-12-23,N/A,Stipend ($1500 - $3000),0,https://summerofcode.withgoogle.com,https://summerofcode.withgoogle.com,2026-08-26,ACTIVE
983,ISRO Fellowship Program - Season 50,Reliance Foundation,Fellowships,"Detailed description for ISRO Fellowship Program - Season 50. Research fellowship for postgraduate students in aerospace, remote sensing, and computing. This provides a perfect match for students looking to excel in their career paths, build hands-on skills, and gain industry recognition.",Undergraduate,2,5,Computer Science,Academic Writing,Pune,ONLINE,2026-08-03,"Rs. 35,000 / month","Rs. 35,000 / month",0,https://isro.gov.in,https://isro.gov.in,2026-08-25,EXPIRED
984,Kaggle ML Competition: Indian Housing - Season 50,Amazon,Competitions,"Detailed description for Kaggle ML Competition: Indian Housing - Season 50. Solve machine learning regression challenges on public Indian dataset. This provides a perfect match for students looking to excel in their career paths, build hands-on skills, and gain industry recognition.",Graduate,2,5,Mechanical Engineering,Python,Mumbai,HYBRID,2026-08-28,"Prizes up to $10,000",N/A,0,https://kaggle.com,https://kaggle.com,2026-08-26,EXPIRED
985,Microsoft Learn Student Ambassador 2026,Ministry of Education,Ambassador Programs,"Detailed description for Microsoft Learn Student Ambassador 2026. Host workshops and build technical communities in your local college. This provides a perfect match for students looking to excel in their career paths, build hands-on skills, and gain industry recognition.",Graduate,1,3,All Branches,Public Speaking,Pune,ONLINE,2026-10-09,N/A,N/A,0,https://mvp.microsoft.com,https://mvp.microsoft.com,2026-08-26,ACTIVE
986,AWS Cloud Practitioner Certification Scholarship - Season 50,ISRO,Certifications,"Detailed description for AWS Cloud Practitioner Certification Scholarship - Season 50. Voucher scholarship providing 100% exam fee discount for students. This provides a perfect match for students looking to excel in their career paths, build hands-on skills, and gain industry recognition.",Class 10,2,4,Civil Engineering,"Docker,Kubernetes",Kolkata,HYBRID,2026-10-18,N/A,N/A,0,https://aws.amazon.com,https://aws.amazon.com,2026-08-26,ACTIVE
987,NITI Aayog Internship Scheme - Season 50,Startup India,Internships,"Detailed description for NITI Aayog Internship Scheme - Season 50. Work on public policy research and analysis under central government experts. This provides a perfect match for students looking to excel in their career paths, build hands-on skills, and gain industry recognition.",Undergraduate,2,5,All Branches,"Research Methodology,Communication,Data Analytics",Bangalore,HYBRID,2026-08-13,N/A,N/A,0,https://niti.gov.in,https://niti.gov.in,2026-08-29,EXPIRED
988,UNESCO Youth Volunteering Fellowship 2026,Buddy4Study,Volunteering,"Detailed description for UNESCO Youth Volunteering Fellowship 2026. Volunteer for community educational and digital literacy workshops. This provides a perfect match for students looking to excel in their career paths, build hands-on skills, and gain industry recognition.",Graduate,2,4,Arts/Humanities,"Communication,Leadership,Social Work",Pune,ONLINE,2026-09-06,N/A,N/A,0,https://unesco.org,https://unesco.org,2026-08-26,CLOSING_SOON
989,Study Abroad in Germany: DAAD Scholarship - Season 50,ISRO,Study Abroad,"Detailed description for Study Abroad in Germany: DAAD Scholarship - Season 50. Postgraduate full-degree funding for engineering and science graduates. This provides a perfect match for students looking to excel in their career paths, build hands-on skills, and gain industry recognition.",Undergraduate,2,4,Biotechnology,German Language,Remote,OFFLINE,2026-08-31,N/A,N/A,0,https://daad.de,https://daad.de,2026-08-26,CLOSING_SOON
990,Startup India Seed Fund Challenge - Season 50,Amazon,Entrepreneurship,"Detailed description for Startup India Seed Fund Challenge - Season 50. Submit startup pitch to receive incubator grants and mentorship. This provides a perfect match for students looking to excel in their career paths, build hands-on skills, and gain industry recognition.",Class 12,1,4,Science/B.Sc,"Financial Accounting,Business Strategy,Public Speaking",Remote,ONLINE,2026-11-28,Up to Rs. 20 Lakhs funding,Up to Rs. 20 Lakhs funding,0,https://startupindia.gov.in,https://startupindia.gov.in,2026-08-28,ACTIVE
991,Adobe India Women in Tech Internship 2026,ISRO,Internships,"Detailed description for Adobe India Women in Tech Internship 2026. Summer internship for female engineering students in product development. This provides a perfect match for students looking to excel in their career paths, build hands-on skills, and gain industry recognition.",Class 10,1,5,Electronics & Communication,Algorithms,Mumbai,ONLINE,2026-12-04,"Stipend Rs. 1,00,000 / month","Stipend Rs. 1,00,000 / month",0,https://adobe.com,https://adobe.com,2026-08-27,UPCOMING
992,TCS CodeVita Coding Competition - Season 50,Microsoft,Competitions,"Detailed description for TCS CodeVita Coding Competition - Season 50. Global coding contest testing algorithmic problem-solving speed. This provides a perfect match for students looking to excel in their career paths, build hands-on skills, and gain industry recognition.",Diploma,2,5,Civil Engineering,"Data Structures,C++",Delhi,ONLINE,2026-12-10,"Prizes up to $20,000 + Job interview",N/A,0,https://tcscodevita.com,https://tcscodevita.com,2026-08-28,ACTIVE
993,UN Sustainable Development Goals Workshop - Season 50,Ministry of Education,Workshops,"Detailed description for UN Sustainable Development Goals Workshop - Season 50. Five-day interactive virtual seminar on local social impact strategies. This provides a perfect match for students looking to excel in their career paths, build hands-on skills, and gain industry recognition.",Undergraduate,2,4,Arts/Humanities,Communication,Kolkata,HYBRID,2026-10-01,N/A,N/A,0,https://sdg.un.org,https://sdg.un.org,2026-08-29,ACTIVE
994,International Conference on AI & ML (ICML India) 2026,HDFC Bank,Conferences,"Detailed description for International Conference on AI & ML (ICML India) 2026. Global research conference featuring top papers in AI/ML advancements. This provides a perfect match for students looking to excel in their career paths, build hands-on skills, and gain industry recognition.",Class 10,1,4,Commerce/B.Com,Research Methodology,Mumbai,HYBRID,2026-07-24,N/A,N/A,"Rs. 2,000",https://icml.cc,https://icml.cc,2026-08-28,EXPIRED
995,DRDO Young Scientist Lab Project - Season 50,ACM,Research,"Detailed description for DRDO Young Scientist Lab Project - Season 50. Participate in defense robotics and computer vision project implementation. This provides a perfect match for students looking to excel in their career paths, build hands-on skills, and gain industry recognition.",Diploma,2,4,Arts/Humanities,"Computer Vision,C++",Mumbai,ONLINE,2026-11-25,"Monthly stipend Rs. 31,000","Monthly stipend Rs. 31,000",0,https://drdo.gov.in,https://drdo.gov.in,2026-08-27,ACTIVE
996,GitHub Campus Expert Program - Season 50,Tata Trusts,Ambassador Programs,"Detailed description for GitHub Campus Expert Program - Season 50. Learn public speaking and tech organization skills supported by GitHub. This provides a perfect match for students looking to excel in their career paths, build hands-on skills, and gain industry recognition.",Postgraduate,2,4,Mechanical Engineering,"Leadership,Communication",Mumbai,HYBRID,2026-07-21,N/A,N/A,0,https://education.github.com,https://education.github.com,2026-08-26,EXPIRED
997,G20 Youth Summit Innovation Challenge 2026,Google,Innovation Challenges,"Detailed description for G20 Youth Summit Innovation Challenge 2026. Propose tech blueprints addressing renewable energy distribution. This provides a perfect match for students looking to excel in their career paths, build hands-on skills, and gain industry recognition.",Undergraduate,2,4,All Branches,Problem Solving,Hyderabad,ONLINE,2026-07-30,"Certificate + Cash prize Rs. 50,000","Certificate + Cash prize Rs. 50,000",0,https://g20.org,https://g20.org,2026-08-25,EXPIRED
998,Stanford University Knight-Hennessy Scholars - Season 50,GitHub,Study Abroad,"Detailed description for Stanford University Knight-Hennessy Scholars - Season 50. Full funding for graduate degrees at Stanford University in any field. This provides a perfect match for students looking to excel in their career paths, build hands-on skills, and gain industry recognition.",Class 12,2,3,Mechanical Engineering,"Academic Writing,Leadership",Pune,HYBRID,2026-09-02,N/A,N/A,0,https://knight-hennessy.stanford.edu,https://knight-hennessy.stanford.edu,2026-08-27,CLOSING_SOON
999,L&T Build India Scholarship - Season 50,CERN,Scholarships,"Detailed description for L&T Build India Scholarship - Season 50. Sponsorship for M.Tech in Construction Technology at IIT Madras/Delhi. This provides a perfect match for students looking to excel in their career paths, build hands-on skills, and gain industry recognition.",Postgraduate,1,5,Civil Engineering,"Physics,CAD",Pune,HYBRID,2026-11-28,"Tuition sponsored + Stipend Rs. 15,000","Tuition sponsored + Stipend Rs. 15,000",0,https://lntecc.com,https://lntecc.com,2026-08-27,ACTIVE
1000,National Talent Search Examination (NTSE) 2026,Smart India Hackathon,Exams,"Detailed description for National Talent Search Examination (NTSE) 2026. National scholarship exam identifying academic talent in high school. This provides a perfect match for students looking to excel in their career paths, build hands-on skills, and gain industry recognition.",Class 12,1,3,Biotechnology,"Mathematics,Problem Solving",Hyderabad,ONLINE,2026-09-10,N/A,N/A,0,https://ncert.nic.in,https://ncert.nic.in,2026-08-25,ACTIVE
1001,Smart India Hackathon - Season 51,Ministry of Education,Hackathons,"Detailed description for Smart India Hackathon - Season 51. National level digital product building competition solving government problems. This provides a perfect match for students looking to excel in their career paths, build hands-on skills, and gain industry recognition.",Diploma,1,4,Science/B.Sc,"React,Python",Bangalore,OFFLINE,2026-08-30,"Rs. 1,00,000","Rs. 1,00,000",0,https://sih.gov.in,https://sih.gov.in,2026-08-26,EXPIRED
1002,Google Summer of Code (GSoC) - Season 51,Major League Hacking,Internships,"Detailed description for Google Summer of Code (GSoC) - Season 51. Global program matching students with open source organizations. This provides a perfect match for students looking to excel in their career paths, build hands-on skills, and gain industry recognition.",Postgraduate,1,3,Biotechnology,"JavaScript,Python,Java",Hyderabad,HYBRID,2026-07-18,N/A,Stipend ($1500 - $3000),0,https://summerofcode.withgoogle.com,https://summerofcode.withgoogle.com,2026-08-29,EXPIRED
1003,ISRO Fellowship Program 2026,HDFC Bank,Fellowships,"Detailed description for ISRO Fellowship Program 2026. Research fellowship for postgraduate students in aerospace, remote sensing, and computing. This provides a perfect match for students looking to excel in their career paths, build hands-on skills, and gain industry recognition.",Undergraduate,1,5,Science/B.Sc,"Research Methodology,Academic Writing",Pune,HYBRID,2026-07-25,"Rs. 35,000 / month","Rs. 35,000 / month",0,https://isro.gov.in,https://isro.gov.in,2026-08-28,EXPIRED
1004,Kaggle ML Competition: Indian Housing - Season 51,IEEE,Competitions,"Detailed description for Kaggle ML Competition: Indian Housing - Season 51. Solve machine learning regression challenges on public Indian dataset. This provides a perfect match for students looking to excel in their career paths, build hands-on skills, and gain industry recognition.",Class 12,1,4,Medicine/MBBS,Machine Learning,Bangalore,HYBRID,2026-12-23,"Prizes up to $10,000",N/A,0,https://kaggle.com,https://kaggle.com,2026-08-29,ACTIVE
1005,Microsoft Learn Student Ambassador - Season 51,TCS,Ambassador Programs,"Detailed description for Microsoft Learn Student Ambassador - Season 51. Host workshops and build technical communities in your local college. This provides a perfect match for students looking to excel in their career paths, build hands-on skills, and gain industry recognition.",Diploma,2,4,All Branches,"Leadership,Communication,Public Speaking",Bangalore,HYBRID,2026-08-09,N/A,N/A,0,https://mvp.microsoft.com,https://mvp.microsoft.com,2026-08-26,EXPIRED
1006,AWS Cloud Practitioner Certification Scholarship 2026,Amazon,Certifications,"Detailed description for AWS Cloud Practitioner Certification Scholarship 2026. Voucher scholarship providing 100% exam fee discount for students. This provides a perfect match for students looking to excel in their career paths, build hands-on skills, and gain industry recognition.",Graduate,2,5,Electronics & Communication,"Docker,AWS",Remote,ONLINE,2026-08-10,N/A,N/A,0,https://aws.amazon.com,https://aws.amazon.com,2026-08-28,EXPIRED
1007,NITI Aayog Internship Scheme - Season 51,Reliance Foundation,Internships,"Detailed description for NITI Aayog Internship Scheme - Season 51. Work on public policy research and analysis under central government experts. This provides a perfect match for students looking to excel in their career paths, build hands-on skills, and gain industry recognition.",Undergraduate,1,4,Law/LLB,"Communication,Research Methodology,Data Analytics",Remote,OFFLINE,2026-09-18,N/A,N/A,0,https://niti.gov.in,https://niti.gov.in,2026-08-26,ACTIVE
1008,UNESCO Youth Volunteering Fellowship - Season 51,Google,Volunteering,"Detailed description for UNESCO Youth Volunteering Fellowship - Season 51. Volunteer for community educational and digital literacy workshops. This provides a perfect match for students looking to excel in their career paths, build hands-on skills, and gain industry recognition.",Diploma,1,4,Computer Science,Leadership,Kolkata,HYBRID,2026-07-20,N/A,N/A,0,https://unesco.org,https://unesco.org,2026-08-27,EXPIRED
1009,Study Abroad in Germany: DAAD Scholarship 2026,IEEE,Study Abroad,"Detailed description for Study Abroad in Germany: DAAD Scholarship 2026. Postgraduate full-degree funding for engineering and science graduates. This provides a perfect match for students looking to excel in their career paths, build hands-on skills, and gain industry recognition.",Class 12,1,5,Electrical Engineering,"Research Methodology,German Language",Mumbai,HYBRID,2026-12-08,N/A,N/A,0,https://daad.de,https://daad.de,2026-08-29,ACTIVE
1010,Startup India Seed Fund Challenge - Season 51,TCS,Entrepreneurship,"Detailed description for Startup India Seed Fund Challenge - Season 51. Submit startup pitch to receive incubator grants and mentorship. This provides a perfect match for students looking to excel in their career paths, build hands-on skills, and gain industry recognition.",Class 10,1,4,Business/BBA,"Public Speaking,Business Strategy",Bangalore,ONLINE,2026-08-02,Up to Rs. 20 Lakhs funding,Up to Rs. 20 Lakhs funding,0,https://startupindia.gov.in,https://startupindia.gov.in,2026-08-28,EXPIRED
1011,Adobe India Women in Tech Internship - Season 51,British Council,Internships,"Detailed description for Adobe India Women in Tech Internship - Season 51. Summer internship for female engineering students in product development. This provides a perfect match for students looking to excel in their career paths, build hands-on skills, and gain industry recognition.",Graduate,2,5,Mechanical Engineering,"Java,C++",Kolkata,ONLINE,2026-10-16,"Stipend Rs. 1,00,000 / month","Stipend Rs. 1,00,000 / month",0,https://adobe.com,https://adobe.com,2026-08-25,ACTIVE
1012,TCS CodeVita Coding Competition 2026,Kaggle,Competitions,"Detailed description for TCS CodeVita Coding Competition 2026. Global coding contest testing algorithmic problem-solving speed. This provides a perfect match for students looking to excel in their career paths, build hands-on skills, and gain industry recognition.",Postgraduate,2,3,Electrical Engineering,"Python,Data Structures",Chennai,OFFLINE,2026-07-18,"Prizes up to $20,000 + Job interview",N/A,0,https://tcscodevita.com,https://tcscodevita.com,2026-08-28,EXPIRED
1013,UN Sustainable Development Goals Workshop - Season 51,DAAD,Workshops,"Detailed description for UN Sustainable Development Goals Workshop - Season 51. Five-day interactive virtual seminar on local social impact strategies. This provides a perfect match for students looking to excel in their career paths, build hands-on skills, and gain industry recognition.",Graduate,2,3,Business/BBA,"Teamwork,Leadership",Remote,OFFLINE,2026-08-04,N/A,N/A,0,https://sdg.un.org,https://sdg.un.org,2026-08-29,EXPIRED
1014,International Conference on AI & ML (ICML India) - Season 51,Udemy,Conferences,"Detailed description for International Conference on AI & ML (ICML India) - Season 51. Global research conference featuring top papers in AI/ML advancements. This provides a perfect match for students looking to excel in their career paths, build hands-on skills, and gain industry recognition.",Class 12,1,3,Medicine/MBBS,"Research Methodology,Deep Learning,Machine Learning",Hyderabad,OFFLINE,2026-11-10,N/A,N/A,"Rs. 2,000",https://icml.cc,https://icml.cc,2026-08-25,ACTIVE
1015,DRDO Young Scientist Lab Project 2026,GitHub,Research,"Detailed description for DRDO Young Scientist Lab Project 2026. Participate in defense robotics and computer vision project implementation. This provides a perfect match for students looking to excel in their career paths, build hands-on skills, and gain industry recognition.",Postgraduate,2,5,Electrical Engineering,"Python,Machine Learning",Bangalore,HYBRID,2026-11-30,"Monthly stipend Rs. 31,000","Monthly stipend Rs. 31,000",0,https://drdo.gov.in,https://drdo.gov.in,2026-08-29,ACTIVE
1016,GitHub Campus Expert Program - Season 51,Reliance Foundation,Ambassador Programs,"Detailed description for GitHub Campus Expert Program - Season 51. Learn public speaking and tech organization skills supported by GitHub. This provides a perfect match for students looking to excel in their career paths, build hands-on skills, and gain industry recognition.",Graduate,1,4,Mechanical Engineering,Leadership,Bangalore,ONLINE,2026-08-10,N/A,N/A,0,https://education.github.com,https://education.github.com,2026-08-29,EXPIRED
1017,G20 Youth Summit Innovation Challenge - Season 51,NITI Aayog,Innovation Challenges,"Detailed description for G20 Youth Summit Innovation Challenge - Season 51. Propose tech blueprints addressing renewable energy distribution. This provides a perfect match for students looking to excel in their career paths, build hands-on skills, and gain industry recognition.",Class 12,1,3,Civil Engineering,"Business Strategy,Leadership,Problem Solving",Pune,ONLINE,2026-11-04,"Certificate + Cash prize Rs. 50,000","Certificate + Cash prize Rs. 50,000",0,https://g20.org,https://g20.org,2026-08-25,ACTIVE
1018,Stanford University Knight-Hennessy Scholars 2026,Major League Hacking,Study Abroad,"Detailed description for Stanford University Knight-Hennessy Scholars 2026. Full funding for graduate degrees at Stanford University in any field. This provides a perfect match for students looking to excel in their career paths, build hands-on skills, and gain industry recognition.",Class 10,2,3,Civil Engineering,"Leadership,Research Methodology",Remote,OFFLINE,2026-11-01,N/A,N/A,0,https://knight-hennessy.stanford.edu,https://knight-hennessy.stanford.edu,2026-08-26,ACTIVE
1019,L&T Build India Scholarship - Season 51,Reliance Foundation,Scholarships,"Detailed description for L&T Build India Scholarship - Season 51. Sponsorship for M.Tech in Construction Technology at IIT Madras/Delhi. This provides a perfect match for students looking to excel in their career paths, build hands-on skills, and gain industry recognition.",Class 12,1,4,Science/B.Sc,"CAD,Physics",Hyderabad,HYBRID,2026-11-11,"Tuition sponsored + Stipend Rs. 15,000","Tuition sponsored + Stipend Rs. 15,000",0,https://lntecc.com,https://lntecc.com,2026-08-25,ACTIVE
1020,National Talent Search Examination (NTSE) - Season 51,Microsoft,Exams,"Detailed description for National Talent Search Examination (NTSE) - Season 51. National scholarship exam identifying academic talent in high school. This provides a perfect match for students looking to excel in their career paths, build hands-on skills, and gain industry recognition.",Diploma,2,5,Arts/Humanities,Problem Solving,Delhi,ONLINE,2026-12-12,N/A,N/A,0,https://ncert.nic.in,https://ncert.nic.in,2026-08-27,ACTIVE
1021,Smart India Hackathon 2026,GitHub,Hackathons,"Detailed description for Smart India Hackathon 2026. National level digital product building competition solving government problems. This provides a perfect match for students looking to excel in their career paths, build hands-on skills, and gain industry recognition.",Diploma,2,3,Business/BBA,"SQL,Python,React",Mumbai,ONLINE,2026-12-26,"Rs. 1,00,000","Rs. 1,00,000",0,https://sih.gov.in,https://sih.gov.in,2026-08-28,ACTIVE
1022,Google Summer of Code (GSoC) - Season 52,ACM,Internships,"Detailed description for Google Summer of Code (GSoC) - Season 52. Global program matching students with open source organizations. This provides a perfect match for students looking to excel in their career paths, build hands-on skills, and gain industry recognition.",Graduate,2,4,Computer Science,"Python,JavaScript",Chennai,ONLINE,2026-11-11,N/A,Stipend ($1500 - $3000),0,https://summerofcode.withgoogle.com,https://summerofcode.withgoogle.com,2026-08-29,ACTIVE
1023,ISRO Fellowship Program - Season 52,Microsoft,Fellowships,"Detailed description for ISRO Fellowship Program - Season 52. Research fellowship for postgraduate students in aerospace, remote sensing, and computing. This provides a perfect match for students looking to excel in their career paths, build hands-on skills, and gain industry recognition.",Postgraduate,1,3,Electrical Engineering,"Research Methodology,Academic Writing",Pune,OFFLINE,2026-09-01,"Rs. 35,000 / month","Rs. 35,000 / month",0,https://isro.gov.in,https://isro.gov.in,2026-08-27,CLOSING_SOON
1024,Kaggle ML Competition: Indian Housing 2026,IEEE,Competitions,"Detailed description for Kaggle ML Competition: Indian Housing 2026. Solve machine learning regression challenges on public Indian dataset. This provides a perfect match for students looking to excel in their career paths, build hands-on skills, and gain industry recognition.",Class 10,2,5,Law/LLB,Statistics,Hyderabad,HYBRID,2026-08-11,"Prizes up to $10,000",N/A,0,https://kaggle.com,https://kaggle.com,2026-08-28,EXPIRED
1025,Microsoft Learn Student Ambassador - Season 52,Buddy4Study,Ambassador Programs,"Detailed description for Microsoft Learn Student Ambassador - Season 52. Host workshops and build technical communities in your local college. This provides a perfect match for students looking to excel in their career paths, build hands-on skills, and gain industry recognition.",Postgraduate,2,5,Business/BBA,"Leadership,Public Speaking,Communication",Delhi,HYBRID,2026-09-21,N/A,N/A,0,https://mvp.microsoft.com,https://mvp.microsoft.com,2026-08-28,ACTIVE
1026,AWS Cloud Practitioner Certification Scholarship - Season 52,Infosys,Certifications,"Detailed description for AWS Cloud Practitioner Certification Scholarship - Season 52. Voucher scholarship providing 100% exam fee discount for students. This provides a perfect match for students looking to excel in their career paths, build hands-on skills, and gain industry recognition.",Diploma,2,3,Medicine/MBBS,"Kubernetes,Docker",Delhi,OFFLINE,2026-10-02,N/A,N/A,0,https://aws.amazon.com,https://aws.amazon.com,2026-08-26,ACTIVE
1027,NITI Aayog Internship Scheme 2026,IEEE,Internships,"Detailed description for NITI Aayog Internship Scheme 2026. Work on public policy research and analysis under central government experts. This provides a perfect match for students looking to excel in their career paths, build hands-on skills, and gain industry recognition.",Undergraduate,1,4,Medicine/MBBS,"Communication,Research Methodology,Data Analytics",Hyderabad,OFFLINE,2026-12-07,N/A,N/A,0,https://niti.gov.in,https://niti.gov.in,2026-08-29,ACTIVE
1028,UNESCO Youth Volunteering Fellowship - Season 52,AICTE,Volunteering,"Detailed description for UNESCO Youth Volunteering Fellowship - Season 52. Volunteer for community educational and digital literacy workshops. This provides a perfect match for students looking to excel in their career paths, build hands-on skills, and gain industry recognition.",Graduate,2,4,Commerce/B.Com,"Leadership,Social Work,Communication",Bangalore,ONLINE,2026-12-22,N/A,N/A,0,https://unesco.org,https://unesco.org,2026-08-25,ACTIVE
1029,Study Abroad in Germany: DAAD Scholarship - Season 52,Startup India,Study Abroad,"Detailed description for Study Abroad in Germany: DAAD Scholarship - Season 52. Postgraduate full-degree funding for engineering and science graduates. This provides a perfect match for students looking to excel in their career paths, build hands-on skills, and gain industry recognition.",Graduate,1,5,All Branches,"German Language,Research Methodology",Pune,HYBRID,2026-07-15,N/A,N/A,0,https://daad.de,https://daad.de,2026-08-29,EXPIRED
1030,Startup India Seed Fund Challenge 2026,Udemy,Entrepreneurship,"Detailed description for Startup India Seed Fund Challenge 2026. Submit startup pitch to receive incubator grants and mentorship. This provides a perfect match for students looking to excel in their career paths, build hands-on skills, and gain industry recognition.",Undergraduate,2,3,Electrical Engineering,Business Strategy,Hyderabad,HYBRID,2026-08-01,Up to Rs. 20 Lakhs funding,Up to Rs. 20 Lakhs funding,0,https://startupindia.gov.in,https://startupindia.gov.in,2026-08-27,EXPIRED
1031,Adobe India Women in Tech Internship - Season 52,HDFC Bank,Internships,"Detailed description for Adobe India Women in Tech Internship - Season 52. Summer internship for female engineering students in product development. This provides a perfect match for students looking to excel in their career paths, build hands-on skills, and gain industry recognition.",Class 10,1,3,Medicine/MBBS,"Algorithms,Java,Data Structures",Pune,HYBRID,2026-12-28,"Stipend Rs. 1,00,000 / month","Stipend Rs. 1,00,000 / month",0,https://adobe.com,https://adobe.com,2026-08-27,ACTIVE
1032,TCS CodeVita Coding Competition - Season 52,Google,Competitions,"Detailed description for TCS CodeVita Coding Competition - Season 52. Global coding contest testing algorithmic problem-solving speed. This provides a perfect match for students looking to excel in their career paths, build hands-on skills, and gain industry recognition.",Diploma,1,3,Science/B.Sc,"C++,Data Structures",Hyderabad,OFFLINE,2026-08-02,"Prizes up to $20,000 + Job interview",N/A,0,https://tcscodevita.com,https://tcscodevita.com,2026-08-26,EXPIRED
1033,UN Sustainable Development Goals Workshop 2026,ACM,Workshops,"Detailed description for UN Sustainable Development Goals Workshop 2026. Five-day interactive virtual seminar on local social impact strategies. This provides a perfect match for students looking to excel in their career paths, build hands-on skills, and gain industry recognition.",Postgraduate,2,5,Medicine/MBBS,Teamwork,Kolkata,ONLINE,2026-12-28,N/A,N/A,0,https://sdg.un.org,https://sdg.un.org,2026-08-26,ACTIVE
1034,International Conference on AI & ML (ICML India) - Season 52,Udemy,Conferences,"Detailed description for International Conference on AI & ML (ICML India) - Season 52. Global research conference featuring top papers in AI/ML advancements. This provides a perfect match for students looking to excel in their career paths, build hands-on skills, and gain industry recognition.",Graduate,1,4,Electrical Engineering,"Deep Learning,Research Methodology,Machine Learning",Pune,ONLINE,2026-11-21,N/A,N/A,"Rs. 2,000",https://icml.cc,https://icml.cc,2026-08-28,ACTIVE
1035,DRDO Young Scientist Lab Project - Season 52,Amazon,Research,"Detailed description for DRDO Young Scientist Lab Project - Season 52. Participate in defense robotics and computer vision project implementation. This provides a perfect match for students looking to excel in their career paths, build hands-on skills, and gain industry recognition.",Diploma,1,4,Commerce/B.Com,"Machine Learning,C++,Computer Vision",Kolkata,ONLINE,2026-09-08,"Monthly stipend Rs. 31,000","Monthly stipend Rs. 31,000",0,https://drdo.gov.in,https://drdo.gov.in,2026-08-26,ACTIVE
1036,GitHub Campus Expert Program 2026,Major League Hacking,Ambassador Programs,"Detailed description for GitHub Campus Expert Program 2026. Learn public speaking and tech organization skills supported by GitHub. This provides a perfect match for students looking to excel in their career paths, build hands-on skills, and gain industry recognition.",Undergraduate,2,4,Electronics & Communication,Leadership,Remote,OFFLINE,2026-08-05,N/A,N/A,0,https://education.github.com,https://education.github.com,2026-08-29,EXPIRED
1037,G20 Youth Summit Innovation Challenge - Season 52,Major League Hacking,Innovation Challenges,"Detailed description for G20 Youth Summit Innovation Challenge - Season 52. Propose tech blueprints addressing renewable energy distribution. This provides a perfect match for students looking to excel in their career paths, build hands-on skills, and gain industry recognition.",Diploma,2,4,Electronics & Communication,"Problem Solving,Leadership",Hyderabad,OFFLINE,2026-08-25,"Certificate + Cash prize Rs. 50,000","Certificate + Cash prize Rs. 50,000",0,https://g20.org,https://g20.org,2026-08-26,EXPIRED
1038,Stanford University Knight-Hennessy Scholars - Season 52,Amazon,Study Abroad,"Detailed description for Stanford University Knight-Hennessy Scholars - Season 52. Full funding for graduate degrees at Stanford University in any field. This provides a perfect match for students looking to excel in their career paths, build hands-on skills, and gain industry recognition.",Class 12,2,3,Civil Engineering,"Research Methodology,Academic Writing",Hyderabad,ONLINE,2026-08-23,N/A,N/A,0,https://knight-hennessy.stanford.edu,https://knight-hennessy.stanford.edu,2026-08-25,EXPIRED
1039,L&T Build India Scholarship 2026,UNESCO,Scholarships,"Detailed description for L&T Build India Scholarship 2026. Sponsorship for M.Tech in Construction Technology at IIT Madras/Delhi. This provides a perfect match for students looking to excel in their career paths, build hands-on skills, and gain industry recognition.",Postgraduate,2,3,Computer Science,"Civil Engineering,Physics",Kolkata,OFFLINE,2026-10-08,"Tuition sponsored + Stipend Rs. 15,000","Tuition sponsored + Stipend Rs. 15,000",0,https://lntecc.com,https://lntecc.com,2026-08-25,ACTIVE
1040,National Talent Search Examination (NTSE) - Season 52,ISRO,Exams,"Detailed description for National Talent Search Examination (NTSE) - Season 52. National scholarship exam identifying academic talent in high school. This provides a perfect match for students looking to excel in their career paths, build hands-on skills, and gain industry recognition.",Graduate,2,3,Arts/Humanities,"Mathematics,Problem Solving",Pune,ONLINE,2026-07-29,N/A,N/A,0,https://ncert.nic.in,https://ncert.nic.in,2026-08-28,EXPIRED
1041,Smart India Hackathon - Season 53,Ministry of Education,Hackathons,"Detailed description for Smart India Hackathon - Season 53. National level digital product building competition solving government problems. This provides a perfect match for students looking to excel in their career paths, build hands-on skills, and gain industry recognition.",Class 10,1,3,Law/LLB,"SQL,Python,React",Remote,HYBRID,2026-12-22,"Rs. 1,00,000","Rs. 1,00,000",0,https://sih.gov.in,https://sih.gov.in,2026-08-28,ACTIVE
1042,Google Summer of Code (GSoC) 2026,Coursera,Internships,"Detailed description for Google Summer of Code (GSoC) 2026. Global program matching students with open source organizations. This provides a perfect match for students looking to excel in their career paths, build hands-on skills, and gain industry recognition.",Diploma,2,5,Electronics & Communication,"JavaScript,C++",Pune,OFFLINE,2026-12-24,N/A,Stipend ($1500 - $3000),0,https://summerofcode.withgoogle.com,https://summerofcode.withgoogle.com,2026-08-27,UPCOMING
1043,ISRO Fellowship Program - Season 53,HDFC Bank,Fellowships,"Detailed description for ISRO Fellowship Program - Season 53. Research fellowship for postgraduate students in aerospace, remote sensing, and computing. This provides a perfect match for students looking to excel in their career paths, build hands-on skills, and gain industry recognition.",Undergraduate,1,4,Electronics & Communication,"Python,Research Methodology,Academic Writing",Delhi,OFFLINE,2026-07-11,"Rs. 35,000 / month","Rs. 35,000 / month",0,https://isro.gov.in,https://isro.gov.in,2026-08-25,EXPIRED
1044,Kaggle ML Competition: Indian Housing - Season 53,IIT Bombay,Competitions,"Detailed description for Kaggle ML Competition: Indian Housing - Season 53. Solve machine learning regression challenges on public Indian dataset. This provides a perfect match for students looking to excel in their career paths, build hands-on skills, and gain industry recognition.",Postgraduate,2,3,All Branches,"Python,Machine Learning",Delhi,HYBRID,2026-08-10,"Prizes up to $10,000",N/A,0,https://kaggle.com,https://kaggle.com,2026-08-27,EXPIRED
1045,Microsoft Learn Student Ambassador 2026,NITI Aayog,Ambassador Programs,"Detailed description for Microsoft Learn Student Ambassador 2026. Host workshops and build technical communities in your local college. This provides a perfect match for students looking to excel in their career paths, build hands-on skills, and gain industry recognition.",Class 12,1,3,Electrical Engineering,Public Speaking,Bangalore,ONLINE,2026-11-21,N/A,N/A,0,https://mvp.microsoft.com,https://mvp.microsoft.com,2026-08-29,ACTIVE
1046,AWS Cloud Practitioner Certification Scholarship - Season 53,Reliance Foundation,Certifications,"Detailed description for AWS Cloud Practitioner Certification Scholarship - Season 53. Voucher scholarship providing 100% exam fee discount for students. This provides a perfect match for students looking to excel in their career paths, build hands-on skills, and gain industry recognition.",Undergraduate,1,5,Electrical Engineering,"Kubernetes,AWS",Mumbai,HYBRID,2026-11-19,N/A,N/A,0,https://aws.amazon.com,https://aws.amazon.com,2026-08-27,ACTIVE
1047,NITI Aayog Internship Scheme - Season 53,Udemy,Internships,"Detailed description for NITI Aayog Internship Scheme - Season 53. Work on public policy research and analysis under central government experts. This provides a perfect match for students looking to excel in their career paths, build hands-on skills, and gain industry recognition.",Diploma,1,3,Civil Engineering,Data Analytics,Pune,HYBRID,2026-09-29,N/A,N/A,0,https://niti.gov.in,https://niti.gov.in,2026-08-27,ACTIVE
1048,UNESCO Youth Volunteering Fellowship 2026,IIT Bombay,Volunteering,"Detailed description for UNESCO Youth Volunteering Fellowship 2026. Volunteer for community educational and digital literacy workshops. This provides a perfect match for students looking to excel in their career paths, build hands-on skills, and gain industry recognition.",Postgraduate,2,5,Mechanical Engineering,"Leadership,Social Work",Bangalore,ONLINE,2026-08-06,N/A,N/A,0,https://unesco.org,https://unesco.org,2026-08-27,EXPIRED
1049,Study Abroad in Germany: DAAD Scholarship - Season 53,GitHub,Study Abroad,"Detailed description for Study Abroad in Germany: DAAD Scholarship - Season 53. Postgraduate full-degree funding for engineering and science graduates. This provides a perfect match for students looking to excel in their career paths, build hands-on skills, and gain industry recognition.",Class 10,1,5,Mechanical Engineering,"Research Methodology,German Language",Kolkata,OFFLINE,2026-08-16,N/A,N/A,0,https://daad.de,https://daad.de,2026-08-27,EXPIRED
1050,Startup India Seed Fund Challenge - Season 53,Kaggle,Entrepreneurship,"Detailed description for Startup India Seed Fund Challenge - Season 53. Submit startup pitch to receive incubator grants and mentorship. This provides a perfect match for students looking to excel in their career paths, build hands-on skills, and gain industry recognition.",Class 10,2,5,Computer Science,"Business Strategy,Financial Accounting",Pune,OFFLINE,2026-10-05,Up to Rs. 20 Lakhs funding,Up to Rs. 20 Lakhs funding,0,https://startupindia.gov.in,https://startupindia.gov.in,2026-08-25,ACTIVE
